player_id,player_fullname,age,birth_date,birth_place,nationality,height_cm,weight_kg,player_photo,club,league,position,minutes,rating,shots,goals,assists,passes,key_passes,tackles,blocks,interceptions,duels,duels_won,dribbles_attempted,dribbles_success,fouls_drawn,fouls_committed,team_logo,league_logo,goals_p90,assists_p90
15870,Mads Hermansen,25.0,2000-07-11,Odense,Denmark,187,81,https://media.api-sports.io/football/players/15870.png,Leicester,Championship,Goalkeeper,360,6.300000,5.0,5.06,4.94,7.24,3.85,4.1,5.06,4.49,6.99,7.63,4.17,4.23,2.24,5.77,https://media.api-sports.io/football/teams/46.png,https://media.api-sports.io/football/leagues/40.png,0.0,0.0
287916,Rav van den Berg,21.0,2004-07-07,,Netherlands,190,75,https://media.api-sports.io/football/players/287916.png,Middlesbrough,Championship,Defender,161,6.750000,1.41,3.94,3.99,3.92,1.39,1.25,8.81,0.75,0.87,2.07,1.19,1.68,4.11,9.48,https://media.api-sports.io/football/teams/70.png,https://media.api-sports.io/football/leagues/40.png,0.0,0.0
25061,Armel Bella-Kotchap,24.0,2001-12-11,Paris,Germany,190,87,https://media.api-sports.io/football/players/25061.png,Southampton,Championship,Defender,65,6.450000,9.65,3.94,3.99,5.72,9.21,0.48,9.48,9.74,0.22,0.58,1.19,1.68,0.84,9.48,https://media.api-sports.io/football/teams/41.png,https://media.api-sports.io/football/leagues/40.png,0.0,0.0
284441,Abu Kamara,22.0,2003-07-21,,England,186,81,https://media.api-sports.io/football/players/284441.png,Hull City,Championship,Attacker,104,6.5,2.62,2.6,3.37,3.1,8.1,7.98,3.3,2.21,1.53,2.43,6.14,1.09,3.08,9.39,https://media.api-sports.io/football/teams/64.png,https://media.api-sports.io/football/leagues/40.png,0.0,0.0
336585,Mateus Gonçalo Espanha Fernandes,21.0,2004-07-10,Olhão,Portugal,178,72,https://media.api-sports.io/football/players/336585.png,Southampton,Championship,Midfielder,189,6.83,8.44,3.41,9.8,8.7,9.54,3.75,2.18,3.69,2.76,1.52,7.8,4.58,4.58,6.72,https://media.api-sports.io/football/teams/41.png,https://media.api-sports.io/football/leagues/40.png,0.0,0.47619047619047616
304317,Tyler-Jay Dibling,19.0,2006-03-12,Exeter,England,178,72,https://media.api-sports.io/football/players/304317.png,Southampton,Championship,Midfielder,8,6.5,0.92,3.41,3.3,9.58,0.84,0.48,2.18,10.0,9.98,9.71,9.9,10.0,0.76,0.04,https://media.api-sports.io/football/teams/41.png,https://media.api-sports.io/football/leagues/40.png,0.0,0.0
47521,Patrick John Joseph Roberts,28.0,1997-02-05,Kingston upon Thames,England,167,58,https://media.api-sports.io/football/players/47521.png,Birmingham,Championship,Midfielder,1442,7.02,7.41,7.9,8.95,4.18,9.44,4.43,2.18,2.38,5.79,6.04,8.97,8.85,7.82,7.7,https://media.api-sports.io/football/teams/54.png,https://media.api-sports.io/football/leagues/40.png,0.12482662968099861,0.24965325936199723
162236,Formose Mendy,24.0,2001-01-02,Dakar,Senegal,191,76,https://media.api-sports.io/football/players/162236.png,Watford,Championship,Defender,92,6.6,1.41,3.94,3.99,4.18,9.69,9.9,1.25,0.75,9.86,9.83,6.85,8.85,0.84,5.43,https://media.api-sports.io/football/teams/38.png,https://media.api-sports.io/football/leagues/40.png,0.0,0.0
283323,Leonardo Weschenfelder Scienza,27.0,1998-09-13,Venâncio Aires,Brazil,175,69,https://media.api-sports.io/football/players/283323.png,Southampton,Championship,Midfielder,1265,7.3,9.8,8.7,8.73,3.81,9.0,1.54,2.18,2.18,8.44,9.16,9.29,9.51,9.8,8.29,https://media.api-sports.io/football/teams/41.png,https://media.api-sports.io/football/leagues/40.png,0.21343873517786563,0.21343873517786563
19035,Harvey Daniel James Elliott,22.0,2003-04-04,Chertsey,England,170,64,https://media.api-sports.io/football/players/19035.png,Liverpool,Premier League,Midfielder,8,6.5,0.92,3.41,3.3,9.9,0.84,0.48,2.18,1.06,6.56,0.26,9.9,1.11,0.76,9.44,https://media.api-sports.io/football/teams/40.png,https://media.api-sports.io/football/leagues/39.png,0.0,0.0
6610,Marcos Nicolás Senesi Barón,28.0,1997-05-10,Concordia,Argentina,185,80,https://media.api-sports.io/football/players/6610.png,Bournemouth,Premier League,Defender,1220,7.19,3.29,3.94,9.54,8.97,8.27,5.29,8.75,8.94,6.92,6.11,2.48,3.63,6.11,5.94,https://media.api-sports.io/football/teams/35.png,https://media.api-sports.io/football/leagues/39.png,0.0,0.2213114754098361
18869,Adam James Smith,34.0,1991-04-29,London,England,180,78,https://media.api-sports.io/football/players/18869.png,Bournemouth,Premier League,Defender,396,6.51,1.41,3.94,3.99,1.18,4.28,1.97,1.25,2.16,2.21,1.25,1.19,1.68,5.02,4.28,https://media.api-sports.io/football/teams/35.png,https://media.api-sports.io/football/leagues/39.png,0.0,0.0
19245,Marcus Joseph Tavernier,26.0,1999-03-22,Leeds,England,178,70,https://media.api-sports.io/football/players/19245.png,Bournemouth,Premier League,Midfielder,1159,6.69,7.8,8.78,6.87,4.89,8.12,3.95,2.18,4.52,6.16,4.3,8.75,7.87,4.94,5.38,https://media.api-sports.io/football/teams/35.png,https://media.api-sports.io/football/leagues/39.png,0.2329594477998274,0.07765314926660916
20093,James Clayton Hill,23.0,2002-01-10,Bristol,England,184,73,https://media.api-sports.io/football/players/20093.png,Bournemouth,Premier League,Defender,310,6.7,7.76,3.94,3.99,2.96,1.39,4.06,1.25,9.59,6.35,8.1,1.19,1.68,6.03,2.62,https://media.api-sports.io/football/teams/35.png,https://media.api-sports.io/football/leagues/39.png,0.0,0.0
22136,Bafodé Diakité,24.0,2001-01-06,Toulouse,France,185,74,https://media.api-sports.io/football/players/22136.png,Bournemouth,Premier League,Defender,1035,6.68,2.93,3.94,3.99,7.69,4.66,4.23,3.61,4.35,4.52,4.54,2.93,1.68,3.33,8.15,https://media.api-sports.io/football/teams/35.png,https://media.api-sports.io/football/leagues/39.png,0.0,0.0
162267,Adrien Truffert,24.0,2001-11-20,Liège,France,176,72,https://media.api-sports.io/football/players/162267.png,Bournemouth,Premier League,Defender,1323,6.79,5.58,3.94,8.17,5.14,8.49,7.38,3.65,4.01,7.12,7.26,8.77,9.16,5.84,4.57,https://media.api-sports.io/football/teams/35.png,https://media.api-sports.io/football/leagues/39.png,0.0,0.06802721088435375
304853,Alex Jay Scott,22.0,2003-08-21,Guernsey,England,178,68,https://media.api-sports.io/football/players/304853.png,Bournemouth,Premier League,Midfielder,996,6.75,6.58,7.53,3.3,7.36,3.42,6.72,5.62,8.46,5.99,7.41,6.72,7.24,8.31,4.38,https://media.api-sports.io/football/teams/35.png,https://media.api-sports.io/football/leagues/39.png,0.09036144578313252,0.0
363333,Julio César Soler Barreto,20.0,2005-02-16,Asunción,Argentina,170,63,https://media.api-sports.io/football/players/363333.png,Bournemouth,Premier League,Defender,21,6.3,1.41,3.94,3.99,9.3,1.39,0.48,1.25,0.75,9.04,4.33,1.19,1.68,9.92,0.19,https://media.api-sports.io/football/teams/35.png,https://media.api-sports.io/football/leagues/39.png,0.0,0.0
368030,Eli Junior Kroupi,19.0,2006-06-23,Lorient,France,179,70,https://media.api-sports.io/football/players/368030.png,Bournemouth,Premier League,Attacker,418,6.88,8.52,9.63,3.37,4.93,4.59,4.97,3.3,5.15,0.75,1.22,2.24,4.35,2.62,6.65,https://media.api-sports.io/football/teams/35.png,https://media.api-sports.io/football/leagues/39.png,0.8612440191387559,0.0
402432,Ben Winterburn,21.0,2004-09-04,,England,185,75,https://media.api-sports.io/football/players/402432.png,Bournemouth,Premier League,Midfielder,13,6.2,0.92,3.41,3.3,0.2,0.84,0.48,2.18,1.06,1.59,0.26,0.53,1.11,0.76,9.44,https://media.api-sports.io/football/teams/35.png,https://media.api-sports.io/football/leagues/39.png,0.0,0.0
36878,Marco Bizot,34.0,1991-03-10,Hoorn,Netherlands,193,88,https://media.api-sports.io/football/players/36878.png,Aston Villa,Premier League,Goalkeeper,360,6.18,5.0,5.06,4.94,7.95,3.85,4.1,5.06,4.49,6.99,5.32,4.17,4.23,7.63,0.38,https://media.api-sports.io/football/teams/66.png,https://media.api-sports.io/football/leagues/39.png,0.0,0.0
284457,Lamare Trenton Chansey Bogarde,21.0,2004-01-05,,Netherlands,183,76,https://media.api-sports.io/football/players/284457.png,Aston Villa,Premier League,Defender,352,6.7,1.41,3.94,3.99,5.77,6.39,4.53,7.12,1.61,7.96,6.88,8.17,7.36,9.7,1.61,https://media.api-sports.io/football/teams/66.png,https://media.api-sports.io/football/leagues/39.png,0.0,0.0
18778,Harvey Lewis Barnes,28.0,1997-12-09,Burnley,England,174,66,https://media.api-sports.io/football/players/18778.png,Newcastle,Premier League,Attacker,728,6.84,6.26,7.59,3.37,5.54,6.29,2.62,3.3,4.49,0.65,0.85,6.14,4.73,3.08,7.96,https://media.api-sports.io/football/teams/34.png,https://media.api-sports.io/football/leagues/39.png,0.3708791208791209,0.0
19163,Jacob Kai Murphy,30.0,1995-02-24,London,England,179,74,https://media.api-sports.io/football/players/19163.png,Newcastle,Premier League,Midfielder,766,6.89,9.76,8.83,7.65,1.61,8.0,1.49,4.87,2.13,1.61,2.08,8.07,8.73,3.01,8.88,https://media.api-sports.io/football/teams/34.png,https://media.api-sports.io/football/leagues/39.png,0.2349869451697128,0.1174934725848564
38734,Sven Adriaan Botman,25.0,2000-01-12,Badhoevedorp,Netherlands,193,81,https://media.api-sports.io/football/players/38734.png,Newcastle,Premier League,Defender,658,6.78,4.59,3.94,3.99,7.81,6.61,1.63,8.7,4.06,2.81,3.15,2.79,4.13,2.36,6.39,https://media.api-sports.io/football/teams/34.png,https://media.api-sports.io/football/leagues/39.png,0.0,0.0
315237,William Idamudia Daugaard Osula,22.0,2003-08-04,Aarhus,Denmark,180,81,https://media.api-sports.io/football/players/315237.png,Newcastle,Premier League,Attacker,236,6.53,5.26,7.69,3.37,0.48,2.72,2.65,9.25,2.21,6.12,2.86,4.61,6.67,1.94,0.37,https://media.api-sports.io/football/teams/34.png,https://media.api-sports.io/football/leagues/39.png,0.3813559322033898,0.0
328105,Lewis Miley,19.0,2006-05-01,Stanley,England,185,72,https://media.api-sports.io/football/players/328105.png,Newcastle,Premier League,Midfielder,579,6.84,3.86,8.24,9.34,7.53,6.97,2.91,5.31,7.87,1.05,3.99,1.93,4.5,1.83,8.83,https://media.api-sports.io/football/teams/34.png,https://media.api-sports.io/football/leagues/39.png,0.15544041450777202,0.31088082901554404
18963,Lewis Carl Dunk,34.0,1991-11-21,Brighton,England,192,88,https://media.api-sports.io/football/players/18963.png,Brighton,Premier League,Defender,1395,6.79,6.15,3.94,3.99,9.81,3.17,2.14,6.75,4.18,1.61,2.09,3.08,4.64,2.31,8.61,https://media.api-sports.io/football/teams/51.png,https://media.api-sports.io/football/leagues/39.png,0.0,0.0
22160,Olivier Maxime Boscagli,28.0,1997-11-18,Monaco,France,181,68,https://media.api-sports.io/football/players/22160.png,Brighton,Premier League,Defender,60,6.6,1.41,3.94,3.99,9.95,1.39,8.97,1.25,9.8,5.96,5.02,1.19,1.68,0.84,0.43,https://media.api-sports.io/football/teams/51.png,https://media.api-sports.io/football/leagues/39.png,0.0,0.0
90590,Georginio Rutter,23.0,2002-04-20,Vannes,France,182,83,https://media.api-sports.io/football/players/90590.png,Brighton,Premier League,Attacker,1001,6.72,4.42,5.27,7.89,5.1,6.73,6.22,6.94,6.22,5.36,5.48,6.94,7.99,6.6,4.32,https://media.api-sports.io/football/teams/51.png,https://media.api-sports.io/football/leagues/39.png,0.0899100899100899,0.1798201798201798
328225,Brajan Gruda,21.0,2004-05-31,,Germany,178,70,https://media.api-sports.io/football/players/328225.png,Brighton,Premier League,Midfielder,411,6.62,9.32,8.73,8.78,1.17,8.02,6.92,2.18,1.06,8.51,7.35,9.58,9.05,6.97,5.84,https://media.api-sports.io/football/teams/51.png,https://media.api-sports.io/football/leagues/39.png,0.21897810218978103,0.21897810218978103
356041,Carlos Noom Quomah Baleba,21.0,2004-01-03,Douala,Cameroon,179,73,https://media.api-sports.io/football/players/356041.png,Brighton,Premier League,Midfielder,911,6.49,5.33,3.41,3.3,4.84,2.2,5.09,5.92,8.83,5.77,5.35,4.47,5.87,4.74,1.93,https://media.api-sports.io/football/teams/51.png,https://media.api-sports.io/football/leagues/39.png,0.0,0.0
131,Jorge Cuenca Barreno,26.0,1999-11-17,Madrid,Spain,190,75,https://media.api-sports.io/football/players/131.png,Fulham,Premier League,Defender,178,6.63,1.41,3.94,3.99,4.95,1.39,2.44,8.4,9.69,0.55,1.13,5.22,7.32,0.84,9.48,https://media.api-sports.io/football/teams/36.png,https://media.api-sports.io/football/leagues/39.png,0.0,0.0
1161,Emile Smith Rowe,25.0,2000-07-28,Croydon,England,182,79,https://media.api-sports.io/football/players/1161.png,Fulham,Premier League,Midfielder,511,6.76,9.0,9.66,3.3,7.97,4.43,2.32,5.6,6.23,0.78,0.86,6.21,4.84,2.69,8.73,https://media.api-sports.io/football/teams/36.png,https://media.api-sports.io/football/leagues/39.png,0.5283757338551859,0.0
18814,Issa Laye Lucas Jean Diop,28.0,1997-01-09,Toulouse,France,194,92,https://media.api-sports.io/football/players/18814.png,Fulham,Premier League,Defender,224,6.33,1.41,3.94,3.99,5.24,1.39,4.93,1.25,3.86,2.31,1.72,1.19,1.68,0.84,2.12,https://media.api-sports.io/football/teams/36.png,https://media.api-sports.io/football/leagues/39.png,0.0,0.0
19025,Thomas Cairney,34.0,1991-01-20,Nottingham,Scotland,185,84,https://media.api-sports.io/football/players/19025.png,Fulham,Premier League,Midfielder,231,6.59,8.63,3.41,3.3,8.9,4.69,1.1,7.9,1.06,2.35,1.88,2.95,1.11,8.17,5.31,https://media.api-sports.io/football/teams/36.png,https://media.api-sports.io/football/leagues/39.png,0.0,0.0
19480,Harrison James Reed,30.0,1995-01-27,Worthing,England,181,72,https://media.api-sports.io/football/players/19480.png,Fulham,Premier League,Midfielder,8,6.7,0.92,3.41,3.3,0.28,0.84,0.48,2.18,1.06,6.56,0.26,0.53,1.11,0.76,9.44,https://media.api-sports.io/football/teams/36.png,https://media.api-sports.io/football/leagues/39.png,0.0,0.0
195106,Rodrigo Muniz Carvalho,24.0,2001-05-04,São Domingos do Prata,Brazil,178,67,https://media.api-sports.io/football/players/195106.png,Fulham,Premier League,Attacker,353,6.51,7.41,6.56,8.54,0.41,5.34,4.69,3.3,2.21,8.44,8.44,4.93,4.86,5.82,2.21,https://media.api-sports.io/football/teams/36.png,https://media.api-sports.io/football/leagues/39.png,0.254957507082153,0.254957507082153
389315,Joshua King,18.0,2007-01-03,,England,187,74,https://media.api-sports.io/football/players/389315.png,Fulham,Premier League,Midfielder,841,6.49,7.56,3.41,7.41,0.88,5.13,5.35,6.09,2.3,4.13,5.28,6.87,7.14,7.85,8.0,https://media.api-sports.io/football/teams/36.png,https://media.api-sports.io/football/leagues/39.png,0.0,0.1070154577883472
19305,Ryan James Yates,28.0,1997-11-21,Nottingham,England,190,87,https://media.api-sports.io/football/players/19305.png,Nottingham Forest,Premier League,Midfielder,318,6.73,2.52,3.41,9.24,6.26,2.15,6.01,6.85,7.48,7.31,8.66,1.34,3.11,8.26,3.08,https://media.api-sports.io/football/teams/65.png,https://media.api-sports.io/football/leagues/39.png,0.0,0.2830188679245283
67943,Felipe Rodrigues da Silva,24.0,2001-06-30,Francisco Morato,Brazil,192,88,https://media.api-sports.io/football/players/67943.png,Nottingham Forest,Premier League,Defender,716,6.87,3.17,3.94,3.99,8.51,1.39,7.64,7.07,2.45,2.88,5.1,4.3,6.32,4.54,4.3,https://media.api-sports.io/football/teams/65.png,https://media.api-sports.io/football/leagues/39.png,0.0,0.0
141901,João Pedro Ferreira Silva,26.0,1999-08-01,Melres,Portugal,179,77,https://media.api-sports.io/football/players/141901.png,Nottingham Forest,Premier League,Attacker,11,6.7,0.8,2.6,3.37,2.41,1.12,9.97,3.3,2.21,9.86,9.97,0.65,1.09,9.97,9.39,https://media.api-sports.io/football/teams/65.png,https://media.api-sports.io/football/leagues/39.png,0.0,0.0
329357,Zach Abbott,19.0,2006-05-13,,England,180,70,https://media.api-sports.io/football/players/329357.png,Nottingham Forest,Premier League,Defender,45,6.7,1.41,3.94,3.99,3.89,1.39,6.59,1.25,0.75,8.74,9.87,1.19,1.68,9.35,9.48,https://media.api-sports.io/football/teams/65.png,https://media.api-sports.io/football/leagues/39.png,0.0,0.0
362711,Jair Paula da Cunha Filho,20.0,2005-03-07,Orlândia,Brazil,198,87,https://media.api-sports.io/football/players/362711.png,Nottingham Forest,Premier League,Defender,90,6.7,1.41,3.94,3.99,5.94,1.39,6.59,8.29,9.33,0.49,3.57,6.94,8.89,0.84,9.48,https://media.api-sports.io/football/teams/65.png,https://media.api-sports.io/football/leagues/39.png,0.0,0.0
36922,Sepp van den Berg,24.0,2001-12-20,Zwolle,Netherlands,189,74,https://media.api-sports.io/football/players/36922.png,Brentford,Premier League,Defender,1440,6.61,6.66,3.94,3.99,4.88,3.11,1.39,5.81,3.62,3.61,5.64,1.19,1.68,1.73,8.39,https://media.api-sports.io/football/teams/55.png,https://media.api-sports.io/football/leagues/39.png,0.0,0.0
106725,Keane William Lewis-Potter,24.0,2001-02-22,Hull,England,170,67,https://media.api-sports.io/football/players/106725.png,Brentford,Premier League,Midfielder,570,6.5,6.81,3.41,8.17,0.68,4.78,3.72,2.18,2.86,1.76,2.52,3.59,3.51,6.75,7.56,https://media.api-sports.io/football/teams/55.png,https://media.api-sports.io/football/leagues/39.png,0.0,0.15789473684210525
153066,Fábio Leandro Freitas Gouveia de Carvalho,23.0,2002-08-30,,Portugal,170,62,https://media.api-sports.io/football/players/153066.png,Brentford,Premier League,Midfielder,128,6.72,8.37,9.83,3.3,0.44,0.84,6.53,2.18,1.06,2.25,2.58,7.18,5.93,0.76,9.44,https://media.api-sports.io/football/teams/55.png,https://media.api-sports.io/football/leagues/39.png,0.703125,0.0
196156,Igor Thiago Nascimento Rodrigues,24.0,2001-06-26,Gama,Brazil,191,85,https://media.api-sports.io/football/players/196156.png,Brentford,Premier League,Attacker,1313,7.06,7.28,9.42,3.37,2.28,3.03,5.92,6.63,4.59,6.39,6.05,3.5,4.8,2.55,3.64,https://media.api-sports.io/football/teams/55.png,https://media.api-sports.io/football/leagues/39.png,0.7539984767707539,0.0
319517,Antoni-Djibu Milambo,20.0,2005-04-03,Rotterdam,Netherlands,179,68,https://media.api-sports.io/football/players/319517.png,Brentford,Premier League,Midfielder,45,6.6,0.92,3.41,3.3,0.98,0.84,9.74,2.18,1.06,7.36,9.55,0.53,1.11,0.76,9.44,https://media.api-sports.io/football/teams/55.png,https://media.api-sports.io/football/leagues/39.png,0.0,0.0
342022,Michael Olabode Kayode,21.0,2004-07-10,Borgomanero,Italy,179,74,https://media.api-sports.io/football/players/342022.png,Brentford,Premier League,Defender,1391,6.87,3.73,3.94,3.99,1.44,8.89,7.84,4.52,6.2,6.8,8.17,9.5,9.66,7.36,7.12,https://media.api-sports.io/football/teams/55.png,https://media.api-sports.io/football/leagues/39.png,0.0,0.0
20638,Enzo Jérémy Le Fée,25.0,2000-02-03,Lorient,France,170,63,https://media.api-sports.io/football/players/20638.png,Sunderland,Premier League,Midfielder,1138,6.65,5.0,8.26,8.92,3.67,7.11,7.73,8.29,4.18,6.36,4.55,5.99,3.55,5.48,5.7,https://media.api-sports.io/football/teams/746.png,https://media.api-sports.io/football/leagues/39.png,0.15817223198594024,0.23725834797891038
47521,Patrick John Joseph Roberts,28.0,1997-02-05,Kingston upon Thames,England,167,58,https://media.api-sports.io/football/players/47521.png,Sunderland,Premier League,Midfielder,27,6.5,0.92,3.41,3.3,9.56,0.84,0.48,2.18,1.06,1.37,2.25,8.7,9.78,0.76,9.44,https://media.api-sports.io/football/teams/746.png,https://media.api-sports.io/football/leagues/39.png,0.0,0.0
84087,Wilson Isidor,25.0,2000-08-27,Rennes,France,186,79,https://media.api-sports.io/football/players/84087.png,Sunderland,Premier League,Attacker,915,6.64,7.52,7.82,3.37,0.34,1.12,4.32,7.06,2.21,3.98,2.01,4.39,3.57,1.97,7.07,https://media.api-sports.io/football/teams/746.png,https://media.api-sports.io/football/leagues/39.png,0.39344262295081966,0.0
194536,Robin Roefs,22.0,2003-01-17,Heeswijk,Netherlands,193,72,https://media.api-sports.io/football/players/194536.png,Sunderland,Premier League,Goalkeeper,1448,7.25,5.0,5.06,4.94,8.72,9.74,4.1,5.06,4.49,8.97,9.62,4.17,4.23,9.62,5.77,https://media.api-sports.io/football/teams/746.png,https://media.api-sports.io/football/leagues/39.png,0.0,0.0
290545,Jenson Seelt,22.0,2003-05-23,Ede,Netherlands,192,84,https://media.api-sports.io/football/players/290545.png,Sunderland,Premier League,Defender,134,6.95,1.41,3.94,3.99,9.52,1.39,8.49,6.48,0.75,6.49,8.73,1.19,1.68,4.94,7.37,https://media.api-sports.io/football/teams/746.png,https://media.api-sports.io/football/leagues/39.png,0.0,0.0
327631,Mouhamadou Habib Diarra,21.0,2004-01-03,Guédiawaye,France,179,74,https://media.api-sports.io/football/players/327631.png,Sunderland,Premier League,Midfielder,347,6.6,8.61,3.41,3.3,2.89,2.03,0.95,2.18,2.47,0.51,0.54,4.79,2.96,1.64,6.19,https://media.api-sports.io/football/teams/746.png,https://media.api-sports.io/football/leagues/39.png,0.0,0.0
339201,Christopher Rigg,18.0,2007-06-18,Hebburn,England,177,65,https://media.api-sports.io/football/players/339201.png,Sunderland,Premier League,Midfielder,189,6.65,6.85,3.41,3.3,0.61,5.67,5.67,8.31,1.06,2.1,3.11,5.33,4.58,4.58,6.72,https://media.api-sports.io/football/teams/746.png,https://media.api-sports.io/football/leagues/39.png,0.0,0.0
349799,Eliezer Mayenda Dossou,20.0,2005-05-08,Zaragoza,Spain,180,75,https://media.api-sports.io/football/players/349799.png,Sunderland,Premier League,Attacker,273,6.6,2.96,7.31,3.37,0.24,3.64,2.55,9.12,2.21,6.22,3.33,5.53,5.99,3.64,7.02,https://media.api-sports.io/football/teams/746.png,https://media.api-sports.io/football/leagues/39.png,0.32967032967032966,0.0
171,Kyle Leonardus Walker-Peters,28.0,1997-04-13,London,England,173,62,https://media.api-sports.io/football/players/171.png,West Ham,Premier League,Defender,519,6.63,8.34,9.19,3.99,3.08,6.47,5.49,4.11,0.75,6.68,7.33,7.84,9.21,8.68,6.11,https://media.api-sports.io/football/teams/48.png,https://media.api-sports.io/football/leagues/39.png,0.17341040462427745,0.0
15870,Mads Hermansen,25.0,2000-07-11,Odense,Denmark,187,81,https://media.api-sports.io/football/players/15870.png,West Ham,Premier League,Goalkeeper,360,6.28,5.0,5.06,4.94,7.24,3.85,4.1,5.06,4.49,6.99,7.63,4.17,4.23,2.24,5.77,https://media.api-sports.io/football/teams/48.png,https://media.api-sports.io/football/leagues/39.png,0.0,0.0
18744,Maximilian William Kilman,28.0,1997-05-23,London,England,194,89,https://media.api-sports.io/football/players/18744.png,West Ham,Premier League,Defender,1179,6.71,4.18,3.94,3.99,3.77,4.3,2.0,9.06,2.19,3.29,3.73,4.33,5.75,1.68,5.31,https://media.api-sports.io/football/teams/48.png,https://media.api-sports.io/football/leagues/39.png,0.0,0.0
68466,Andrew Irving,25.0,2000-05-13,Edinburgh,Scotland,190,66,https://media.api-sports.io/football/players/68466.png,West Ham,Premier League,Midfielder,163,6.6,0.92,3.41,3.3,8.24,8.36,8.95,8.75,4.16,2.98,2.14,2.27,1.11,0.76,8.41,https://media.api-sports.io/football/teams/48.png,https://media.api-sports.io/football/leagues/39.png,0.0,0.0
284446,Freddie Potts,22.0,2003-09-12,London,England,183,,https://media.api-sports.io/football/players/284446.png,West Ham,Premier League,Midfielder,658,6.8,0.92,3.41,7.9,6.75,5.75,7.21,2.18,5.75,3.94,6.53,2.22,1.11,6.6,6.63,https://media.api-sports.io/football/teams/48.png,https://media.api-sports.io/football/leagues/39.png,0.0,0.13677811550151975
327730,Oliver Scarles,20.0,2005-12-12,Bromley,England,182,75,https://media.api-sports.io/football/players/327730.png,West Ham,Premier League,Defender,70,6.35,1.41,3.94,3.99,0.43,1.39,3.53,1.25,0.75,8.46,6.38,9.38,1.68,9.74,9.48,https://media.api-sports.io/football/teams/48.png,https://media.api-sports.io/football/leagues/39.png,0.0,0.0
392270,Marc Guiu Paz,19.0,2006-01-04,Granollers,Spain,187,82,https://media.api-sports.io/football/players/392270.png,Sunderland,Premier League,Attacker,23,6.25,9.66,2.6,3.37,3.88,1.12,1.05,3.3,2.21,8.93,3.11,0.65,1.09,0.83,9.39,https://media.api-sports.io/football/teams/746.png,https://media.api-sports.io/football/leagues/39.png,0.0,0.0
409303,El Hadji Malick Diouf,21.0,2004-12-28,Ziguinchor,Senegal,183,,https://media.api-sports.io/football/players/409303.png,West Ham,Premier League,Midfielder,1388,6.53,4.6,3.41,8.56,3.4,3.3,2.86,7.87,7.19,3.08,3.35,5.77,5.99,3.91,6.55,https://media.api-sports.io/football/teams/48.png,https://media.api-sports.io/football/leagues/39.png,0.0,0.19452449567723346
270510,Mathys Henri Tel,20.0,2005-04-27,Sarcelles,France,183,77,https://media.api-sports.io/football/players/270510.png,Tottenham,Premier League,Attacker,299,6.71,5.2,9.12,3.37,2.76,1.12,7.38,3.3,2.21,4.46,3.11,3.71,4.22,2.52,5.99,https://media.api-sports.io/football/teams/47.png,https://media.api-sports.io/football/leagues/39.png,0.6020066889632107,0.0
328089,Archie James Francis Gray,19.0,2006-03-12,Durham,England,187,70,https://media.api-sports.io/football/players/328089.png,Tottenham,Premier League,Midfielder,294,6.46,4.87,3.41,3.3,6.23,2.22,1.83,2.18,6.53,1.1,0.61,2.49,3.33,0.76,1.81,https://media.api-sports.io/football/teams/47.png,https://media.api-sports.io/football/leagues/39.png,0.0,0.0
336564,Wilson Serge Eric Odobert,21.0,2004-11-28,Meaux,France,182,76,https://media.api-sports.io/football/players/336564.png,Tottenham,Premier League,Attacker,504,6.55,3.98,2.6,7.86,7.41,6.36,4.52,3.3,4.97,1.73,3.23,8.61,9.01,1.87,8.78,https://media.api-sports.io/football/teams/47.png,https://media.api-sports.io/football/leagues/39.png,0.0,0.17857142857142855
1746,Joseph Adrian Worrall,28.0,1997-01-10,Nottingham,England,193,64,https://media.api-sports.io/football/players/1746.png,Burnley,Premier League,Defender,84,6.73,1.41,3.94,3.99,0.14,1.39,7.26,1.25,5.67,2.31,6.83,1.19,1.68,7.22,4.68,https://media.api-sports.io/football/teams/44.png,https://media.api-sports.io/football/leagues/39.png,0.0,0.0
20303,Joshua Ishaele Jacob-Heron Hunt-Laurent,30.0,1995-05-06,London,England,188,70,https://media.api-sports.io/football/players/20303.png,Burnley,Premier League,Midfielder,613,6.29,4.65,3.41,3.3,2.59,2.18,2.25,8.92,9.68,1.64,0.98,1.86,1.11,1.76,4.62,https://media.api-sports.io/football/teams/44.png,https://media.api-sports.io/football/leagues/39.png,0.0,0.0
36927,Zian Flemming,27.0,1998-08-01,Amsterdam,Netherlands,185,84,https://media.api-sports.io/football/players/36927.png,Burnley,Premier League,Midfielder,624,6.82,9.41,9.88,3.3,0.39,2.81,1.32,6.94,1.06,8.8,7.78,2.81,3.19,7.56,3.5,https://media.api-sports.io/football/teams/44.png,https://media.api-sports.io/football/leagues/39.png,0.721153846153846,0.0
37882,Marcus Edwards,27.0,1998-12-03,London,England,168,65,https://media.api-sports.io/football/players/37882.png,Burnley,Premier League,Attacker,87,6.62,7.55,2.6,3.37,9.12,9.69,5.78,3.3,2.21,4.22,1.89,5.0,1.09,3.78,6.77,https://media.api-sports.io/football/teams/44.png,https://media.api-sports.io/football/leagues/39.png,0.0,0.0
161621,Loum Tchaouna,22.0,2003-09-08,N'Djamena,France,180,68,https://media.api-sports.io/football/players/161621.png,Burnley,Premier League,Attacker,637,6.62,2.24,5.61,3.37,5.2,2.55,8.13,7.52,5.61,3.88,5.1,4.49,3.16,4.69,8.16,https://media.api-sports.io/football/teams/44.png,https://media.api-sports.io/football/leagues/39.png,0.141287284144427,0.0
179400,Maxime Estève,23.0,2002-05-26,Montpellier,France,193,87,https://media.api-sports.io/football/players/179400.png,Burnley,Premier League,Defender,1432,6.59,6.03,3.94,3.99,4.66,5.53,2.38,7.45,8.17,2.07,3.87,2.38,3.39,4.18,8.63,https://media.api-sports.io/football/teams/44.png,https://media.api-sports.io/football/leagues/39.png,0.0,0.0
196855,Jaidon Kya Denley Anthony,26.0,1999-12-01,London,England,183,,https://media.api-sports.io/football/players/196855.png,Burnley,Premier League,Midfielder,1064,6.65,6.92,9.41,7.09,1.71,6.75,3.81,6.6,4.89,5.84,3.67,7.36,5.75,6.55,6.31,https://media.api-sports.io/football/teams/44.png,https://media.api-sports.io/football/leagues/39.png,0.3383458646616541,0.08458646616541353
270508,Lesley Chimuanya Ugochukwu,21.0,2004-03-26,Rennes,France,190,72,https://media.api-sports.io/football/players/270508.png,Burnley,Premier League,Midfielder,887,6.85,6.6,9.34,3.3,2.42,3.15,6.28,8.51,5.67,6.33,7.02,3.91,4.08,8.63,5.04,https://media.api-sports.io/football/teams/44.png,https://media.api-sports.io/football/leagues/39.png,0.30439684329199546,0.0
330238,Lucas Pires Silva,24.0,2001-03-24,São Paulo,Brazil,175,71,https://media.api-sports.io/football/players/330238.png,Burnley,Premier League,Defender,52,5.75,1.41,3.94,3.99,3.99,9.56,5.43,1.25,0.75,1.01,2.26,8.5,9.63,0.84,1.77,https://media.api-sports.io/football/teams/44.png,https://media.api-sports.io/football/leagues/39.png,0.0,0.0
285,Ki-Jana Delano Hoever,23.0,2002-01-18,Amsterdam,Netherlands,183,65,https://media.api-sports.io/football/players/285.png,Wolves,Premier League,Midfielder,347,6.51,2.42,3.41,3.3,3.91,6.16,7.7,6.63,8.12,4.33,7.09,6.38,7.46,2.67,8.48,https://media.api-sports.io/football/teams/39.png,https://media.api-sports.io/football/leagues/39.png,0.0,0.0
135068,Emmanuel Elysee Djedje Agbadou Badobre,28.0,1997-06-17,Abidjan,Côte d'Ivoire,192,80,https://media.api-sports.io/football/players/135068.png,Wolves,Premier League,Defender,1011,6.82,7.5,3.94,3.99,7.6,4.69,8.08,9.11,5.65,5.1,6.8,4.78,6.2,3.39,5.87,https://media.api-sports.io/football/teams/39.png,https://media.api-sports.io/football/leagues/39.png,0.0,0.0
280687,Hugo Bueno López,23.0,2002-09-18,Vigo,Spain,180,73,https://media.api-sports.io/football/players/280687.png,Wolves,Premier League,Defender,835,6.48,5.46,3.94,3.99,1.88,9.38,8.99,2.64,8.75,8.41,7.4,9.54,9.4,2.62,6.15,https://media.api-sports.io/football/teams/39.png,https://media.api-sports.io/football/leagues/39.png,0.0,0.0
282770,Rodrigo Martins Gomes,22.0,2003-07-07,Vila Verde,Portugal,175,67,https://media.api-sports.io/football/players/282770.png,Wolves,Premier League,Defender,332,6.85,9.88,9.66,3.99,0.99,6.56,6.2,1.25,3.97,5.6,3.82,8.73,7.5,3.93,6.47,https://media.api-sports.io/football/teams/39.png,https://media.api-sports.io/football/leagues/39.png,0.27108433734939763,0.0
391822,Fernando López González,21.0,2004-05-24,Madrid,Spain,188,76,https://media.api-sports.io/football/players/391822.png,Wolves,Premier League,Attacker,162,6.54,3.4,2.6,9.66,9.59,7.81,3.71,3.3,2.21,5.71,2.99,8.13,8.11,4.06,1.56,https://media.api-sports.io/football/teams/39.png,https://media.api-sports.io/football/leagues/39.png,0.0,0.5555555555555556
161933,Nicolás González Iglesias,23.0,2002-01-03,A Coruña,Spain,189,88,https://media.api-sports.io/football/players/161933.png,Manchester City,Premier League,Midfielder,1070,7.05,2.03,7.43,3.3,9.71,3.13,6.87,8.46,6.6,7.21,7.97,5.11,6.97,6.23,2.49,https://media.api-sports.io/football/teams/50.png,https://media.api-sports.io/football/leagues/39.png,0.08411214953271029,0.0
162489,James Harrington Trafford,23.0,2002-10-10,Carlisle,England,197,83,https://media.api-sports.io/football/players/162489.png,Manchester City,Premier League,Goalkeeper,270,7.33,5.0,5.06,4.94,7.69,3.85,9.87,5.06,4.49,10.0,10.0,10.0,10.0,8.78,5.77,https://media.api-sports.io/football/teams/50.png,https://media.api-sports.io/football/leagues/39.png,0.0,0.0
19720,Trevoh Thomas Chalobah,26.0,1999-07-05,Freetown,England,190,75,https://media.api-sports.io/football/players/19720.png,Chelsea,Premier League,Defender,1292,7.18,8.37,9.42,3.99,9.59,3.97,4.9,4.13,4.81,4.81,6.25,5.12,6.13,6.25,6.68,https://media.api-sports.io/football/teams/49.png,https://media.api-sports.io/football/leagues/39.png,0.2089783281733746,0.0
161948,Liam Rory Delap,22.0,2003-02-08,Winchester,England,186,72,https://media.api-sports.io/football/players/161948.png,Chelsea,Premier League,Attacker,352,6.45,7.47,2.6,3.37,1.12,1.12,1.05,3.3,2.21,5.31,5.61,2.55,4.9,8.3,4.83,https://media.api-sports.io/football/teams/49.png,https://media.api-sports.io/football/leagues/39.png,0.0,0.0
286616,Filip Jörgensen,23.0,2002-04-16,Lomma,Denmark,192,85,https://media.api-sports.io/football/players/286616.png,Chelsea,Premier League,Goalkeeper,84,6.9,5.0,5.06,4.94,8.21,3.85,4.1,5.06,10.0,8.72,9.49,4.17,4.23,2.24,5.77,https://media.api-sports.io/football/teams/49.png,https://media.api-sports.io/football/leagues/39.png,0.0,0.0
286894,Jamie Jermaine Bynoe-Gittens,21.0,2004-08-08,London,England,175,70,https://media.api-sports.io/football/players/286894.png,Chelsea,Premier League,Midfielder,431,6.61,6.23,3.41,9.71,2.0,8.88,3.86,6.04,3.42,4.57,6.38,8.78,9.32,6.16,4.96,https://media.api-sports.io/football/teams/49.png,https://media.api-sports.io/football/leagues/39.png,0.0,0.4176334106728538
366735,Joshua Kofi Acheampong,19.0,2006-05-05,London,England,184,75,https://media.api-sports.io/football/players/366735.png,Chelsea,Premier League,Defender,351,6.92,7.34,9.58,3.99,9.62,1.39,1.2,5.38,9.04,4.98,8.2,9.04,9.83,7.96,8.85,https://media.api-sports.io/football/teams/49.png,https://media.api-sports.io/football/leagues/39.png,0.25641025641025644,0.0
18806,William James Hughes,30.0,1995-04-17,Surrey,England,185,74,https://media.api-sports.io/football/players/18806.png,Crystal Palace,Premier League,Midfielder,508,6.72,3.06,3.41,3.3,4.21,6.94,2.37,9.33,5.04,1.78,2.27,3.37,4.87,5.31,4.13,https://media.api-sports.io/football/teams/52.png,https://media.api-sports.io/football/leagues/39.png,0.0,0.0
20995,Maxence Guy Lacroix,25.0,2000-04-06,Villeneuve-Saint-Georges,France,190,88,https://media.api-sports.io/football/players/20995.png,Crystal Palace,Premier League,Defender,1440,6.91,5.2,3.94,9.01,4.69,3.65,7.19,4.93,6.42,5.84,7.24,3.88,3.91,4.52,7.18,https://media.api-sports.io/football/teams/52.png,https://media.api-sports.io/football/leagues/39.png,0.0,0.125
182201,Tyrick Kwon Mitchell,26.0,1999-09-01,London,England,175,68,https://media.api-sports.io/football/players/182201.png,Crystal Palace,Premier League,Midfielder,1434,6.82,2.62,6.87,3.3,3.08,4.25,8.7,6.5,6.87,3.62,4.94,4.67,3.42,3.79,8.09,https://media.api-sports.io/football/teams/52.png,https://media.api-sports.io/football/leagues/39.png,0.06276150627615062,0.0
334037,Tyrique Aaron Delali Yusuff George,19.0,2006-02-04,London,England,181,75,https://media.api-sports.io/football/players/334037.png,Chelsea,Premier League,Attacker,151,6.6,6.43,2.6,3.37,1.29,1.12,6.29,3.3,2.21,2.72,1.7,4.42,4.17,2.48,0.85,https://media.api-sports.io/football/teams/49.png,https://media.api-sports.io/football/leagues/39.png,0.0,0.0
402640,Romain Joy Kouakou Esse,20.0,2005-05-13,Lambeth,England,175,67,https://media.api-sports.io/football/players/402640.png,Crystal Palace,Premier League,Midfielder,25,6.9,0.92,3.41,3.3,1.66,0.84,9.8,2.18,1.06,9.83,9.95,8.88,9.8,9.93,0.51,https://media.api-sports.io/football/teams/52.png,https://media.api-sports.io/football/leagues/39.png,0.0,0.0
1135,Odsonne Édouard,27.0,1998-01-16,Kourou,France,187,83,https://media.api-sports.io/football/players/1135.png,Crystal Palace,Premier League,Attacker,8,6.7,0.8,2.6,3.37,0.1,1.12,9.93,3.3,2.21,10.0,9.93,0.65,1.09,10.0,9.39,https://media.api-sports.io/football/teams/52.png,https://media.api-sports.io/football/leagues/39.png,0.0,0.0
157997,Amad Diallo Traoré,23.0,2002-07-11,Abidjan,Côte d'Ivoire,173,72,https://media.api-sports.io/football/players/157997.png,Manchester United,Premier League,Attacker,1115,7.01,4.18,5.24,7.69,9.15,8.95,7.59,6.77,7.69,3.61,6.22,6.77,7.82,6.53,7.79,https://media.api-sports.io/football/teams/33.png,https://media.api-sports.io/football/leagues/39.png,0.08071748878923767,0.16143497757847533
342970,Leny Yoro,20.0,2005-11-13,Saint-Maurice,France,190,83,https://media.api-sports.io/football/players/342970.png,Manchester United,Premier League,Defender,862,6.57,3.89,3.94,3.99,7.43,5.1,5.65,4.78,7.28,3.89,4.98,3.32,3.77,2.12,6.27,https://media.api-sports.io/football/teams/33.png,https://media.api-sports.io/football/leagues/39.png,0.0,0.0
402329,Ayden Heaven,19.0,2006-09-22,London,England,189,77,https://media.api-sports.io/football/players/402329.png,Manchester United,Premier League,Defender,148,6.75,7.91,3.94,9.98,3.25,6.98,1.3,9.81,0.75,6.17,5.79,1.19,1.68,7.7,3.77,https://media.api-sports.io/football/teams/33.png,https://media.api-sports.io/football/leagues/39.png,0.0,0.6081081081081081
19959,Benjamin William White,28.0,1997-10-08,Poole,England,186,76,https://media.api-sports.io/football/players/19959.png,Arsenal,Premier League,Defender,282,7.23,9.18,3.94,9.81,4.59,9.11,9.45,8.15,1.75,7.78,8.44,5.94,8.0,4.63,5.48,https://media.api-sports.io/football/teams/42.png,https://media.api-sports.io/football/leagues/39.png,0.0,0.3191489361702128
313236,Ethan Chidiebere Nwaneri,18.0,2007-03-21,London,England,176,70,https://media.api-sports.io/football/players/313236.png,Arsenal,Premier League,Midfielder,175,6.78,9.49,3.41,3.3,7.11,3.25,1.17,2.18,1.06,4.79,1.05,9.17,8.78,0.76,6.28,https://media.api-sports.io/football/teams/42.png,https://media.api-sports.io/football/leagues/39.png,0.0,0.0
333682,Cristhian Andrey Mosquera Ibargüen,21.0,2004-06-27,Alicante,Spain,191,78,https://media.api-sports.io/football/players/333682.png,Arsenal,Premier League,Defender,439,6.9,1.41,3.94,3.99,9.11,3.82,7.62,4.74,6.59,3.8,3.92,3.27,1.68,3.15,8.94,https://media.api-sports.io/football/teams/42.png,https://media.api-sports.io/football/leagues/39.png,0.0,0.0
250,Joël Mohammed Ramzan Piroe,26.0,1999-08-02,Wijchen,Netherlands,181,74,https://media.api-sports.io/football/players/250.png,Leeds,Premier League,Attacker,215,6.46,5.88,2.6,3.37,7.69,1.12,1.05,3.3,6.67,0.95,0.58,0.65,1.09,0.83,7.45,https://media.api-sports.io/football/teams/63.png,https://media.api-sports.io/football/leagues/39.png,0.0,0.0
18901,Sean David Longstaff,28.0,1997-10-30,Newcastle upon Tyne,England,180,65,https://media.api-sports.io/football/players/18901.png,Leeds,Premier League,Midfielder,880,7.02,6.65,7.78,8.7,5.92,9.07,9.19,8.57,6.55,6.31,7.69,2.1,1.11,7.6,7.26,https://media.api-sports.io/football/teams/63.png,https://media.api-sports.io/football/leagues/39.png,0.10227272727272727,0.20454545454545453
19128,Jack David Harrison,29.0,1996-11-20,Stoke-on-Trent,England,175,70,https://media.api-sports.io/football/players/19128.png,Leeds,Premier League,Attacker,263,6.59,6.05,2.6,3.37,9.22,3.67,7.86,3.3,9.56,1.33,4.35,5.75,6.19,5.0,8.54,https://media.api-sports.io/football/teams/63.png,https://media.api-sports.io/football/leagues/39.png,0.0,0.0
19201,Jayden Ian Bogle,25.0,2000-07-27,,England,178,69,https://media.api-sports.io/football/players/19201.png,Leeds,Premier League,Defender,1408,6.38,6.11,3.94,8.1,1.25,6.11,7.04,2.79,6.11,6.75,4.95,8.87,8.41,6.59,4.21,https://media.api-sports.io/football/teams/63.png,https://media.api-sports.io/football/leagues/39.png,0.0,0.06392045454545454
19287,Samuel Mark Byram,32.0,1993-09-16,Thurrock,England,180,72,https://media.api-sports.io/football/players/19287.png,Leeds,Premier League,Defender,8,6.3,1.41,3.94,3.99,0.18,1.39,0.48,1.25,0.75,8.23,0.25,1.19,1.68,0.84,0.04,https://media.api-sports.io/football/teams/63.png,https://media.api-sports.io/football/leagues/39.png,0.0,0.0
64003,Pascal Augustus Struijk,26.0,1999-08-11,,Netherlands,190,79,https://media.api-sports.io/football/players/64003.png,Leeds,Premier League,Defender,1178,6.64,8.32,3.94,3.99,8.37,5.58,2.21,6.03,2.86,5.29,4.57,2.52,1.68,5.48,6.23,https://media.api-sports.io/football/teams/63.png,https://media.api-sports.io/football/leagues/39.png,0.0,0.0
80296,Lucas Estella Perri,28.0,1997-12-10,Campinas,Brazil,197,98,https://media.api-sports.io/football/players/80296.png,Leeds,Premier League,Goalkeeper,990,6.55,5.0,5.06,4.94,6.79,3.85,4.1,5.06,4.49,5.13,3.59,4.17,4.23,2.24,5.77,https://media.api-sports.io/football/teams/63.png,https://media.api-sports.io/football/leagues/39.png,0.0,0.0
895,James David Garner,24.0,2001-03-13,Birkenhead,England,186,78,https://media.api-sports.io/football/players/895.png,Everton,Premier League,Defender,1434,7.11,9.21,7.88,9.04,5.84,8.46,7.81,4.4,7.38,4.18,5.07,6.44,6.3,7.44,5.99,https://media.api-sports.io/football/teams/45.png,https://media.api-sports.io/football/leagues/39.png,0.06276150627615062,0.12552301255230125
2936,James Alan Tarkowski,33.0,1992-11-19,Manchester,England,185,81,https://media.api-sports.io/football/players/2936.png,Everton,Premier League,Defender,1440,7.14,3.64,3.94,8.02,5.02,6.66,3.31,9.57,4.98,6.27,7.66,3.88,4.54,3.68,5.28,https://media.api-sports.io/football/teams/45.png,https://media.api-sports.io/football/leagues/39.png,0.0,0.0625
18929,Dwight James Matthew McNeil,26.0,1999-11-22,Rochdale,England,183,68,https://media.api-sports.io/football/players/18929.png,Everton,Premier League,Attacker,105,6.47,6.09,2.6,3.37,8.27,9.57,7.89,9.9,8.66,4.69,2.31,6.02,1.09,0.83,0.95,https://media.api-sports.io/football/teams/45.png,https://media.api-sports.io/football/leagues/39.png,0.0,0.0
125743,Norberto Bercique Gomes Betuncal,27.0,1998-01-31,Lisboa,Portugal,194,88,https://media.api-sports.io/football/players/125743.png,Everton,Premier League,Attacker,690,6.42,4.73,5.51,3.37,0.85,2.76,5.2,7.43,2.21,8.64,8.64,5.03,2.38,3.27,3.78,https://media.api-sports.io/football/teams/45.png,https://media.api-sports.io/football/leagues/39.png,0.13043478260869565,0.0
138776,Largie Ramazani,24.0,2001-02-27,,Belgium,167,55,https://media.api-sports.io/football/players/138776.png,Leeds,Premier League,Attacker,0,,0.8,2.6,3.37,0.1,1.12,1.05,3.3,2.21,0.14,0.26,0.65,1.09,0.83,9.39,https://media.api-sports.io/football/teams/63.png,https://media.api-sports.io/football/leagues/39.png,0.0,0.0
148099,Kiernan Frank Dewsbury-Hall,27.0,1998-09-06,Shepshed,England,178,80,https://media.api-sports.io/football/players/148099.png,Everton,Premier League,Midfielder,1262,7.29,5.97,9.27,8.04,4.11,7.73,5.57,2.18,4.28,4.62,6.36,5.18,6.67,8.07,4.4,https://media.api-sports.io/football/teams/45.png,https://media.api-sports.io/football/leagues/39.png,0.28526148969889065,0.14263074484944532
195993,Carlos Jonas Alcaraz Duran,23.0,2002-11-30,La Plata,Argentina,176,68,https://media.api-sports.io/football/players/195993.png,Everton,Premier League,Midfielder,542,6.44,6.16,3.41,8.26,4.79,7.26,3.3,7.41,3.86,6.65,5.94,5.04,6.6,6.92,4.47,https://media.api-sports.io/football/teams/45.png,https://media.api-sports.io/football/leagues/39.png,0.0,0.16605166051660517
284500,Timothy Emeka Iroegbunam,22.0,2003-06-30,Birmingham,England,183,70,https://media.api-sports.io/football/players/284500.png,Everton,Premier League,Midfielder,502,6.74,3.11,3.41,8.39,2.84,1.86,8.88,9.71,7.9,6.89,8.29,5.38,3.72,7.29,3.37,https://media.api-sports.io/football/teams/45.png,https://media.api-sports.io/football/leagues/39.png,0.0,0.17928286852589642
343684,Thierno Barry,23.0,2002-10-21,Lyon,France,195,82,https://media.api-sports.io/football/players/343684.png,Everton,Premier League,Attacker,769,6.28,4.59,5.44,3.37,2.55,2.96,1.05,7.28,5.34,8.47,7.55,3.98,4.12,1.67,3.16,https://media.api-sports.io/football/teams/45.png,https://media.api-sports.io/football/leagues/39.png,0.11703511053315994,0.0
147831,Arnaud Kalimuendo-Muinga,23.0,2002-01-20,Suresnes,France,178,79,https://media.api-sports.io/football/players/147831.png,Nottingham Forest,Premier League,Attacker,92,6.28,0.8,2.6,3.37,7.18,5.1,5.58,3.3,2.21,2.5,3.11,2.41,1.09,0.83,3.33,https://media.api-sports.io/football/teams/65.png,https://media.api-sports.io/football/leagues/39.png,0.0,0.0
296560,Jackson Tchatchoua,24.0,2001-09-14,Ixelles,Cameroon,186,76,https://media.api-sports.io/football/players/296560.png,Wolves,Premier League,Defender,813,6.49,3.05,3.94,3.99,1.11,8.37,4.59,6.39,4.42,2.69,2.96,6.29,4.98,2.19,8.97,https://media.api-sports.io/football/teams/39.png,https://media.api-sports.io/football/leagues/39.png,0.0,0.0
442044,Max Dowman,16.0,2009-12-31,Chelmsford,England,183,,https://media.api-sports.io/football/players/442044.png,Arsenal,Premier League,Midfielder,36,6.6,9.95,3.41,3.3,0.23,0.84,9.61,2.18,1.06,9.85,9.8,9.96,9.56,9.83,9.44,https://media.api-sports.io/football/teams/42.png,https://media.api-sports.io/football/leagues/39.png,0.0,0.0
453101,Bradley-Paul Burrowes,17.0,2008-03-04,,England,,,https://media.api-sports.io/football/players/453101.png,Aston Villa,Premier League,Midfielder,16,6.5,0.92,3.41,3.3,2.48,0.84,0.48,2.18,1.06,9.28,6.85,9.65,1.11,9.89,9.44,https://media.api-sports.io/football/teams/66.png,https://media.api-sports.io/football/leagues/39.png,0.0,0.0
1463,Joseph George Willock,26.0,1999-08-20,London,England,179,71,https://media.api-sports.io/football/players/1463.png,Newcastle,Premier League,Midfielder,235,6.63,5.84,3.41,3.3,4.47,6.55,8.63,7.85,3.15,5.5,4.74,4.28,6.33,2.13,3.69,https://media.api-sports.io/football/teams/34.png,https://media.api-sports.io/football/leagues/39.png,0.0,0.0
19032,Kouassi Ryan Sessegnon,25.0,2000-05-18,London,England,178,70,https://media.api-sports.io/football/players/19032.png,Fulham,Premier League,Defender,1109,6.63,6.44,9.11,3.99,2.52,6.35,7.07,5.22,5.99,6.23,2.88,7.26,5.99,2.24,1.66,https://media.api-sports.io/football/teams/36.png,https://media.api-sports.io/football/leagues/39.png,0.1623083859332732,0.0
19145,Abdul-Nasir Oluwatosin Oluwadoyinsolami Adarabioyo,28.0,1997-09-24,Manchester,England,196,80,https://media.api-sports.io/football/players/19145.png,Chelsea,Premier League,Defender,564,7.01,3.44,3.94,3.99,9.93,1.39,6.95,5.17,4.69,7.78,8.99,1.19,1.68,0.84,6.61,https://media.api-sports.io/football/teams/49.png,https://media.api-sports.io/football/leagues/39.png,0.0,0.0
19192,Jacob Matthew Ramsey,24.0,2001-05-28,Birmingham,England,180,75,https://media.api-sports.io/football/players/19192.png,Newcastle,Premier League,Midfielder,298,6.53,4.82,3.41,3.3,8.85,9.56,6.55,2.18,2.71,3.23,4.65,8.19,8.66,1.81,5.13,https://media.api-sports.io/football/teams/34.png,https://media.api-sports.io/football/leagues/39.png,0.0,0.0
158697,James John McAtee,23.0,2002-10-18,Salford,England,180,72,https://media.api-sports.io/football/players/158697.png,Nottingham Forest,Premier League,Midfielder,141,6.58,0.92,3.41,3.3,6.01,8.92,3.11,2.18,1.06,6.92,5.82,6.58,8.12,8.04,4.82,https://media.api-sports.io/football/teams/65.png,https://media.api-sports.io/football/leagues/39.png,0.0,0.0
284428,Omari Elijah Giraud-Hutchinson,22.0,2003-10-29,Redhill,Jamaica,174,65,https://media.api-sports.io/football/players/284428.png,Nottingham Forest,Premier League,Attacker,489,6.89,6.6,2.6,9.08,7.28,9.35,7.76,3.3,6.29,6.53,6.53,9.15,9.42,4.76,2.53,https://media.api-sports.io/football/teams/65.png,https://media.api-sports.io/football/leagues/39.png,0.0,0.3680981595092025
305730,Jack Luca Hinshelwood,20.0,2005-04-11,Chichester,England,181,76,https://media.api-sports.io/football/players/305730.png,Brighton,Premier League,Midfielder,341,6.64,6.01,9.1,9.02,7.43,4.82,4.3,8.66,1.06,1.69,1.12,2.18,3.01,1.66,1.91,https://media.api-sports.io/football/teams/51.png,https://media.api-sports.io/football/leagues/39.png,0.26392961876832843,0.26392961876832843
18894,Jamaal Lascelles,32.0,1993-11-11,Derby,England,188,89,https://media.api-sports.io/football/players/18894.png,Newcastle,Premier League,Defender,25,6.4,1.41,3.94,3.99,1.32,1.39,0.48,10.0,0.75,0.44,2.5,1.19,1.68,0.84,9.48,https://media.api-sports.io/football/teams/34.png,https://media.api-sports.io/football/leagues/39.png,0.0,0.0
37724,Crysencio Jilbert Sylverio Cir Summerville,24.0,2001-10-30,Rotterdam,Netherlands,174,64,https://media.api-sports.io/football/players/37724.png,West Ham,Premier League,Attacker,806,6.82,3.47,2.6,7.11,5.75,3.2,6.39,8.47,6.9,3.71,5.78,7.31,8.4,7.89,3.5,https://media.api-sports.io/football/teams/48.png,https://media.api-sports.io/football/leagues/39.png,0.0,0.11166253101736973
181806,Nicolò Savona,22.0,2003-03-19,Aosta,Italy,192,80,https://media.api-sports.io/football/players/181806.png,Nottingham Forest,Premier League,Defender,840,6.66,5.4,9.47,3.99,2.33,7.12,5.84,2.62,1.78,2.02,1.37,4.0,3.82,3.27,3.37,https://media.api-sports.io/football/teams/65.png,https://media.api-sports.io/football/leagues/39.png,0.2142857142857143,0.0
304317,Tyler-Jay Dibling,19.0,2006-03-12,Exeter,England,178,72,https://media.api-sports.io/football/players/304317.png,Everton,Premier League,Midfielder,103,6.53,0.92,3.41,3.3,2.18,5.23,9.1,2.18,9.34,9.68,9.51,9.46,9.02,9.76,0.59,https://media.api-sports.io/football/teams/45.png,https://media.api-sports.io/football/leagues/39.png,0.0,0.0
336585,Mateus Gonçalo Espanha Fernandes,21.0,2004-07-10,Olhão,Portugal,178,72,https://media.api-sports.io/football/players/336585.png,West Ham,Premier League,Midfielder,1072,7.09,2.81,8.36,7.05,5.72,7.75,8.48,9.17,6.92,6.26,6.65,5.31,5.26,6.21,3.91,https://media.api-sports.io/football/teams/48.png,https://media.api-sports.io/football/leagues/39.png,0.16791044776119401,0.08395522388059701
575,Florentino Ibrain Morris Luís,26.0,1999-08-19,Lisboa,Portugal,184,74,https://media.api-sports.io/football/players/575.png,Burnley,Premier League,Midfielder,1013,6.75,2.47,3.41,7.16,6.85,3.4,9.41,7.51,8.9,6.41,7.19,3.42,3.67,1.98,3.94,https://media.api-sports.io/football/teams/44.png,https://media.api-sports.io/football/leagues/39.png,0.0,0.08884501480750247
727,Reiss Luke Nelson,26.0,1999-12-10,London,England,175,71,https://media.api-sports.io/football/players/727.png,Brentford,Premier League,Attacker,40,6.73,8.25,2.6,3.37,8.88,1.12,9.83,9.93,2.21,7.3,9.18,8.69,8.86,7.74,9.39,https://media.api-sports.io/football/teams/55.png,https://media.api-sports.io/football/leagues/39.png,0.0,0.0
18872,Lewis John Cook,28.0,1997-02-03,York,England,175,71,https://media.api-sports.io/football/players/18872.png,Bournemouth,Premier League,Midfielder,236,6.72,5.82,3.41,3.3,9.63,9.39,7.16,2.18,9.85,1.15,1.83,1.66,3.91,0.76,7.65,https://media.api-sports.io/football/teams/35.png,https://media.api-sports.io/football/leagues/39.png,0.0,0.0
25073,Vitaly Janelt,27.0,1998-05-10,Hamburg,Germany,184,79,https://media.api-sports.io/football/players/25073.png,Brentford,Premier League,Midfielder,322,6.65,6.26,3.41,3.3,7.29,6.43,8.12,8.78,7.38,5.18,8.03,1.32,1.11,2.81,4.25,https://media.api-sports.io/football/teams/55.png,https://media.api-sports.io/football/leagues/39.png,0.0,0.0
70366,John Victor Maciel Furtado,29.0,1996-02-13,Diadema,Brazil,196,91,https://media.api-sports.io/football/players/70366.png,Nottingham Forest,Premier League,Goalkeeper,96,7.5,5.0,5.06,4.94,4.74,3.85,4.1,5.06,4.49,0.64,0.83,4.17,4.23,2.24,5.77,https://media.api-sports.io/football/teams/65.png,https://media.api-sports.io/football/leagues/39.png,0.0,0.0
129695,Dilane Bakwa,23.0,2002-08-26,Créteil,France,180,75,https://media.api-sports.io/football/players/129695.png,Nottingham Forest,Premier League,Attacker,174,6.48,5.41,2.6,3.37,9.42,9.63,1.05,9.42,2.21,3.54,1.89,9.18,6.24,7.18,4.69,https://media.api-sports.io/football/teams/65.png,https://media.api-sports.io/football/leagues/39.png,0.0,0.0
202854,Merlin Röhl,23.0,2002-07-05,Berlin,Germany,192,75,https://media.api-sports.io/football/players/202854.png,Everton,Premier League,Midfielder,91,6.45,9.85,3.41,3.3,6.92,5.95,9.56,2.18,1.06,9.8,9.83,9.05,9.19,4.77,0.37,https://media.api-sports.io/football/teams/45.png,https://media.api-sports.io/football/leagues/39.png,0.0,0.0
311334,Facundo Valentín Buonanotte,21.0,2004-12-23,Pérez,Argentina,174,66,https://media.api-sports.io/football/players/311334.png,Chelsea,Premier League,Midfielder,45,6.5,0.92,3.41,3.3,7.02,9.85,6.17,2.18,1.06,0.29,0.68,6.77,1.11,0.76,9.44,https://media.api-sports.io/football/teams/49.png,https://media.api-sports.io/football/leagues/39.png,0.0,0.0
329369,Thomas Watson,19.0,2006-04-08,,England,168,63,https://media.api-sports.io/football/players/329369.png,Brighton,Premier League,Attacker,40,6.55,8.25,2.6,3.37,7.65,1.12,8.84,3.3,2.21,0.78,0.92,0.65,1.09,0.83,2.36,https://media.api-sports.io/football/teams/51.png,https://media.api-sports.io/football/leagues/39.png,0.0,0.0
330437,Alejandro Jiménez Sánchez,20.0,2005-05-08,Madrid,Spain,177,73,https://media.api-sports.io/football/players/330437.png,Bournemouth,Premier League,Defender,628,6.55,4.89,3.94,3.99,3.46,4.93,5.96,3.82,2.76,6.37,5.48,8.46,8.92,6.9,5.19,https://media.api-sports.io/football/teams/35.png,https://media.api-sports.io/football/leagues/39.png,0.0,0.0
343311,Stefanos Tzimas,19.0,2006-01-06,,Greece,186,77,https://media.api-sports.io/football/players/343311.png,Brighton,Premier League,Attacker,164,6.58,5.73,8.95,9.59,1.16,9.76,7.72,9.52,2.21,5.2,1.33,2.72,3.91,2.38,2.67,https://media.api-sports.io/football/teams/51.png,https://media.api-sports.io/football/leagues/39.png,0.5487804878048781,0.5487804878048781
412759,Jaydee Canvot,19.0,2006-07-29,,France,188,75,https://media.api-sports.io/football/players/412759.png,Crystal Palace,Premier League,Defender,126,6.95,8.46,3.94,3.99,4.44,1.39,8.77,9.53,9.44,8.32,6.07,1.19,1.68,5.17,0.6,https://media.api-sports.io/football/teams/52.png,https://media.api-sports.io/football/leagues/39.png,0.0,0.0
7600,Igor Júlio dos Santos de Paulo,27.0,1998-02-07,Bom Sucesso,Brazil,185,85,https://media.api-sports.io/football/players/7600.png,West Ham,Premier League,Defender,122,6.4,1.41,3.94,3.99,0.29,7.58,0.48,9.62,3.45,0.24,0.25,1.19,1.68,0.84,6.9,https://media.api-sports.io/football/teams/48.png,https://media.api-sports.io/football/leagues/39.png,0.0,0.0
237819,Kevin Santos Lopes de Macedo,22.0,2003-01-04,São Paulo,Brazil,176,71,https://media.api-sports.io/football/players/237819.png,Fulham,Premier League,Attacker,419,6.71,6.19,2.6,3.37,8.16,6.58,7.93,3.3,9.69,9.42,9.49,9.9,9.8,7.96,4.93,https://media.api-sports.io/football/teams/36.png,https://media.api-sports.io/football/leagues/39.png,0.0,0.0
326176,Soungoutou Magassa,22.0,2003-10-08,Paris,France,188,80,https://media.api-sports.io/football/players/326176.png,West Ham,Premier League,Midfielder,438,6.72,4.93,8.68,3.3,5.79,2.71,9.27,9.02,9.39,8.04,8.44,3.96,4.16,6.8,1.34,https://media.api-sports.io/football/teams/48.png,https://media.api-sports.io/football/leagues/39.png,0.2054794520547945,0.0
404574,Luis Guilherme Lira dos Santos,19.0,2006-02-09,Aracaju,Brazil,178,74,https://media.api-sports.io/football/players/404574.png,West Ham,Premier League,Attacker,121,6.42,2.31,2.6,3.37,5.14,3.95,4.59,3.3,2.21,2.99,0.88,8.57,7.59,0.83,9.39,https://media.api-sports.io/football/teams/48.png,https://media.api-sports.io/football/leagues/39.png,0.0,0.0
95,Benoît Ntambue Badiashile Mukinayi Baya,24.0,2001-03-26,Limoges,France,194,75,https://media.api-sports.io/football/players/95.png,Chelsea,Premier League,Defender,156,6.7,1.41,3.94,3.99,9.86,1.39,2.98,5.84,8.83,0.41,0.7,1.19,1.68,0.84,4.18,https://media.api-sports.io/football/teams/49.png,https://media.api-sports.io/football/leagues/39.png,0.0,0.0
1468,Edward Keddar Nketiah,26.0,1999-05-30,,England,175,72,https://media.api-sports.io/football/players/1468.png,Crystal Palace,Premier League,Attacker,307,6.63,8.47,9.05,3.37,3.23,8.27,8.03,8.81,7.86,8.78,8.13,7.96,6.84,7.11,3.03,https://media.api-sports.io/football/teams/52.png,https://media.api-sports.io/football/leagues/39.png,0.5863192182410424,0.0
18927,Ashley Luke Barnes,36.0,1989-10-30,Bath,England,186,77,https://media.api-sports.io/football/players/18927.png,Burnley,Premier League,Attacker,15,6.6,0.8,2.6,3.37,7.84,1.12,1.05,3.3,2.21,9.97,10.0,9.42,9.88,0.83,0.26,https://media.api-sports.io/football/teams/44.png,https://media.api-sports.io/football/leagues/39.png,0.0,0.0
19911,Luke Terry O'Nien,31.0,1994-11-21,Hemel Hempstead,England,174,74,https://media.api-sports.io/football/players/19911.png,Sunderland,Premier League,Midfielder,15,6.55,0.92,3.41,3.3,0.49,0.84,9.95,2.18,1.06,9.45,9.78,0.53,1.11,0.76,0.24,https://media.api-sports.io/football/teams/746.png,https://media.api-sports.io/football/leagues/39.png,0.0,0.0
282125,Roméo Lavia,21.0,2004-01-06,Brussels,Belgium,181,76,https://media.api-sports.io/football/players/282125.png,Chelsea,Premier League,Midfielder,105,6.78,0.92,3.41,3.3,8.96,0.84,4.72,2.18,9.79,4.4,7.46,6.06,6.7,9.22,1.21,https://media.api-sports.io/football/teams/49.png,https://media.api-sports.io/football/leagues/39.png,0.0,0.0
436443,Jonah Kusi-Asare,18.0,2007-07-04,Solna,Sweden,196,84,https://media.api-sports.io/football/players/436443.png,Fulham,Premier League,Attacker,18,6.5,0.8,2.6,3.37,6.33,9.91,1.05,3.3,2.21,9.81,5.02,0.65,1.09,0.83,0.07,https://media.api-sports.io/football/teams/36.png,https://media.api-sports.io/football/leagues/39.png,0.0,0.0
405530,Ezra Mayers,18.0,2007-01-16,,England,183,,https://media.api-sports.io/football/players/405530.png,West Ham,Premier League,Defender,15,6.3,1.41,3.94,3.99,0.1,1.39,0.48,1.25,9.99,0.11,0.25,1.19,1.68,0.84,9.48,https://media.api-sports.io/football/teams/48.png,https://media.api-sports.io/football/leagues/39.png,0.0,0.0
456206,Mateus Bula Dami Mané,18.0,2007-09-16,Lisbon,England,,,https://media.api-sports.io/football/players/456206.png,Wolves,Premier League,Attacker,75,6.54,3.81,2.6,9.93,6.73,9.39,9.12,3.3,2.21,8.74,8.81,9.83,9.69,8.03,6.02,https://media.api-sports.io/football/teams/39.png,https://media.api-sports.io/football/leagues/39.png,0.0,1.2000000000000002
284414,Romaine Lee Mundle,22.0,2003-04-24,Edmonton,England,180,61,https://media.api-sports.io/football/players/284414.png,Sunderland,Premier League,Attacker,59,6.63,5.26,2.6,3.37,1.73,1.12,1.05,3.3,2.21,3.3,1.8,6.9,7.74,5.78,0.48,https://media.api-sports.io/football/teams/746.png,https://media.api-sports.io/football/leagues/39.png,0.0,0.0
401278,Mohamadou Kanté,20.0,2005-09-20,Paris,France,178 cm,74 kg,https://media.api-sports.io/football/players/401278.png,West Ham,Premier League,Midfielder,14,6.3,9.98,3.41,3.3,1.86,0.84,0.48,2.18,1.06,9.62,8.03,0.53,1.11,0.76,9.44,https://media.api-sports.io/football/teams/48.png,https://media.api-sports.io/football/leagues/39.png,0.0,0.0
40384,Radosław Majecki,26.0,1999-11-16,Starachowice,Poland,193,78,https://media.api-sports.io/football/players/40384.png,Monaco,Ligue 1,Goalkeeper,235,6.300000,5.0,5.06,4.94,1.67,3.85,4.1,5.06,4.49,9.87,7.95,4.17,4.23,2.24,0.26,https://media.api-sports.io/football/teams/91.png,https://media.api-sports.io/football/leagues/61.png,0.0,0.0
162473,Arnau Tenas Ureña,24.0,2001-05-30,Vic,Spain,185,85,https://media.api-sports.io/football/players/162473.png,Paris Saint Germain,Ligue 1,Goalkeeper,0,,5.0,5.06,4.94,0.13,3.85,4.1,5.06,4.49,0.64,0.83,4.17,4.23,2.24,5.77,https://media.api-sports.io/football/teams/85.png,https://media.api-sports.io/football/leagues/61.png,0.0,0.0
326073,Rémy Labeau Lascary,22.0,2003-03-03,Les Abymes,France,184,72,https://media.api-sports.io/football/players/326073.png,Lens,Ligue 1,Attacker,41,7.000000,8.1,9.9,3.37,5.03,9.01,1.05,3.3,2.21,9.9,9.66,8.44,8.76,9.66,0.03,https://media.api-sports.io/football/teams/116.png,https://media.api-sports.io/football/leagues/61.png,2.1951219512195124,0.0
382892,Matias Fernandez Pardo,18.0,2005-02-03,,Belgium,183 cm,,https://media.api-sports.io/football/players/382892.png,Lille,Ligue 1,Attacker,54,6.7,0.8,2.6,3.37,6.84,7.81,1.05,3.3,2.21,0.27,0.71,4.12,8.11,0.83,9.39,https://media.api-sports.io/football/teams/79.png,https://media.api-sports.io/football/leagues/61.png,0.0,0.0
1568,Edgar Paul Akouokou,28.0,1997-12-20,Abidjan,Côte d'Ivoire,181,68,https://media.api-sports.io/football/players/1568.png,Lyon,Ligue 1,Midfielder,171,7.150000,0.92,3.41,3.3,8.66,0.84,6.48,2.18,9.54,3.13,8.48,4.01,7.48,7.16,6.14,https://media.api-sports.io/football/teams/80.png,https://media.api-sports.io/football/leagues/61.png,0.0,0.0
21146,Angelo Fulgini,29.0,1996-08-20,Abidjan,France,183,71,https://media.api-sports.io/football/players/21146.png,Lens,Ligue 1,Midfielder,152,7.100000,4.69,3.41,9.98,3.84,8.59,2.64,8.95,4.38,5.21,1.69,0.53,1.11,7.78,1.5,https://media.api-sports.io/football/teams/116.png,https://media.api-sports.io/football/leagues/61.png,0.0,1.1842105263157894
21381,Jordan Lefort,32.0,1993-08-09,Champigny-sur-Marne,France,184,81,https://media.api-sports.io/football/players/21381.png,Angers,Ligue 1,Defender,1440,6.88,3.64,3.94,8.02,8.05,4.52,3.08,5.81,7.86,0.99,1.54,2.67,3.37,4.15,7.18,https://media.api-sports.io/football/teams/77.png,https://media.api-sports.io/football/leagues/61.png,0.0,0.0625
147831,Arnaud Kalimuendo-Muinga,23.0,2002-01-20,Suresnes,France,178,79,https://media.api-sports.io/football/players/147831.png,Rennes,Ligue 1,Attacker,0,,0.8,2.6,3.37,0.1,1.12,1.05,3.3,2.21,0.14,0.26,0.65,1.09,0.83,9.39,https://media.api-sports.io/football/teams/94.png,https://media.api-sports.io/football/leagues/61.png,0.0,0.0
174660,Lillian Rao-Lisoa,25.0,2000-06-16,Angers,France,178,70,https://media.api-sports.io/football/players/174660.png,Angers,Ligue 1,Midfielder,807,6.81,2.79,7.82,7.51,3.64,6.06,7.87,4.82,5.55,6.43,7.31,6.26,5.04,4.35,5.01,https://media.api-sports.io/football/teams/77.png,https://media.api-sports.io/football/leagues/61.png,0.11152416356877323,0.11152416356877323
195512,Martín Adrián Satriano Costa,24.0,2001-02-20,Montevideo,Uruguay,187,75,https://media.api-sports.io/football/players/195512.png,Lens,Ligue 1,Attacker,81,6.000000,8.2,2.6,3.37,1.22,5.9,1.05,3.3,2.21,0.71,0.54,0.65,1.09,4.06,1.05,https://media.api-sports.io/football/teams/116.png,https://media.api-sports.io/football/leagues/61.png,0.0,0.0
271540,Ousmane Camara,22.0,2003-03-06,Paris,France,197,90,https://media.api-sports.io/football/players/271540.png,Angers,Ligue 1,Defender,1324,7.02,3.22,7.98,3.99,5.19,3.27,4.69,8.68,5.77,1.71,2.28,3.63,4.09,2.07,7.28,https://media.api-sports.io/football/teams/77.png,https://media.api-sports.io/football/leagues/61.png,0.06797583081570997,0.0
326176,Soungoutou Magassa,22.0,2003-10-08,Paris,France,188,80,https://media.api-sports.io/football/players/326176.png,Monaco,Ligue 1,Midfielder,0,,0.92,3.41,3.3,0.09,0.84,0.48,2.18,1.06,0.11,0.26,0.53,1.11,0.76,9.44,https://media.api-sports.io/football/teams/91.png,https://media.api-sports.io/football/leagues/61.png,0.0,0.0
434410,Idrissa Gueye,21.0,2003-09-16,Dakar,Senegal,174,66,https://media.api-sports.io/football/players/434410.png,Metz,Ligue 1,Attacker,132,6.53,2.14,2.6,3.37,0.65,1.12,6.9,3.3,2.21,4.35,3.64,1.73,1.09,4.97,3.06,https://media.api-sports.io/football/teams/112.png,https://media.api-sports.io/football/leagues/61.png,0.0,0.0
461463,Mathis Saka,19.0,2006-09-20,,France,172,63,https://media.api-sports.io/football/players/461463.png,Toulouse,Ligue 1,Midfielder,8,6.3,0.92,3.41,3.3,8.92,0.84,0.48,2.18,1.06,6.56,0.26,0.53,1.11,0.76,0.04,https://media.api-sports.io/football/teams/96.png,https://media.api-sports.io/football/leagues/61.png,0.0,0.0
3234,Abdoulaye Bamba,35.0,1990-04-25,Abidjan,Côte d'Ivoire,182,72,https://media.api-sports.io/football/players/3234.png,Angers,Ligue 1,Defender,9,6.7,1.41,3.94,3.99,6.86,1.39,0.48,1.25,0.75,7.16,0.25,1.19,1.68,0.84,0.07,https://media.api-sports.io/football/teams/77.png,https://media.api-sports.io/football/leagues/61.png,0.0,0.0
20869,Samir Sophian Chergui,26.0,1999-02-06,Arpajon,France,185,78,https://media.api-sports.io/football/players/20869.png,Paris FC,Ligue 1,Defender,974,6.5,6.92,8.65,3.99,5.7,3.63,4.25,4.28,2.69,2.96,3.03,4.93,5.48,2.86,4.5,https://media.api-sports.io/football/teams/114.png,https://media.api-sports.io/football/leagues/61.png,0.09240246406570843,0.0
21145,Pierrick Capelle,38.0,1987-04-15,Lesquin,France,181,73,https://media.api-sports.io/football/players/21145.png,Angers,Ligue 1,Midfielder,65,6.4,0.92,3.41,3.3,4.06,9.76,3.53,2.18,8.51,0.54,0.51,0.53,1.11,0.76,9.44,https://media.api-sports.io/football/teams/77.png,https://media.api-sports.io/football/leagues/61.png,0.0,0.0
22086,Timothée Kolodziejczak,34.0,1991-10-01,Arras,France,185,75,https://media.api-sports.io/football/players/22086.png,Paris FC,Ligue 1,Defender,134,6.28,1.41,3.94,3.99,9.76,7.36,0.48,6.48,7.21,0.77,0.55,1.19,1.68,4.94,7.37,https://media.api-sports.io/football/teams/114.png,https://media.api-sports.io/football/leagues/61.png,0.0,0.0
41146,Florent Olivier Sylvain Hanin,35.0,1990-02-04,Le Havre,France,177,73,https://media.api-sports.io/football/players/41146.png,Angers,Ligue 1,Midfielder,403,6.6,0.92,3.41,3.3,4.57,2.91,5.11,8.17,8.31,2.69,3.52,2.64,2.79,4.38,6.89,https://media.api-sports.io/football/teams/77.png,https://media.api-sports.io/football/leagues/61.png,0.0,0.0
83831,Ilan Kais Kebbal,27.0,1998-07-10,Marseille,Algeria,169,60,https://media.api-sports.io/football/players/83831.png,Paris FC,Ligue 1,Midfielder,1408,7.69,8.88,9.46,8.97,9.12,9.68,3.66,2.18,2.89,4.76,6.21,8.02,7.75,9.24,8.78,https://media.api-sports.io/football/teams/114.png,https://media.api-sports.io/football/leagues/61.png,0.38352272727272724,0.2556818181818182
163004,Esteban Lepaul,25.0,2000-04-18,Auxerre,France,177,71,https://media.api-sports.io/football/players/163004.png,Angers,Ligue 1,Attacker,175,6.7,5.31,8.81,3.37,3.3,5.44,1.05,3.3,2.21,0.61,0.68,0.65,1.09,2.28,6.84,https://media.api-sports.io/football/teams/77.png,https://media.api-sports.io/football/leagues/61.png,0.5142857142857142,0.0
174708,Yassine Belkhdim,23.0,2002-02-14,Meulan-en-Yvelines,France,175,70,https://media.api-sports.io/football/players/174708.png,Angers,Ligue 1,Midfielder,1270,6.91,7.14,8.09,8.01,3.13,4.72,8.31,6.06,8.39,2.37,4.79,2.08,2.42,6.5,6.06,https://media.api-sports.io/football/teams/77.png,https://media.api-sports.io/football/leagues/61.png,0.14173228346456693,0.14173228346456693
174881,Mamadou Moustapha Mbow,25.0,2000-03-08,Guédiawaye,Senegal,192,74,https://media.api-sports.io/football/players/174881.png,Paris FC,Ligue 1,Defender,1350,6.79,6.37,3.94,3.99,8.44,3.22,6.0,6.86,7.15,4.42,6.78,3.17,4.71,5.73,6.54,https://media.api-sports.io/football/teams/114.png,https://media.api-sports.io/football/leagues/61.png,0.0,0.0
194981,Obed Nkambadio,22.0,2003-02-07,Paris,France,190,86,https://media.api-sports.io/football/players/194981.png,Paris FC,Ligue 1,Goalkeeper,990,6.45,5.0,5.06,4.94,9.1,9.1,4.1,5.06,4.49,2.31,2.12,4.17,4.23,2.24,5.77,https://media.api-sports.io/football/teams/114.png,https://media.api-sports.io/football/leagues/61.png,0.0,0.0
343609,Jacques Emmanuel Paul Ekomié,22.0,2003-08-19,Libreville,Gabon,179,74,https://media.api-sports.io/football/players/343609.png,Angers,Ligue 1,Defender,1075,6.66,6.49,3.94,3.99,1.8,7.96,9.18,3.03,8.15,6.71,7.69,7.16,6.66,7.88,3.53,https://media.api-sports.io/football/teams/77.png,https://media.api-sports.io/football/leagues/61.png,0.0,0.0
385569,Emmanuel Junior Biumla Bayiha,20.0,2005-05-08,Yopougon,France,185,75,https://media.api-sports.io/football/players/385569.png,Angers,Ligue 1,Midfielder,129,5.87,0.92,3.41,3.3,8.19,0.84,8.09,2.18,4.96,3.99,5.45,0.53,1.11,3.61,9.44,https://media.api-sports.io/football/teams/77.png,https://media.api-sports.io/football/leagues/61.png,0.0,0.0
389322,Nhoa Sangui,19.0,2006-02-27,Creil,France,178,67,https://media.api-sports.io/football/players/389322.png,Paris FC,Ligue 1,Defender,384,6.43,4.21,3.94,3.99,5.54,8.92,5.07,3.46,2.31,0.79,1.85,7.36,5.1,6.38,8.92,https://media.api-sports.io/football/teams/114.png,https://media.api-sports.io/football/leagues/61.png,0.0,0.0
403277,Lanroy Machine,20.0,2005-10-13,,France,,,https://media.api-sports.io/football/players/403277.png,Angers,Ligue 1,Attacker,186,6.42,9.63,2.6,3.37,4.8,1.12,7.24,3.3,2.21,7.43,4.86,7.41,3.54,3.5,2.01,https://media.api-sports.io/football/teams/77.png,https://media.api-sports.io/football/leagues/61.png,0.0,0.0
421875,Sidiki Cherif,19.0,2006-12-15,Conakry,France,185,75,https://media.api-sports.io/football/players/421875.png,Angers,Ligue 1,Attacker,986,6.64,5.41,7.55,3.37,2.69,2.89,4.05,3.3,7.52,4.01,3.98,6.56,5.54,4.73,5.71,https://media.api-sports.io/football/teams/77.png,https://media.api-sports.io/football/leagues/61.png,0.36511156186612576,0.0
425207,Marius Courcoul,18.0,2007-01-01,Château-Gontie,France,182,70,https://media.api-sports.io/football/players/425207.png,Angers,Ligue 1,Defender,163,6.64,1.41,3.94,3.99,3.27,9.5,9.57,1.25,5.84,8.49,8.63,8.39,7.57,8.85,4.52,https://media.api-sports.io/football/teams/77.png,https://media.api-sports.io/football/leagues/61.png,0.0,0.0
457541,Prosper Peter,18.0,2007-08-09,,France,,,https://media.api-sports.io/football/players/457541.png,Angers,Ligue 1,Attacker,640,6.57,5.95,7.99,3.37,0.92,4.52,2.82,3.3,5.58,5.9,4.93,4.15,3.1,7.41,1.29,https://media.api-sports.io/football/teams/77.png,https://media.api-sports.io/football/leagues/61.png,0.421875,0.0
1910,Maxime Baila Lopez,28.0,1997-12-04,Marseille,France,167,58,https://media.api-sports.io/football/players/1910.png,Paris FC,Ligue 1,Midfielder,1260,7.01,2.56,3.41,8.75,9.85,9.66,2.4,4.4,3.52,0.49,0.64,4.1,2.71,2.22,4.74,https://media.api-sports.io/football/teams/114.png,https://media.api-sports.io/football/leagues/61.png,0.0,0.2142857142857143
19430,Nouha Dicko,33.0,1992-05-14,Paris,Mali,173,74,https://media.api-sports.io/football/players/19430.png,Paris FC,Ligue 1,Attacker,98,6.63,9.52,9.76,9.9,0.82,4.83,5.24,3.3,2.21,6.73,7.3,0.65,1.09,8.64,0.75,https://media.api-sports.io/football/teams/114.png,https://media.api-sports.io/football/leagues/61.png,0.9183673469387754,0.9183673469387754
20206,Gabriel Jeremiah Adedayo A. Osho,27.0,1998-08-14,Reading,England,185,70,https://media.api-sports.io/football/players/20206.png,Auxerre,Ligue 1,Defender,135,6.75,1.41,3.94,3.99,6.75,1.39,6.59,9.35,3.19,3.41,3.57,1.19,1.68,4.83,3.19,https://media.api-sports.io/football/teams/108.png,https://media.api-sports.io/football/leagues/61.png,0.0,0.0
20599,Julien Yves Rémi López Baila,33.0,1992-03-01,Marseille,France,173,68,https://media.api-sports.io/football/players/20599.png,Paris FC,Ligue 1,Attacker,41,6.37,0.8,2.6,3.37,8.3,1.12,1.05,3.3,9.9,0.68,0.26,8.44,1.09,0.83,9.39,https://media.api-sports.io/football/teams/114.png,https://media.api-sports.io/football/leagues/61.png,0.0,0.0
20647,Pierre-Yves Hamel,31.0,1994-02-03,Brest,France,189,76,https://media.api-sports.io/football/players/20647.png,Paris FC,Ligue 1,Attacker,79,6.25,0.8,2.6,3.37,0.61,1.12,1.05,9.83,9.3,1.84,0.95,0.65,1.09,0.83,2.26,https://media.api-sports.io/football/teams/114.png,https://media.api-sports.io/football/leagues/61.png,0.0,0.0
20704,Alimami Gory,29.0,1996-08-30,Le Havre,France,182,74,https://media.api-sports.io/football/players/20704.png,Paris FC,Ligue 1,Attacker,274,6.47,5.68,7.28,3.37,3.03,2.62,5.61,9.08,8.1,1.16,1.56,1.63,1.09,7.04,5.58,https://media.api-sports.io/football/teams/114.png,https://media.api-sports.io/football/leagues/61.png,0.3284671532846715,0.0
20925,Vincent Marchetti,28.0,1997-07-04,Ajaccio,France,181,70,https://media.api-sports.io/football/players/20925.png,Paris FC,Ligue 1,Midfielder,641,6.64,9.17,9.24,3.3,6.67,2.13,4.69,6.81,3.48,4.21,4.91,4.74,7.68,2.86,4.21,https://media.api-sports.io/football/teams/114.png,https://media.api-sports.io/football/leagues/61.png,0.28081123244929795,0.0
22003,Mathieu Cafaro,28.0,1997-03-25,Saint-Doulchard,France,178,74,https://media.api-sports.io/football/players/22003.png,Paris FC,Ligue 1,Midfielder,128,6.62,9.83,3.41,3.3,3.2,9.14,0.48,2.18,1.06,1.03,2.58,5.27,5.93,9.32,4.18,https://media.api-sports.io/football/teams/114.png,https://media.api-sports.io/football/leagues/61.png,0.0,0.0
84218,Adama Mohamed Camara,29.0,1996-10-18,Bondy,France,195,87,https://media.api-sports.io/football/players/84218.png,Paris FC,Ligue 1,Midfielder,1073,6.69,5.7,7.38,3.3,5.4,3.67,6.82,8.04,7.92,3.72,4.4,3.2,4.72,3.47,5.89,https://media.api-sports.io/football/teams/114.png,https://media.api-sports.io/football/leagues/61.png,0.08387698042870456,0.0
191189,Clément Akpa,24.0,2001-11-24,Meudon,France,181,68,https://media.api-sports.io/football/players/191189.png,Auxerre,Ligue 1,Defender,1230,6.68,4.06,3.94,3.99,7.31,6.42,4.16,4.95,3.1,3.22,6.31,5.26,6.81,8.77,8.22,https://media.api-sports.io/football/teams/108.png,https://media.api-sports.io/football/leagues/61.png,0.0,0.0
191240,Marvin Senaya,24.0,2001-01-28,Saint-Louis,France,181,76,https://media.api-sports.io/football/players/191240.png,Auxerre,Ligue 1,Defender,1041,6.77,6.59,3.94,3.99,2.48,5.36,8.46,3.58,8.58,7.38,8.46,7.24,4.38,9.28,4.42,https://media.api-sports.io/football/teams/108.png,https://media.api-sports.io/football/leagues/61.png,0.0,0.0
327592,Lohann Doucet,23.0,2002-09-14,Nantes,France,180,73,https://media.api-sports.io/football/players/327592.png,Paris FC,Ligue 1,Midfielder,127,6.48,8.41,9.85,3.3,5.94,9.24,1.52,9.33,1.06,4.16,1.37,7.24,8.46,3.68,0.83,https://media.api-sports.io/football/teams/114.png,https://media.api-sports.io/football/leagues/61.png,0.7086614173228346,0.0
1031,Igor Silva de Almeida,29.0,1996-08-21,Rio de Janeiro,Brazil,173,66,https://media.api-sports.io/football/players/1031.png,Lorient,Ligue 1,Defender,585,6.69,6.9,9.01,3.99,5.12,8.12,2.81,3.94,7.45,2.16,2.7,4.9,4.28,8.57,7.72,https://media.api-sports.io/football/teams/97.png,https://media.api-sports.io/football/leagues/61.png,0.15384615384615385,0.0
22241,Bingourou Kamara,29.0,1996-10-21,Longjumeau,Senegal,196,92,https://media.api-sports.io/football/players/22241.png,Lorient,Ligue 1,Goalkeeper,270,6.17,5.0,5.06,4.94,0.64,3.85,4.1,5.06,4.49,2.63,3.14,4.17,4.23,8.78,5.77,https://media.api-sports.io/football/teams/97.png,https://media.api-sports.io/football/leagues/61.png,0.0,0.0
30748,Assane Dioussé El Hadji,28.0,1997-09-20,Dakar,Senegal,175,68,https://media.api-sports.io/football/players/30748.png,Auxerre,Ligue 1,Midfielder,200,6.61,6.54,3.41,3.3,8.34,7.38,5.22,8.19,6.42,3.37,2.74,1.88,1.11,6.53,1.6,https://media.api-sports.io/football/teams/108.png,https://media.api-sports.io/football/leagues/61.png,0.0,0.0
158551,Joel Mugisha Mvuka,23.0,2002-11-12,Bergen,Norway,176,66,https://media.api-sports.io/football/players/158551.png,Lorient,Ligue 1,Midfielder,481,6.57,5.65,3.41,3.3,1.44,4.52,9.17,2.18,7.43,7.24,8.19,8.14,7.02,7.92,7.73,https://media.api-sports.io/football/teams/97.png,https://media.api-sports.io/football/leagues/61.png,0.0,0.0
162236,Formose Mendy,24.0,2001-01-02,Dakar,Senegal,191,76,https://media.api-sports.io/football/players/162236.png,Lorient,Ligue 1,Defender,135,6.95,1.41,3.94,3.99,8.15,1.39,6.59,1.25,9.33,7.16,7.97,1.19,1.68,9.35,3.19,https://media.api-sports.io/football/teams/97.png,https://media.api-sports.io/football/leagues/61.png,0.0,0.0
193953,Lamine Sy,23.0,2002-08-10,Les Mureaux,France,171,65,https://media.api-sports.io/football/players/193953.png,Auxerre,Ligue 1,Defender,415,6.65,1.41,3.94,3.99,1.66,8.61,9.04,8.65,8.2,4.54,6.98,8.53,8.58,7.28,4.59,https://media.api-sports.io/football/teams/108.png,https://media.api-sports.io/football/leagues/61.png,0.0,0.0
215827,Fredrik Oppegård,23.0,2002-08-07,Oslo,Norway,175,67,https://media.api-sports.io/football/players/215827.png,Auxerre,Ligue 1,Defender,574,6.53,5.24,3.94,3.99,1.49,8.68,7.88,3.97,6.75,1.66,1.9,6.78,7.09,3.51,5.62,https://media.api-sports.io/football/teams/108.png,https://media.api-sports.io/football/leagues/61.png,0.0,0.0
293643,Ibrahim Osman,21.0,2004-11-29,Accra,Ghana,177,64,https://media.api-sports.io/football/players/293643.png,Auxerre,Ligue 1,Midfielder,540,6.6,9.36,3.41,9.44,1.47,6.67,4.06,2.18,3.9,7.85,6.01,8.7,7.29,7.9,5.33,https://media.api-sports.io/football/teams/108.png,https://media.api-sports.io/football/leagues/61.png,0.0,0.33333333333333337
322595,Lasso Coulibaly,23.0,2002-10-19,Bouaké,Ghana,186,70,https://media.api-sports.io/football/players/322595.png,Auxerre,Ligue 1,Midfielder,209,6.69,3.62,3.41,3.3,2.96,2.79,7.65,8.12,8.09,9.51,9.66,9.68,9.9,9.61,0.66,https://media.api-sports.io/football/teams/108.png,https://media.api-sports.io/football/leagues/61.png,0.0,0.0
323625,Kévin Danois,21.0,2004-06-28,Basse-Terre,France,183,72,https://media.api-sports.io/football/players/323625.png,Auxerre,Ligue 1,Midfielder,1242,6.83,5.5,7.07,6.65,7.63,8.9,6.77,5.23,6.97,4.65,3.25,5.82,7.63,2.26,5.99,https://media.api-sports.io/football/teams/108.png,https://media.api-sports.io/football/leagues/61.png,0.07246376811594203,0.07246376811594203
402265,Arthur Ebong Avom,21.0,2004-12-15,Yaounde,Cameroon,185,,https://media.api-sports.io/football/players/402265.png,Lorient,Ligue 1,Midfielder,1269,7.05,5.04,3.41,6.6,8.17,7.65,7.24,4.38,8.85,4.94,7.24,6.23,7.7,8.51,7.14,https://media.api-sports.io/football/teams/97.png,https://media.api-sports.io/football/leagues/61.png,0.0,0.07092198581560284
496896,Rudy Matondo,17.0,2008-03-13,Évry-Courcouronnes,France,180,,https://media.api-sports.io/football/players/496896.png,Auxerre,Ligue 1,Midfielder,494,6.61,2.05,3.41,3.3,4.3,1.88,5.38,7.62,7.26,3.69,3.5,2.2,3.74,6.26,2.59,https://media.api-sports.io/football/teams/108.png,https://media.api-sports.io/football/leagues/61.png,0.0,0.0
20546,Brendan Chardonnet,31.0,1994-12-22,Saint-Renan,France,181,74,https://media.api-sports.io/football/players/20546.png,Stade Brestois 29,Ligue 1,Defender,1197,6.84,6.85,3.94,8.41,7.24,5.48,2.62,9.4,4.83,3.17,3.8,2.5,1.68,5.91,4.35,https://media.api-sports.io/football/teams/106.png,https://media.api-sports.io/football/leagues/61.png,0.0,0.07518796992481203
20917,Laurent Abergel,32.0,1993-02-01,Marseille,France,185,65,https://media.api-sports.io/football/players/20917.png,Lorient,Ligue 1,Midfielder,1307,6.95,3.99,6.97,3.3,9.32,4.21,4.33,2.18,6.33,1.49,2.3,3.64,4.21,3.81,5.28,https://media.api-sports.io/football/teams/97.png,https://media.api-sports.io/football/leagues/61.png,0.06885998469778118,0.0
22170,Pierre Lees-Melou,32.0,1993-05-25,Langon,France,185,69,https://media.api-sports.io/football/players/22170.png,Stade Brestois 29,Ligue 1,Midfielder,180,7.05,8.48,3.41,3.3,8.07,7.92,9.32,2.18,1.06,8.11,8.97,5.59,7.29,9.1,6.37,https://media.api-sports.io/football/teams/106.png,https://media.api-sports.io/football/leagues/61.png,0.0,0.0
22171,Jean-Victor Makengo,27.0,1998-06-12,Etampes,France,177,75,https://media.api-sports.io/football/players/22171.png,Lorient,Ligue 1,Midfielder,619,6.62,8.95,3.41,8.07,2.93,6.65,4.89,2.18,3.55,5.13,6.19,7.63,7.85,8.02,7.82,https://media.api-sports.io/football/teams/97.png,https://media.api-sports.io/football/leagues/61.png,0.0,0.14539579967689822
22247,Kenny Lala,34.0,1991-10-03,Villepinte,France,178,78,https://media.api-sports.io/football/players/22247.png,Stade Brestois 29,Ligue 1,Defender,1428,6.8,2.81,3.94,8.08,4.71,8.03,3.1,4.42,3.65,1.44,1.32,6.54,5.89,6.08,8.37,https://media.api-sports.io/football/teams/106.png,https://media.api-sports.io/football/leagues/61.png,0.0,0.06302521008403361
85914,Julien Le Cardinal,28.0,1997-08-03,Saint-Brieuc,France,182,73,https://media.api-sports.io/football/players/85914.png,Stade Brestois 29,Ligue 1,Defender,327,6.92,9.62,9.69,3.99,4.35,4.78,3.8,9.45,4.1,8.12,8.41,3.68,1.68,7.38,8.03,https://media.api-sports.io/football/teams/106.png,https://media.api-sports.io/football/leagues/61.png,0.27522935779816515,0.0
144319,Sambou Soumano,24.0,2001-01-13,Dakar,Senegal,182,69,https://media.api-sports.io/football/players/144319.png,Lorient,Ligue 1,Attacker,663,6.68,8.03,8.88,8.67,2.18,4.32,3.5,3.3,6.56,5.95,6.63,2.69,3.83,7.55,4.22,https://media.api-sports.io/football/teams/97.png,https://media.api-sports.io/football/leagues/61.png,0.5429864253393666,0.2714932126696833
174703,Théo Le Bris,23.0,2002-10-01,Rennes,France,170,65,https://media.api-sports.io/football/players/174703.png,Lorient,Ligue 1,Midfielder,902,6.91,7.29,8.66,7.31,3.3,6.01,7.41,4.77,3.23,0.71,2.71,4.52,5.31,1.78,8.14,https://media.api-sports.io/football/teams/97.png,https://media.api-sports.io/football/leagues/61.png,0.19955654101995565,0.09977827050997783
200873,Muhamad Bamba,24.0,2001-12-10,Bouaké,Côte d'Ivoire,185,75,https://media.api-sports.io/football/players/200873.png,Lorient,Ligue 1,Attacker,618,6.44,4.83,5.68,7.55,2.38,3.84,2.93,3.3,4.76,3.2,3.61,1.87,3.23,4.22,3.57,https://media.api-sports.io/football/teams/97.png,https://media.api-sports.io/football/leagues/61.png,0.14563106796116507,0.14563106796116507
274267,Bradley Locko Banzouzi,23.0,2002-05-06,Ivry-sur-Seine,France,180,74,https://media.api-sports.io/football/players/274267.png,Stade Brestois 29,Ligue 1,Defender,939,6.65,3.68,3.94,8.63,2.0,7.33,9.35,1.25,3.73,7.62,7.12,8.63,8.8,4.9,7.4,https://media.api-sports.io/football/teams/106.png,https://media.api-sports.io/football/leagues/61.png,0.0,0.09584664536741215
276662,Pablo Pagis,23.0,2002-12-29,Montbéliard,France,181,70,https://media.api-sports.io/football/players/276662.png,Lorient,Ligue 1,Attacker,718,6.96,7.79,9.25,3.37,7.62,7.45,4.63,8.57,9.22,2.28,2.04,5.44,6.05,3.13,4.18,https://media.api-sports.io/football/teams/97.png,https://media.api-sports.io/football/leagues/61.png,0.6267409470752089,0.0
322865,Dermane Karim,22.0,2003-12-26,,Togo,,,https://media.api-sports.io/football/players/322865.png,Lorient,Ligue 1,Midfielder,770,6.64,7.07,3.41,7.63,3.86,5.55,4.95,6.31,4.35,7.26,5.92,6.45,6.53,9.02,4.23,https://media.api-sports.io/football/teams/97.png,https://media.api-sports.io/football/leagues/61.png,0.0,0.11688311688311688
384112,Panos Katseris,24.0,2001-07-05,Athína,Greece,187,,https://media.api-sports.io/football/players/384112.png,Lorient,Ligue 1,Defender,130,6.77,9.65,3.94,3.99,4.3,9.76,1.42,1.25,9.86,9.38,7.28,9.81,8.12,9.88,2.91,https://media.api-sports.io/football/teams/97.png,https://media.api-sports.io/football/leagues/61.png,0.0,0.0
402386,Kan Guy Arsène Kouassi,21.0,2004-09-11,Cocody,Côte d'Ivoire,188,,https://media.api-sports.io/football/players/402386.png,Lorient,Ligue 1,Midfielder,1366,6.94,2.18,6.89,8.66,2.76,7.02,2.05,4.35,6.58,2.32,4.47,8.44,8.53,7.38,7.85,https://media.api-sports.io/football/teams/97.png,https://media.api-sports.io/football/leagues/61.png,0.06588579795021962,0.19765739385065886
1337,Berke Özer,25.0,2000-05-25,İzmir,Türkiye,190,73,https://media.api-sports.io/football/players/1337.png,Lille,Ligue 1,Goalkeeper,1260,7.51,5.0,5.06,10.0,7.05,8.91,8.97,5.06,4.49,9.36,9.04,4.17,4.23,9.74,5.77,https://media.api-sports.io/football/teams/79.png,https://media.api-sports.io/football/leagues/61.png,0.0,0.07142857142857142
2204,Benjamin Michel Édouard André,35.0,1990-08-03,Nice,France,180,76,https://media.api-sports.io/football/players/2204.png,Lille,Ligue 1,Midfielder,1160,7.02,6.31,8.22,6.85,8.41,4.35,6.75,6.28,6.04,7.53,7.87,2.91,3.99,5.87,2.47,https://media.api-sports.io/football/teams/79.png,https://media.api-sports.io/football/leagues/61.png,0.15517241379310345,0.07758620689655173
2214,Romain Del Castillo,29.0,1996-03-29,Lyon,France,172,60,https://media.api-sports.io/football/players/2214.png,Stade Brestois 29,Ligue 1,Attacker,1269,6.87,3.2,8.06,7.45,8.5,9.52,9.15,6.67,8.61,5.24,6.38,7.62,6.56,4.39,5.95,https://media.api-sports.io/football/teams/106.png,https://media.api-sports.io/football/leagues/61.png,0.425531914893617,0.14184397163120568
20600,Romain Paul Jean-Michel Perraud,28.0,1997-09-22,Toulouse,France,173,68,https://media.api-sports.io/football/players/20600.png,Lille,Ligue 1,Defender,1155,6.9,9.16,9.06,9.59,5.0,9.47,5.75,2.98,5.12,5.46,4.83,6.08,5.07,9.22,4.1,https://media.api-sports.io/football/teams/79.png,https://media.api-sports.io/football/leagues/61.png,0.15584415584415584,0.23376623376623376
21248,Grégoire Coudert,26.0,1999-04-03,Rodez,France,188,85,https://media.api-sports.io/football/players/21248.png,Stade Brestois 29,Ligue 1,Goalkeeper,571,7.09,5.0,5.06,4.94,4.62,3.85,4.1,5.06,4.49,5.64,6.28,4.17,4.23,8.46,5.77,https://media.api-sports.io/football/teams/106.png,https://media.api-sports.io/football/leagues/61.png,0.0,0.0
22264,Ludovic Ajorque,31.0,1994-02-25,Saint-Denis,France,197,92,https://media.api-sports.io/football/players/22264.png,Stade Brestois 29,Ligue 1,Attacker,1315,6.84,4.25,5.2,8.78,6.26,6.26,4.22,6.6,7.21,7.21,8.95,1.94,3.88,5.92,3.67,https://media.api-sports.io/football/teams/106.png,https://media.api-sports.io/football/leagues/61.png,0.06844106463878327,0.2737642585551331
312964,Nathan Ngoy,22.0,2003-06-10,Brussels,Belgium,183,74,https://media.api-sports.io/football/players/312964.png,Lille,Ligue 1,Defender,1062,6.7,8.29,3.94,8.53,8.63,4.64,4.45,4.86,8.22,1.8,2.14,4.62,5.22,2.26,5.14,https://media.api-sports.io/football/teams/79.png,https://media.api-sports.io/football/leagues/61.png,0.0,0.0847457627118644
318416,Marius Sivertsen Broholm,21.0,2004-12-26,,Norway,,,https://media.api-sports.io/football/players/318416.png,Lille,Ligue 1,Midfielder,159,6.63,8.84,9.74,3.3,5.61,8.45,8.28,2.18,1.06,6.71,6.96,8.81,8.96,5.59,5.54,https://media.api-sports.io/football/teams/79.png,https://media.api-sports.io/football/leagues/61.png,0.5660377358490566,0.0
329209,Axel Camblan,22.0,2003-06-18,Brest,France,168,60,https://media.api-sports.io/football/players/329209.png,Stade Brestois 29,Ligue 1,Midfielder,11,6.5,0.92,3.41,3.3,1.54,9.95,0.48,2.18,1.06,2.9,0.26,0.53,1.11,0.76,9.44,https://media.api-sports.io/football/teams/106.png,https://media.api-sports.io/football/leagues/61.png,0.0,0.0
351888,Ousmane Touré,20.0,2005-02-18,Lille,France,187,73,https://media.api-sports.io/football/players/351888.png,Lille,Ligue 1,Defender,52,6.2,1.41,3.94,3.99,3.41,1.39,5.43,1.25,9.86,8.82,6.49,9.69,1.68,0.84,9.48,https://media.api-sports.io/football/teams/79.png,https://media.api-sports.io/football/leagues/61.png,0.0,0.0
365742,Michel Junior Diaz,22.0,2003-07-23,Saint-Herblain,Côte d'Ivoire,193,87,https://media.api-sports.io/football/players/365742.png,Stade Brestois 29,Ligue 1,Defender,648,6.78,3.25,3.94,3.99,4.25,3.33,3.31,6.62,6.71,1.3,1.97,3.7,5.52,3.22,8.8,https://media.api-sports.io/football/teams/106.png,https://media.api-sports.io/football/leagues/61.png,0.0,0.0
369556,Justin Bourgault,20.0,2005-09-14,Saint-Brieuc,France,185,80,https://media.api-sports.io/football/players/369556.png,Stade Brestois 29,Ligue 1,Defender,15,6.2,9.98,3.94,3.99,0.65,1.39,0.48,1.25,9.99,9.95,9.95,9.9,9.98,0.84,9.48,https://media.api-sports.io/football/teams/106.png,https://media.api-sports.io/football/leagues/61.png,0.0,0.0
422595,Tolikpaley Luck Evrad Zogbé,20.0,2005-03-24,Vieil Ousrou,Côte d'Ivoire,178,70,https://media.api-sports.io/football/players/422595.png,Stade Brestois 29,Ligue 1,Defender,10,6.7,1.41,3.94,3.99,0.12,1.39,0.48,1.25,0.75,10.0,0.25,1.19,1.68,0.84,0.0,https://media.api-sports.io/football/teams/106.png,https://media.api-sports.io/football/leagues/61.png,0.0,0.0
449153,Hamidou Makalou,19.0,2006-07-15,Bamako,Mali,164,58,https://media.api-sports.io/football/players/449153.png,Stade Brestois 29,Ligue 1,Midfielder,170,6.47,7.1,3.41,3.3,3.89,9.18,1.2,8.7,9.03,0.39,0.56,4.03,1.11,5.24,8.44,https://media.api-sports.io/football/teams/106.png,https://media.api-sports.io/football/leagues/61.png,0.0,0.0
485957,Serigne Diop,20.0,2005-05-12,,Senegal,193,84,https://media.api-sports.io/football/players/485957.png,Stade Brestois 29,Ligue 1,Attacker,26,6.5,0.8,2.6,3.37,0.27,1.12,1.05,3.3,2.21,6.22,9.56,7.55,9.64,0.83,9.39,https://media.api-sports.io/football/teams/106.png,https://media.api-sports.io/football/leagues/61.png,0.0,0.0
498791,Raphaël Marc Le Guen,19.0,2006-09-01,,France,196,83,https://media.api-sports.io/football/players/498791.png,Stade Brestois 29,Ligue 1,Defender,11,6.3,1.41,3.94,3.99,0.32,1.39,0.48,1.25,0.75,0.11,0.25,1.19,1.68,0.84,9.48,https://media.api-sports.io/football/teams/106.png,https://media.api-sports.io/football/leagues/61.png,0.0,0.0
2096,Arnaud Bodart,27.0,1998-03-11,Seraing,Belgium,186,80,https://media.api-sports.io/football/players/2096.png,Lille,Ligue 1,Goalkeeper,180,6.85,5.0,5.06,4.94,6.79,3.85,4.1,5.06,4.49,4.49,0.83,4.17,4.23,2.24,0.06,https://media.api-sports.io/football/teams/79.png,https://media.api-sports.io/football/leagues/61.png,0.0,0.0
20525,Matthieu Udol,29.0,1996-03-20,Metz,France,178,79,https://media.api-sports.io/football/players/20525.png,Lens,Ligue 1,Defender,1434,7.06,8.53,3.94,9.76,4.33,9.45,4.71,3.99,8.51,5.67,3.44,8.27,7.64,6.42,4.33,https://media.api-sports.io/football/teams/116.png,https://media.api-sports.io/football/leagues/61.png,0.0,0.3138075313807531
21568,Ruben Aguilar,32.0,1993-04-26,Grenoble,France,172,70,https://media.api-sports.io/football/players/21568.png,Lens,Ligue 1,Midfielder,1258,6.95,4.45,3.41,6.63,6.72,6.53,6.21,8.8,8.97,1.0,2.69,2.59,3.15,2.59,5.45,https://media.api-sports.io/football/teams/116.png,https://media.api-sports.io/football/leagues/61.png,0.0,0.07154213036565978
22166,Malang Mamadou William Georges Sarr,26.0,1999-01-23,Nice,France,183,73,https://media.api-sports.io/football/players/22166.png,Lens,Ligue 1,Defender,1355,7.19,6.32,3.94,3.99,7.84,1.39,6.44,6.83,9.4,2.55,4.5,3.12,3.99,3.82,6.97,https://media.api-sports.io/football/teams/116.png,https://media.api-sports.io/football/leagues/61.png,0.0,0.0
22261,Adrien Thomasson,32.0,1993-12-10,Bourg-Saint-Maurice,France,175,72,https://media.api-sports.io/football/players/22261.png,Lens,Ligue 1,Midfielder,1347,6.89,6.06,6.94,9.1,7.33,9.63,8.19,5.06,4.87,7.63,6.09,5.23,4.06,7.58,1.76,https://media.api-sports.io/football/teams/116.png,https://media.api-sports.io/football/leagues/61.png,0.06681514476614699,0.26726057906458794
135749,Félix Alexandre Andrade Sanches Correia,24.0,2001-01-22,Lisboa,Portugal,178,64,https://media.api-sports.io/football/players/135749.png,Lille,Ligue 1,Midfielder,1055,7.06,6.72,9.02,9.49,5.38,8.66,1.91,4.6,7.07,1.93,1.86,6.97,5.28,5.09,8.17,https://media.api-sports.io/football/teams/79.png,https://media.api-sports.io/football/leagues/61.png,0.2559241706161137,0.3412322274881517
270509,Andy Alune Diouf,22.0,2003-05-17,Neuilly-sur-Seine,France,187,82,https://media.api-sports.io/football/players/270509.png,Lens,Ligue 1,Midfielder,90,7.3,9.36,3.41,3.3,5.99,0.84,2.16,2.18,1.06,3.9,5.66,9.39,9.71,4.88,9.44,https://media.api-sports.io/football/teams/116.png,https://media.api-sports.io/football/leagues/61.png,0.0,0.0
318416,Marius Sivertsen Broholm,21.0,2004-12-26,,Norway,,,https://media.api-sports.io/football/players/318416.png,Lille,Ligue 1,Midfielder,159,6.63,8.84,9.74,3.3,5.61,8.45,8.28,2.18,1.06,6.71,6.96,8.81,8.96,5.59,5.54,https://media.api-sports.io/football/teams/79.png,https://media.api-sports.io/football/leagues/61.png,0.5660377358490566,0.0
334878,Ugo Raghouber,22.0,2003-07-13,,France,180,62,https://media.api-sports.io/football/players/334878.png,Lille,Ligue 1,Midfielder,10,6.3,0.92,3.41,3.3,8.8,0.84,0.48,2.18,1.06,3.9,0.26,9.84,1.11,0.76,9.44,https://media.api-sports.io/football/teams/79.png,https://media.api-sports.io/football/leagues/61.png,0.0,0.0
340077,Matias Fernandez-Pardo,20.0,2005-02-03,,Belgium,183,70,https://media.api-sports.io/football/players/340077.png,Lille,Ligue 1,Attacker,890,7.13,3.84,6.09,8.84,7.55,7.96,5.68,3.3,5.82,0.99,3.3,6.36,7.21,5.24,8.33,https://media.api-sports.io/football/teams/79.png,https://media.api-sports.io/football/leagues/61.png,0.20224719101123598,0.30337078651685395
340080,Vincent Burlet,20.0,2005-09-23,,Belgium,,,https://media.api-sports.io/football/players/340080.png,Lille,Ligue 1,Defender,18,6.3,1.41,3.94,3.99,9.41,9.95,0.48,1.25,0.75,9.6,0.25,9.86,1.68,0.84,9.48,https://media.api-sports.io/football/teams/79.png,https://media.api-sports.io/football/leagues/61.png,0.0,0.0
347211,Robin Risser Birckel,21.0,2004-12-02,Colmar,France,192,83,https://media.api-sports.io/football/players/347211.png,Lens,Ligue 1,Goalkeeper,1445,7.29,5.0,5.06,4.94,2.44,7.69,4.1,5.06,4.49,2.44,2.82,4.17,4.23,6.92,5.77,https://media.api-sports.io/football/teams/116.png,https://media.api-sports.io/football/leagues/61.png,0.0,0.0
438688,Ayyoub Bouaddi,18.0,2007-10-02,Senlis,France,186,72,https://media.api-sports.io/football/players/438688.png,Lille,Ligue 1,Midfielder,1052,6.63,2.93,3.41,7.11,4.5,5.62,5.18,8.09,6.06,4.52,6.14,6.65,8.36,5.11,1.83,https://media.api-sports.io/football/teams/79.png,https://media.api-sports.io/football/leagues/61.png,0.0,0.08555133079847908
487381,Soriba Diaoune,18.0,2007-08-14,,Guinea,174,56,https://media.api-sports.io/football/players/487381.png,Lille,Ligue 1,Attacker,26,7.2,9.9,9.97,10.0,7.21,9.83,1.05,3.3,2.21,2.96,2.43,7.55,9.64,0.83,0.9,https://media.api-sports.io/football/teams/79.png,https://media.api-sports.io/football/leagues/61.png,3.4615384615384617,3.4615384615384617
490745,Maxima Adeagan Goffi,17.0,2008-01-23,,France,,,https://media.api-sports.io/football/players/490745.png,Lille,Ligue 1,Defender,38,6.6,1.41,3.94,3.99,7.26,1.39,7.96,1.25,0.75,9.47,9.81,9.18,9.88,0.84,0.79,https://media.api-sports.io/football/teams/79.png,https://media.api-sports.io/football/leagues/61.png,0.0,0.0
20761,Florian Sotoca,35.0,1990-10-25,Narbonne,France,187,77,https://media.api-sports.io/football/players/20761.png,Lens,Ligue 1,Attacker,108,6.43,2.55,2.6,3.37,8.47,9.46,1.05,3.3,9.97,7.69,3.88,2.14,5.29,6.31,1.92,https://media.api-sports.io/football/teams/116.png,https://media.api-sports.io/football/leagues/61.png,0.0,0.0
20762,Rémy Descamps,29.0,1996-06-25,Marcq-en-Barœul.,France,194,74,https://media.api-sports.io/football/players/20762.png,Lyon,Ligue 1,Goalkeeper,360,7.4,5.0,5.06,4.94,2.56,3.85,4.1,5.06,4.49,2.05,0.83,4.17,4.23,2.24,5.77,https://media.api-sports.io/football/teams/80.png,https://media.api-sports.io/football/leagues/61.png,0.0,0.0
21715,Wesley Saïd,30.0,1995-04-19,Noisy-le-Grand,France,171,72,https://media.api-sports.io/football/players/21715.png,Lens,Ligue 1,Attacker,1101,7.11,6.84,8.61,7.72,7.35,5.14,4.56,3.3,7.76,1.02,1.36,3.88,5.14,1.7,5.37,https://media.api-sports.io/football/teams/116.png,https://media.api-sports.io/football/leagues/61.png,0.49046321525885556,0.16348773841961853
162590,Tyler Scott Morton,23.0,2002-10-31,Wallasey,England,182,75,https://media.api-sports.io/football/players/162590.png,Lyon,Ligue 1,Midfielder,1231,7.01,4.62,7.09,6.67,7.78,7.63,4.99,8.61,4.72,1.22,2.44,3.06,5.23,2.96,3.64,https://media.api-sports.io/football/teams/80.png,https://media.api-sports.io/football/leagues/61.png,0.07311129163281885,0.07311129163281885
334914,Saël Kumbedi Nseke,20.0,2005-03-26,Stains,France,175,67,https://media.api-sports.io/football/players/334914.png,Lyon,Ligue 1,Defender,66,6.5,9.59,3.94,3.99,0.36,1.39,3.75,1.25,7.31,9.6,7.08,7.76,1.68,9.78,0.12,https://media.api-sports.io/football/teams/80.png,https://media.api-sports.io/football/leagues/61.png,0.0,0.0
369500,Pierre-Ismaëlo Ganiou,20.0,2005-03-14,Lille,France,191,80,https://media.api-sports.io/football/players/369500.png,Lens,Ligue 1,Defender,438,6.9,7.96,9.4,3.99,7.67,3.85,5.12,7.48,6.63,5.55,5.94,5.79,4.78,4.5,1.47,https://media.api-sports.io/football/teams/116.png,https://media.api-sports.io/football/leagues/61.png,0.2054794520547945,0.0
395811,Fodé Sanassy Sylla,19.0,2006-04-16,,France,182,70,https://media.api-sports.io/football/players/395811.png,Lens,Ligue 1,Midfielder,69,6.9,0.92,3.41,3.3,8.74,0.84,9.83,2.18,8.15,8.55,9.58,4.84,1.11,0.76,1.16,https://media.api-sports.io/football/teams/116.png,https://media.api-sports.io/football/leagues/61.png,0.0,0.0
402066,Anthony Bermont,20.0,2005-02-10,,France,176,54,https://media.api-sports.io/football/players/402066.png,Lens,Ligue 1,Midfielder,49,6.63,9.19,3.41,3.3,9.76,0.84,0.48,2.18,9.9,7.95,8.83,8.95,9.83,0.76,2.54,https://media.api-sports.io/football/teams/116.png,https://media.api-sports.io/football/leagues/61.png,0.0,0.0
443579,Rayan Fofana,19.0,2006-02-12,,France,182,74,https://media.api-sports.io/football/players/443579.png,Lens,Ligue 1,Attacker,463,6.65,9.32,7.79,3.37,2.45,4.12,6.87,8.16,6.5,6.97,8.54,5.61,5.88,9.39,5.44,https://media.api-sports.io/football/teams/116.png,https://media.api-sports.io/football/leagues/61.png,0.38876889848812096,0.0
407,Benjamin Fernand Lucien François Stambouli,35.0,1990-08-13,Marseille,France,180,82,https://media.api-sports.io/football/players/407.png,Metz,Ligue 1,Midfielder,547,6.79,4.11,3.41,3.3,7.14,5.92,5.94,5.5,3.79,2.22,4.08,3.74,5.57,4.72,5.43,https://media.api-sports.io/football/teams/112.png,https://media.api-sports.io/football/leagues/61.png,0.0,0.0
96331,Koffi Franck Kouao,27.0,1998-05-20,Abidjan,Côte d'Ivoire,173,65,https://media.api-sports.io/football/players/96331.png,Metz,Ligue 1,Defender,1202,6.81,8.27,3.94,3.99,4.5,6.49,8.89,4.38,3.58,7.07,7.31,7.07,8.82,8.37,3.97,https://media.api-sports.io/football/teams/112.png,https://media.api-sports.io/football/leagues/61.png,0.0,0.0
158532,Jonathan Frost Fischer,24.0,2001-11-09,,Denmark,198,,https://media.api-sports.io/football/players/158532.png,Metz,Ligue 1,Goalkeeper,1363,7.19,5.0,5.06,4.94,8.59,8.08,4.1,5.06,4.49,7.44,6.54,4.17,4.23,7.95,5.77,https://media.api-sports.io/football/teams/112.png,https://media.api-sports.io/football/leagues/61.png,0.0,0.0
193293,Ruben Kluivert,24.0,2001-05-21,Amsterdam,Netherlands,187,70,https://media.api-sports.io/football/players/193293.png,Lyon,Ligue 1,Defender,217,6.34,1.41,3.94,9.86,6.54,5.84,8.05,4.76,8.63,8.51,8.65,4.54,6.63,3.2,1.01,https://media.api-sports.io/football/teams/80.png,https://media.api-sports.io/football/leagues/61.png,0.0,0.4147465437788018
345388,Afonso Bastardo Moreira,20.0,2005-03-19,Lamego,Portugal,176,69,https://media.api-sports.io/football/players/345388.png,Lyon,Ligue 1,Attacker,569,7.03,6.92,7.18,9.76,5.31,9.08,8.3,3.3,8.03,5.44,5.99,7.24,6.5,7.99,5.75,https://media.api-sports.io/football/teams/80.png,https://media.api-sports.io/football/leagues/61.png,0.3163444639718805,0.632688927943761
378353,Urie-Michel Mboula,22.0,2003-04-30,Libreville,Gabon,185,,https://media.api-sports.io/football/players/378353.png,Metz,Ligue 1,Defender,176,6.67,1.41,3.94,3.99,5.99,1.39,4.53,5.36,5.24,3.2,6.27,9.0,8.94,9.7,5.1,https://media.api-sports.io/football/teams/112.png,https://media.api-sports.io/football/leagues/61.png,0.0,0.0
428084,Sadibou Sané,21.0,2004-06-10,Diouloulou,Senegal,185,76,https://media.api-sports.io/football/players/428084.png,Metz,Ligue 1,Defender,503,6.56,3.53,9.24,3.99,9.69,1.39,8.12,4.24,7.78,3.65,3.99,1.19,1.68,5.19,2.07,https://media.api-sports.io/football/teams/112.png,https://media.api-sports.io/football/leagues/61.png,0.17892644135188865,0.0
438692,Mathys de Carvalho Soares,20.0,2005-05-01,Lyon,France,,,https://media.api-sports.io/football/players/438692.png,Lyon,Ligue 1,Midfielder,281,6.77,9.29,3.41,3.3,9.0,2.37,6.99,7.26,8.07,4.25,6.45,1.44,3.57,7.21,8.02,https://media.api-sports.io/football/teams/80.png,https://media.api-sports.io/football/leagues/61.png,0.0,0.0
519664,Khalis Merah,18.0,2007-02-24,,France,,,https://media.api-sports.io/football/players/519664.png,Lyon,Ligue 1,Midfielder,530,6.49,2.89,3.41,3.3,4.35,6.09,1.76,2.18,2.22,1.86,2.38,3.28,5.77,7.48,3.74,https://media.api-sports.io/football/teams/80.png,https://media.api-sports.io/football/leagues/61.png,0.0,0.0
19518,Maxime Jean-Yves Colin,34.0,1991-11-15,Arras,France,179,77,https://media.api-sports.io/football/players/19518.png,Metz,Ligue 1,Defender,803,6.46,5.55,3.94,3.99,5.89,4.21,7.55,5.77,6.63,1.95,2.76,5.53,6.92,2.72,8.7,https://media.api-sports.io/football/teams/112.png,https://media.api-sports.io/football/leagues/61.png,0.0,0.0
21640,Jessy Deminguet,27.0,1998-01-07,Lisieux,France,178,74,https://media.api-sports.io/football/players/21640.png,Metz,Ligue 1,Midfielder,981,6.69,3.23,7.58,3.3,5.26,1.74,5.45,5.75,6.5,3.52,3.59,3.89,5.45,6.01,4.77,https://media.api-sports.io/football/teams/112.png,https://media.api-sports.io/football/leagues/61.png,0.09174311926605505,0.0
276184,Mamadou Sarr,20.0,2005-08-29,Martigues,France,194,77,https://media.api-sports.io/football/players/276184.png,Strasbourg,Ligue 1,Defender,1125,6.85,2.88,3.94,3.99,9.38,2.93,3.14,2.52,2.38,3.15,3.41,5.1,5.94,5.73,4.45,https://media.api-sports.io/football/teams/95.png,https://media.api-sports.io/football/leagues/61.png,0.0,0.0
282549,Junior Mwanga,22.0,2003-05-11,Lyon,France,184,80,https://media.api-sports.io/football/players/282549.png,Strasbourg,Ligue 1,Defender,180,7.6,7.25,3.94,3.99,9.09,8.41,9.63,1.25,2.43,7.72,8.51,6.94,7.25,3.68,1.18,https://media.api-sports.io/football/teams/95.png,https://media.api-sports.io/football/leagues/61.png,0.0,0.0
325594,Félix Lemaréchal,22.0,2003-08-07,Tours,France,180,73,https://media.api-sports.io/football/players/325594.png,Strasbourg,Ligue 1,Midfielder,544,6.58,7.51,3.41,9.41,5.5,6.6,8.23,2.18,3.84,8.19,8.09,8.92,9.22,4.82,4.6,https://media.api-sports.io/football/teams/95.png,https://media.api-sports.io/football/leagues/61.png,0.0,0.33088235294117646
327548,Joseph Nauquidi Diazongua Nfinigui,21.0,2004-10-31,Metz,France,187,74,https://media.api-sports.io/football/players/327548.png,Metz,Ligue 1,Midfielder,14,6.5,0.92,3.41,3.3,0.56,0.84,0.48,2.18,1.06,0.11,0.26,0.53,1.11,0.76,9.44,https://media.api-sports.io/football/teams/112.png,https://media.api-sports.io/football/leagues/61.png,0.0,0.0
334035,Samuel Amo-Ameyaw,19.0,2006-07-18,London,England,174,64,https://media.api-sports.io/football/players/334035.png,Strasbourg,Ligue 1,Defender,466,6.83,8.63,9.3,9.4,3.53,8.87,8.87,1.25,2.79,9.21,9.18,9.74,9.86,9.59,3.08,https://media.api-sports.io/football/teams/95.png,https://media.api-sports.io/football/leagues/61.png,0.19313304721030042,0.19313304721030042
336180,Morgan Bokele Mputu,21.0,2004-03-13,Lyon,France,175,,https://media.api-sports.io/football/players/336180.png,Metz,Ligue 1,Attacker,214,6.66,1.73,2.6,3.37,9.08,4.49,8.61,9.29,6.73,5.54,7.52,6.7,7.04,9.12,7.41,https://media.api-sports.io/football/teams/112.png,https://media.api-sports.io/football/leagues/61.png,0.0,0.0
340151,Mike Louis Penders,20.0,2005-07-31,Maasmechelen,Belgium,200,95,https://media.api-sports.io/football/players/340151.png,Strasbourg,Ligue 1,Goalkeeper,1350,6.94,5.0,5.06,4.94,9.36,3.85,4.1,5.06,4.49,1.67,1.67,4.17,4.23,2.24,1.15,https://media.api-sports.io/football/teams/95.png,https://media.api-sports.io/football/leagues/61.png,0.0,0.0
358166,Abdoul Guemissongui Ouattara,20.0,2005-10-22,Zoukpangbeu,France,178,68,https://media.api-sports.io/football/players/358166.png,Strasbourg,Ligue 1,Defender,843,6.68,9.25,9.45,3.99,3.12,5.17,3.49,1.25,4.25,0.84,0.82,7.86,5.96,2.6,6.18,https://media.api-sports.io/football/teams/95.png,https://media.api-sports.io/football/leagues/61.png,0.21352313167259787,0.0
403878,Pape Mamadou Sy,28.0,1997-05-02,Louga,Senegal,206,,https://media.api-sports.io/football/players/403878.png,Metz,Ligue 1,Goalkeeper,77,6.2,5.0,5.06,4.94,5.38,3.85,4.1,5.06,4.49,8.85,9.74,4.17,4.23,10.0,5.77,https://media.api-sports.io/football/teams/112.png,https://media.api-sports.io/football/leagues/61.png,0.0,0.0
408870,Ibou Sané,20.0,2005-03-28,Diégoune,Senegal,179,71,https://media.api-sports.io/football/players/408870.png,Metz,Ligue 1,Attacker,387,6.74,3.71,6.39,8.4,5.48,4.9,5.34,3.3,5.31,2.01,3.93,4.52,2.35,8.33,4.25,https://media.api-sports.io/football/teams/112.png,https://media.api-sports.io/football/leagues/61.png,0.23255813953488372,0.23255813953488372
415431,Samir El Mourabet,20.0,2005-10-06,Strasbourg,France,168,58,https://media.api-sports.io/football/players/415431.png,Strasbourg,Ligue 1,Midfielder,927,6.81,1.88,3.41,3.3,9.34,6.21,8.46,8.84,6.19,4.28,5.57,5.72,5.79,5.35,4.91,https://media.api-sports.io/football/teams/95.png,https://media.api-sports.io/football/leagues/61.png,0.0,0.0
434352,Alpha Amadou Touré,19.0,2006-01-25,Kaolack,Senegal,180,,https://media.api-sports.io/football/players/434352.png,Metz,Ligue 1,Midfielder,748,6.58,3.13,3.41,3.3,6.82,3.84,7.79,6.36,4.47,6.48,7.69,4.98,6.65,6.39,2.27,https://media.api-sports.io/football/teams/112.png,https://media.api-sports.io/football/leagues/61.png,0.0,0.0
434410,Idrissa Gueye,19.0,2006-09-16,Dakar,Senegal,174,66,https://media.api-sports.io/football/players/434410.png,Metz,Ligue 1,Attacker,130,6.53,2.18,2.6,3.37,0.71,1.12,7.04,3.3,2.21,4.49,3.78,1.8,1.09,5.07,2.99,https://media.api-sports.io/football/teams/112.png,https://media.api-sports.io/football/leagues/61.png,0.0,0.0
514519,Brian Djomeni Madjo,16.0,2009-01-12,Enfield,England,186,75,https://media.api-sports.io/football/players/514519.png,Metz,Ligue 1,Attacker,162,6.63,3.4,2.6,3.37,0.54,1.12,1.05,3.3,2.21,1.39,2.18,1.5,1.09,6.31,4.12,https://media.api-sports.io/football/teams/112.png,https://media.api-sports.io/football/leagues/61.png,0.0,0.0
2850,Karl-Johan Anton Johnsson,35.0,1990-01-28,Ränneslöv,Sweden,188,84,https://media.api-sports.io/football/players/2850.png,Strasbourg,Ligue 1,Goalkeeper,90,7.2,5.0,5.06,4.94,5.64,3.85,4.1,5.06,4.49,8.21,9.04,4.17,4.23,2.24,5.77,https://media.api-sports.io/football/teams/95.png,https://media.api-sports.io/football/leagues/61.png,0.0,0.0
129695,Dilane Bakwa,23.0,2002-08-26,Créteil,France,180,75,https://media.api-sports.io/football/players/129695.png,Strasbourg,Ligue 1,Attacker,105,7.57,2.59,9.59,9.97,8.88,9.57,4.93,3.3,8.66,6.09,8.91,9.8,9.76,9.25,9.39,https://media.api-sports.io/football/teams/95.png,https://media.api-sports.io/football/leagues/61.png,0.8571428571428572,1.7142857142857144
319572,Valentín Barco,21.0,2004-07-23,25 de Mayo,Argentina,170,66,https://media.api-sports.io/football/players/319572.png,Strasbourg,Ligue 1,Midfielder,1155,7.25,5.92,7.19,9.36,9.17,8.29,7.07,2.18,5.01,7.07,8.61,8.56,8.02,9.49,7.1,https://media.api-sports.io/football/teams/95.png,https://media.api-sports.io/football/leagues/61.png,0.07792207792207792,0.3116883116883117
371916,Christian Mawissa Elebi,20.0,2005-04-18,Saint-Jean-de-Verges,France,185,77,https://media.api-sports.io/football/players/371916.png,Monaco,Ligue 1,Defender,519,6.8,1.41,3.94,3.99,9.54,1.39,5.49,6.59,9.21,6.47,7.6,7.43,8.17,7.67,7.14,https://media.api-sports.io/football/teams/91.png,https://media.api-sports.io/football/leagues/61.png,0.0,0.0
387120,Rabby Nzingoula,20.0,2005-11-25,Lille,France,183,73,https://media.api-sports.io/football/players/387120.png,Strasbourg,Ligue 1,Midfielder,62,6.23,0.92,3.41,3.3,2.79,7.81,8.41,2.18,8.7,9.56,8.7,9.25,8.56,9.36,0.44,https://media.api-sports.io/football/teams/95.png,https://media.api-sports.io/football/leagues/61.png,0.0,0.0
390742,Joaquín Panichelli,23.0,2002-10-07,,Argentina,186,82,https://media.api-sports.io/football/players/390742.png,Strasbourg,Ligue 1,Attacker,1317,6.91,8.57,9.18,3.37,3.67,5.71,6.7,9.35,7.96,6.16,6.94,3.27,3.03,6.09,3.71,https://media.api-sports.io/football/teams/95.png,https://media.api-sports.io/football/leagues/61.png,0.6150341685649203,0.0
7313,Philipp François Köhn,27.0,1998-04-02,Dinslaken,Switzerland,190,80,https://media.api-sports.io/football/players/7313.png,Monaco,Ligue 1,Goalkeeper,821,6.82,5.0,5.06,4.94,1.03,3.85,4.1,5.06,9.62,5.9,5.77,4.17,4.23,5.13,5.77,https://media.api-sports.io/football/teams/91.png,https://media.api-sports.io/football/leagues/61.png,0.0,0.0
23637,Yanis Zouaoui,27.0,1998-04-28,Marseille,France,183,75,https://media.api-sports.io/football/players/23637.png,Le Havre,Ligue 1,Defender,1238,6.4,6.63,3.94,8.34,3.61,9.33,4.09,3.34,4.38,4.13,2.6,8.97,8.73,5.29,6.06,https://media.api-sports.io/football/teams/111.png,https://media.api-sports.io/football/leagues/61.png,0.0,0.07269789983844911
36932,Younes Namli,31.0,1994-06-20,København,Denmark,180,70,https://media.api-sports.io/football/players/36932.png,Le Havre,Ligue 1,Midfielder,340,6.62,4.21,3.41,9.05,2.98,4.84,7.31,2.18,9.03,7.48,6.75,5.79,8.23,5.24,1.88,https://media.api-sports.io/football/teams/111.png,https://media.api-sports.io/football/leagues/61.png,0.0,0.2647058823529412
64255,Gautier Lloris,30.0,1995-07-18,Nice,France,191,87,https://media.api-sports.io/football/players/64255.png,Le Havre,Ligue 1,Defender,1298,7.01,5.67,8.05,8.25,8.1,3.94,3.27,7.09,8.87,3.75,5.58,2.43,3.51,5.12,3.63,https://media.api-sports.io/football/teams/111.png,https://media.api-sports.io/football/leagues/61.png,0.06933744221879816,0.06933744221879816
119853,Mory Diaw,32.0,1993-06-22,Poissy,Senegal,197,95,https://media.api-sports.io/football/players/119853.png,Le Havre,Ligue 1,Goalkeeper,1444,6.88,5.0,5.06,9.87,6.03,9.49,9.36,5.06,9.74,3.97,4.74,4.17,4.23,5.38,5.77,https://media.api-sports.io/football/teams/111.png,https://media.api-sports.io/football/leagues/61.png,0.0,0.062326869806094184
162443,Étienne Ludovic Youté Kinkoué,23.0,2002-01-14,Lyon,France,196,88,https://media.api-sports.io/football/players/162443.png,Le Havre,Ligue 1,Midfielder,335,6.85,0.92,3.41,3.3,6.48,2.05,4.4,9.93,1.06,0.32,1.25,0.53,1.11,1.69,7.41,https://media.api-sports.io/football/teams/111.png,https://media.api-sports.io/football/leagues/61.png,0.0,0.0
174927,Arouna Sangante,23.0,2002-04-12,Mbao,Senegal,189,76,https://media.api-sports.io/football/players/174927.png,Le Havre,Ligue 1,Defender,1322,6.94,4.57,8.0,3.99,8.2,3.8,2.5,6.06,6.13,5.14,5.72,3.65,4.76,8.7,2.69,https://media.api-sports.io/football/teams/111.png,https://media.api-sports.io/football/leagues/61.png,0.0680786686838124,0.0
333137,Kassoum Ouattara,21.0,2004-10-14,Paris,France,176,73,https://media.api-sports.io/football/players/333137.png,Monaco,Ligue 1,Defender,701,6.52,8.08,3.94,9.83,1.9,9.42,7.79,1.25,5.31,9.25,7.5,9.76,8.99,7.02,2.36,https://media.api-sports.io/football/teams/91.png,https://media.api-sports.io/football/leagues/61.png,0.0,0.38516405135520687
364093,Simon Ebonog,21.0,2004-08-16,Yaoundé,France,,,https://media.api-sports.io/football/players/364093.png,Le Havre,Ligue 1,Midfielder,569,6.58,5.0,3.41,3.3,1.12,2.35,8.56,9.07,6.67,6.5,8.12,6.55,7.09,6.77,4.11,https://media.api-sports.io/football/teams/111.png,https://media.api-sports.io/football/leagues/61.png,0.0,0.0
386276,Paris Josua Brunner,19.0,2006-02-15,Dortmund,Germany,186,80,https://media.api-sports.io/football/players/386276.png,Monaco,Ligue 1,Attacker,95,6.3,2.86,2.6,3.37,2.72,1.12,5.46,3.3,8.96,7.55,4.78,6.5,5.78,3.37,0.2,https://media.api-sports.io/football/teams/91.png,https://media.api-sports.io/football/leagues/61.png,0.0,0.0
395040,George Ilenikhena,19.0,2006-08-16,Lagos,France,185,76,https://media.api-sports.io/football/players/395040.png,Monaco,Ligue 1,Attacker,288,6.55,9.42,9.22,3.37,0.88,4.93,2.41,8.91,2.21,3.64,3.5,6.46,2.55,4.59,8.61,https://media.api-sports.io/football/teams/91.png,https://media.api-sports.io/football/leagues/61.png,0.625,0.0
453792,Aladji Bamba,19.0,2006-07-14,,France,181,67,https://media.api-sports.io/football/players/453792.png,Monaco,Ligue 1,Midfielder,145,6.84,0.92,3.41,3.3,9.78,0.84,9.58,2.18,7.85,9.45,9.76,2.52,1.11,9.07,1.3,https://media.api-sports.io/football/teams/91.png,https://media.api-sports.io/football/leagues/61.png,0.0,0.0
961,Felix Khonde Mambimbi,24.0,2001-01-18,Fribourg,Switzerland,171,68,https://media.api-sports.io/football/players/961.png,Le Havre,Ligue 1,Attacker,287,6.45,4.01,2.6,3.37,2.93,6.43,8.27,3.3,8.91,4.15,3.57,5.31,5.71,2.59,1.5,https://media.api-sports.io/football/teams/111.png,https://media.api-sports.io/football/leagues/61.png,0.0,0.0
21570,Nicolas Louis Marcel Cozza,26.0,1999-01-08,Ganges,France,178,72,https://media.api-sports.io/football/players/21570.png,Nantes,Ligue 1,Defender,837,6.41,4.01,3.94,3.99,1.42,5.94,1.73,4.01,3.03,2.6,1.78,7.91,8.37,4.71,6.75,https://media.api-sports.io/football/teams/83.png,https://media.api-sports.io/football/leagues/61.png,0.0,0.0
21641,Godson Kyeremeh,25.0,2000-06-14,Melun,France,175,60,https://media.api-sports.io/football/players/21641.png,Le Havre,Ligue 1,Attacker,351,6.62,2.41,2.6,8.57,1.97,5.41,6.63,3.3,2.21,5.1,7.43,5.53,4.93,9.63,3.84,https://media.api-sports.io/football/teams/111.png,https://media.api-sports.io/football/leagues/61.png,0.0,0.25641025641025644
22134,Kelvin Amian Adou,27.0,1998-02-08,Toulouse,France,180,78,https://media.api-sports.io/football/players/22134.png,Nantes,Ligue 1,Defender,1440,6.68,5.2,3.94,8.02,3.44,4.52,4.38,6.17,1.59,1.97,3.1,3.05,3.91,5.79,6.03,https://media.api-sports.io/football/teams/83.png,https://media.api-sports.io/football/leagues/61.png,0.0,0.0625
128342,Rassoul Ndiaye,24.0,2001-12-11,Besançon,Senegal,179,70,https://media.api-sports.io/football/players/128342.png,Le Havre,Ligue 1,Midfielder,1095,6.88,7.16,8.91,3.3,2.27,5.06,5.92,5.48,3.36,2.81,3.94,4.3,5.09,5.79,7.97,https://media.api-sports.io/football/teams/111.png,https://media.api-sports.io/football/leagues/61.png,0.24657534246575344,0.0
137296,Hyeok-Kyu Kwon,24.0,2001-03-13,,Korea Republic,190,77,https://media.api-sports.io/football/players/137296.png,Nantes,Ligue 1,Midfielder,764,6.79,1.93,3.41,3.3,1.88,0.84,5.06,9.63,5.84,2.03,3.18,1.05,1.11,5.92,4.69,https://media.api-sports.io/football/teams/83.png,https://media.api-sports.io/football/leagues/61.png,0.0,0.0
156465,Issa Soumaré,25.0,2000-10-10,Podor,Senegal,182,78,https://media.api-sports.io/football/players/156465.png,Le Havre,Ligue 1,Attacker,1444,7.08,7.72,5.92,7.24,4.49,5.2,6.26,7.99,5.44,7.38,8.61,4.97,5.1,8.1,4.29,https://media.api-sports.io/football/teams/111.png,https://media.api-sports.io/football/leagues/61.png,0.18698060941828257,0.12465373961218837
174625,Fodé Doucouré,24.0,2001-02-03,Bamako,Mali,172,62,https://media.api-sports.io/football/players/174625.png,Le Havre,Ligue 1,Defender,668,6.94,9.3,9.64,9.13,1.85,9.59,8.75,2.86,2.62,5.22,4.45,7.72,6.56,3.1,6.49,https://media.api-sports.io/football/teams/111.png,https://media.api-sports.io/football/leagues/61.png,0.2694610778443114,0.1347305389221557
174937,Yassine Kechta,23.0,2002-02-25,Paris,Morocco,174,68,https://media.api-sports.io/football/players/174937.png,Le Havre,Ligue 1,Midfielder,924,6.43,7.19,7.7,7.27,2.25,5.26,4.95,7.03,6.75,6.28,2.42,4.1,3.23,5.38,1.12,https://media.api-sports.io/football/teams/111.png,https://media.api-sports.io/football/leagues/61.png,0.09740259740259741,0.09740259740259741
197771,Yassine Benhattab,23.0,2002-11-18,Marseille,France,170,59,https://media.api-sports.io/football/players/197771.png,Nantes,Ligue 1,Midfielder,477,6.61,3.33,3.41,3.3,2.03,7.21,5.62,2.18,1.06,2.47,3.81,8.29,8.63,2.89,8.34,https://media.api-sports.io/football/teams/83.png,https://media.api-sports.io/football/leagues/61.png,0.0,0.0
443674,Louis Leroux,19.0,2006-01-23,,France,184,75,https://media.api-sports.io/football/players/443674.png,Nantes,Ligue 1,Midfielder,926,6.67,1.91,7.68,7.24,3.15,5.82,5.55,5.89,2.64,2.05,3.08,5.75,5.21,4.33,7.58,https://media.api-sports.io/football/teams/83.png,https://media.api-sports.io/football/leagues/61.png,0.09719222462203024,0.09719222462203024
460805,Daren Nbenbege Mosengo,19.0,2006-08-11,,France,188,72,https://media.api-sports.io/football/players/460805.png,Le Havre,Ligue 1,Midfielder,11,6.6,0.92,3.41,3.3,9.05,0.84,9.87,2.18,1.06,9.18,9.33,0.53,1.11,0.76,9.44,https://media.api-sports.io/football/teams/111.png,https://media.api-sports.io/football/leagues/61.png,0.0,0.0
522609,Tylel Tati,17.0,2008-01-19,Champigny-sur-Marne,France,190,79,https://media.api-sports.io/football/players/522609.png,Nantes,Ligue 1,Defender,1325,6.45,1.41,3.94,3.99,6.39,2.79,1.8,8.12,4.4,0.75,1.03,5.07,6.08,5.0,3.75,https://media.api-sports.io/football/teams/83.png,https://media.api-sports.io/football/leagues/61.png,0.0,0.0
924,Francis Joseph Coquelin,34.0,1991-05-13,Laval,France,176,74,https://media.api-sports.io/football/players/924.png,Nantes,Ligue 1,Midfielder,150,6.58,4.77,3.41,3.3,6.38,0.84,2.71,9.0,7.68,1.27,4.01,6.33,9.07,3.08,2.63,https://media.api-sports.io/football/teams/83.png,https://media.api-sports.io/football/leagues/61.png,0.0,0.0
15684,Patrik Ulf Anders Carlgren,33.0,1992-01-08,Falun,Sweden,188,84,https://media.api-sports.io/football/players/15684.png,Nantes,Ligue 1,Goalkeeper,98,6.05,5.0,5.06,4.94,2.69,3.85,4.1,5.06,4.49,7.69,8.46,4.17,4.23,2.24,5.77,https://media.api-sports.io/football/teams/83.png,https://media.api-sports.io/football/leagues/61.png,0.0,0.0
42086,Youssef El-Arabi,38.0,1987-02-03,Caen,Morocco,183,70,https://media.api-sports.io/football/players/42086.png,Nantes,Ligue 1,Attacker,570,6.59,3.33,8.4,3.37,5.17,5.85,3.16,7.69,4.83,5.99,5.07,5.68,4.32,7.69,2.14,https://media.api-sports.io/football/teams/83.png,https://media.api-sports.io/football/leagues/61.png,0.47368421052631576,0.0
161622,Matthis Abline,22.0,2003-03-28,,France,176,67,https://media.api-sports.io/football/players/161622.png,Nantes,Ligue 1,Attacker,1247,7.03,7.62,5.65,7.48,1.33,5.65,5.03,3.3,4.69,5.58,7.07,8.78,8.81,7.33,5.68,https://media.api-sports.io/football/teams/83.png,https://media.api-sports.io/football/leagues/61.png,0.14434643143544507,0.14434643143544507
193952,Johann Théo Tom Lepenant,23.0,2002-10-22,Granville,France,176,69,https://media.api-sports.io/football/players/193952.png,Nantes,Ligue 1,Midfielder,821,6.95,4.28,3.41,7.46,3.96,6.87,9.12,7.36,6.21,7.16,8.34,4.94,4.3,8.73,7.02,https://media.api-sports.io/football/teams/83.png,https://media.api-sports.io/football/leagues/61.png,0.0,0.10962241169305724
388779,Dehmaine Tabibou Assoumani,20.0,2005-04-17,,France,181,73,https://media.api-sports.io/football/players/388779.png,Nantes,Ligue 1,Midfielder,669,6.49,8.14,3.41,3.3,2.52,6.89,4.01,2.18,7.73,5.89,5.84,8.0,8.31,7.68,2.81,https://media.api-sports.io/football/teams/83.png,https://media.api-sports.io/football/leagues/61.png,0.0,0.0
428504,Amady Camara,20.0,2005-05-28,Bamako,Mali,180,,https://media.api-sports.io/football/players/428504.png,Nantes,Ligue 1,Attacker,160,6.5,3.5,2.6,3.37,6.46,6.05,8.84,3.3,7.65,5.9,4.42,5.41,4.05,4.15,4.05,https://media.api-sports.io/football/teams/83.png,https://media.api-sports.io/football/leagues/61.png,0.0,0.0
443676,Bahereba Guirassy,19.0,2006-08-29,Angers,Guinea,177,66,https://media.api-sports.io/football/players/443676.png,Nantes,Ligue 1,Midfielder,697,6.75,7.53,9.07,7.75,0.95,4.06,6.94,4.99,3.2,8.36,6.7,9.1,7.82,3.3,6.26,https://media.api-sports.io/football/teams/83.png,https://media.api-sports.io/football/leagues/61.png,0.2582496413199426,0.1291248206599713
20566,Yehvann Diouf,26.0,1999-11-16,Montreuil-sous-Bois,France,188,74,https://media.api-sports.io/football/players/20566.png,Nice,Ligue 1,Goalkeeper,1445,7.04,5.0,5.06,4.94,2.18,3.85,4.1,5.06,4.49,3.85,4.62,8.33,8.46,4.49,5.77,https://media.api-sports.io/football/teams/84.png,https://media.api-sports.io/football/leagues/61.png,0.0,0.0
162465,Melvin Michel Maxence Bard,25.0,2000-11-06,Ecully,France,173,65,https://media.api-sports.io/football/players/162465.png,Nice,Ligue 1,Midfielder,1355,6.69,4.74,6.92,3.3,6.94,3.35,3.57,9.36,7.97,2.15,4.25,3.84,6.11,4.47,7.8,https://media.api-sports.io/football/teams/84.png,https://media.api-sports.io/football/leagues/61.png,0.06642066420664207,0.0
193617,Tom Alexis Louchet,22.0,2003-05-04,Manosque,France,176,65,https://media.api-sports.io/football/players/193617.png,Nice,Ligue 1,Midfielder,618,6.78,3.69,3.41,9.27,4.94,8.56,7.51,8.84,7.02,3.96,5.26,4.35,5.16,4.27,3.42,https://media.api-sports.io/football/teams/84.png,https://media.api-sports.io/football/leagues/61.png,0.0,0.29126213592233013
313937,Antoine Mendy,21.0,2004-05-27,Marseille,France,187,75,https://media.api-sports.io/football/players/313937.png,Nice,Ligue 1,Defender,1238,6.82,5.87,3.94,3.99,8.03,2.84,7.6,8.44,2.81,8.1,8.61,6.15,6.25,7.81,2.4,https://media.api-sports.io/football/teams/84.png,https://media.api-sports.io/football/leagues/61.png,0.0,0.0
404172,Kojo Peprah Oppong,21.0,2004-06-04,,Ghana,,,https://media.api-sports.io/football/players/404172.png,Nice,Ligue 1,Defender,1240,6.7,5.84,8.25,3.99,7.48,5.99,5.82,7.31,5.14,6.25,6.9,7.0,8.49,6.44,2.93,https://media.api-sports.io/football/teams/84.png,https://media.api-sports.io/football/leagues/61.png,0.07258064516129033,0.0
449509,Abdulai Juma Bah,19.0,2006-04-11,Freetown,Sierra Leone,195,80,https://media.api-sports.io/football/players/449509.png,Nice,Ligue 1,Defender,898,6.7,5.02,3.94,3.99,7.98,4.98,1.88,9.04,4.47,5.02,4.42,5.75,7.86,2.48,2.81,https://media.api-sports.io/football/teams/84.png,https://media.api-sports.io/football/leagues/61.png,0.0,0.0
107,Sofiane Diop,25.0,2000-06-09,Tours,France,175,65,https://media.api-sports.io/football/players/107.png,Nice,Ligue 1,Midfielder,1003,6.98,9.07,9.68,8.41,4.45,7.07,1.25,4.69,4.55,5.65,4.72,7.48,7.58,9.29,5.35,https://media.api-sports.io/football/teams/84.png,https://media.api-sports.io/football/leagues/61.png,0.5383848454636092,0.17946161515453637
19250,Billal Brahimi,25.0,2000-03-14,Paris,Algeria,183,75,https://media.api-sports.io/football/players/19250.png,Nice,Ligue 1,Attacker,8,6.6,0.8,2.6,3.37,8.38,10.0,1.05,3.3,2.21,0.14,0.26,0.65,1.09,0.83,9.39,https://media.api-sports.io/football/teams/84.png,https://media.api-sports.io/football/leagues/61.png,0.0,0.0
105154,Isak Alexander Jansson,23.0,2002-01-31,,Sweden,174,,https://media.api-sports.io/football/players/105154.png,Nice,Ligue 1,Attacker,469,6.59,7.11,5.99,3.37,4.46,6.09,7.52,3.3,9.01,2.35,2.38,4.76,4.08,3.44,6.16,https://media.api-sports.io/football/teams/84.png,https://media.api-sports.io/football/leagues/61.png,0.19189765458422176,0.0
278392,Charlie Richard Cresswell,23.0,2002-08-17,Preston,England,187,74,https://media.api-sports.io/football/players/278392.png,Toulouse,Ligue 1,Defender,1440,7.11,9.4,9.28,8.02,6.13,6.01,1.59,9.01,4.64,7.28,7.88,1.19,1.68,5.43,4.72,https://media.api-sports.io/football/teams/96.png,https://media.api-sports.io/football/leagues/61.png,0.1875,0.0625
304140,Mário Sauer,21.0,2004-05-15,Bratislava,Slovakia,182,,https://media.api-sports.io/football/players/304140.png,Toulouse,Ligue 1,Midfielder,487,6.65,5.57,3.41,3.3,3.23,2.58,4.6,5.77,8.77,1.12,2.81,2.3,3.78,2.76,6.77,https://media.api-sports.io/football/teams/96.png,https://media.api-sports.io/football/leagues/61.png,0.0,0.0
325346,Guillaume Restes,20.0,2005-03-11,Guillaume,France,188,82,https://media.api-sports.io/football/players/325346.png,Toulouse,Ligue 1,Goalkeeper,1440,6.71,5.0,5.06,4.94,1.41,7.88,4.1,5.06,8.97,4.49,3.85,4.17,4.23,9.23,1.41,https://media.api-sports.io/football/teams/96.png,https://media.api-sports.io/football/leagues/61.png,0.0,0.0
334879,Badredine Bouanani,21.0,2004-12-08,,Algeria,177,68,https://media.api-sports.io/football/players/334879.png,Nice,Ligue 1,Attacker,93,6.7,2.91,2.6,3.37,9.49,5.07,1.05,3.3,9.05,1.56,1.43,8.03,5.85,6.97,9.39,https://media.api-sports.io/football/teams/84.png,https://media.api-sports.io/football/leagues/61.png,0.0,0.0
412759,Jaydee Canvot,19.0,2006-07-29,,France,188,75,https://media.api-sports.io/football/players/412759.png,Toulouse,Ligue 1,Midfielder,180,7.1,6.87,3.41,3.3,8.61,0.84,2.16,9.68,1.06,0.83,2.54,5.59,7.29,0.76,8.53,https://media.api-sports.io/football/teams/96.png,https://media.api-sports.io/football/leagues/61.png,0.0,0.0
452697,Dayann Methalie,19.0,2006-02-15,,France,186,70,https://media.api-sports.io/football/players/452697.png,Toulouse,Ligue 1,Midfielder,1170,6.48,5.37,3.41,3.3,0.64,3.02,7.75,6.26,6.01,7.38,5.77,9.0,8.75,3.18,1.25,https://media.api-sports.io/football/teams/96.png,https://media.api-sports.io/football/leagues/61.png,0.0,0.0
503702,Bernard Nguene,19.0,2006-08-04,,Cameroon,178,70,https://media.api-sports.io/football/players/503702.png,Nice,Ligue 1,Attacker,124,6.5,4.8,2.6,3.37,4.22,1.12,9.63,3.3,9.86,7.43,9.05,5.24,4.66,2.82,2.76,https://media.api-sports.io/football/teams/84.png,https://media.api-sports.io/football/leagues/61.png,0.0,0.0
15793,Rasmus Schmidt Nicolaisen,28.0,1997-03-16,Aulum,Denmark,191,81,https://media.api-sports.io/football/players/15793.png,Toulouse,Ligue 1,Defender,1224,6.69,6.71,3.94,3.99,4.28,2.86,2.52,5.91,7.55,3.77,5.43,3.39,4.93,4.78,2.84,https://media.api-sports.io/football/teams/96.png,https://media.api-sports.io/football/leagues/61.png,0.0,0.0
21102,Valentin Rongier,31.0,1994-12-07,Macon,France,172,67,https://media.api-sports.io/football/players/21102.png,Rennes,Ligue 1,Midfielder,1305,7.13,5.27,6.99,7.92,9.39,7.16,5.72,8.34,7.58,2.84,4.28,4.4,6.31,4.67,3.81,https://media.api-sports.io/football/teams/94.png,https://media.api-sports.io/football/leagues/61.png,0.06896551724137931,0.13793103448275862
84128,Gnantin Yann Gboho,24.0,2001-01-14,Man,France,178,63,https://media.api-sports.io/football/players/84128.png,Toulouse,Ligue 1,Attacker,1264,7.32,2.99,7.48,6.73,6.09,8.78,3.84,3.3,6.77,4.32,6.29,9.05,9.15,7.93,8.13,https://media.api-sports.io/football/teams/96.png,https://media.api-sports.io/football/leagues/61.png,0.3560126582278481,0.07120253164556962
129681,Anthony Rouault,24.0,2001-05-29,Villeneuve-sur-Lot,France,186,77,https://media.api-sports.io/football/players/129681.png,Rennes,Ligue 1,Defender,853,7.13,3.97,8.75,3.99,8.49,5.12,4.81,8.1,6.9,5.05,4.81,1.19,1.68,3.77,3.49,https://media.api-sports.io/football/teams/94.png,https://media.api-sports.io/football/leagues/61.png,0.10550996483001171,0.0
264383,Warren Håkon Christofer Kamanzi,25.0,2000-11-11,,Norway,177,70,https://media.api-sports.io/football/players/264383.png,Toulouse,Ligue 1,Defender,330,6.73,7.58,3.94,3.99,1.47,8.65,6.3,3.68,1.68,7.64,5.91,9.52,9.76,5.87,4.54,https://media.api-sports.io/football/teams/96.png,https://media.api-sports.io/football/leagues/61.png,0.0,0.0
272460,Quentin Merlin,23.0,2002-05-16,Nantes,France,174,68,https://media.api-sports.io/football/players/272460.png,Rennes,Ligue 1,Defender,1021,6.77,6.68,3.94,9.64,5.5,9.13,2.96,5.5,5.48,2.74,2.16,7.98,7.93,8.0,8.82,https://media.api-sports.io/football/teams/94.png,https://media.api-sports.io/football/leagues/61.png,0.0,0.2644466209598433
362741,Santiago Hidalgo Massa,20.0,2005-02-17,Santiago del Estero,Argentina,174,71,https://media.api-sports.io/football/players/362741.png,Toulouse,Ligue 1,Attacker,241,6.65,5.07,9.39,9.86,5.68,6.02,8.78,9.22,6.33,9.32,7.86,8.23,4.76,6.84,2.45,https://media.api-sports.io/football/teams/96.png,https://media.api-sports.io/football/leagues/61.png,0.7468879668049793,0.7468879668049793
367636,Jérémy Jacquet,20.0,2005-07-13,,France,188,77,https://media.api-sports.io/football/players/367636.png,Rennes,Ligue 1,Defender,1334,6.99,6.42,3.94,3.99,8.0,5.31,4.62,7.38,5.72,2.67,4.9,4.47,4.74,6.47,4.23,https://media.api-sports.io/football/teams/94.png,https://media.api-sports.io/football/leagues/61.png,0.0,0.0
417830,Abdelhamid Aït Boudlal,19.0,2006-04-16,Marrakesh,Morocco,190,78,https://media.api-sports.io/football/players/417830.png,Rennes,Ligue 1,Defender,648,6.82,4.71,9.71,9.16,6.56,3.33,5.77,6.62,3.29,5.19,5.22,6.49,5.52,2.38,6.3,https://media.api-sports.io/football/teams/94.png,https://media.api-sports.io/football/leagues/61.png,0.2777777777777778,0.1388888888888889
430816,Noah Edjouma,20.0,2005-10-04,Clamart,France,181,73,https://media.api-sports.io/football/players/430816.png,Toulouse,Ligue 1,Attacker,243,6.58,5.0,2.6,3.37,4.29,8.54,7.31,3.3,9.18,7.62,6.56,9.66,9.08,5.54,6.46,https://media.api-sports.io/football/teams/96.png,https://media.api-sports.io/football/leagues/61.png,0.0,0.0
489905,Seny Koumbassa,18.0,2007-06-20,Toulouse,France,187,,https://media.api-sports.io/football/players/489905.png,Toulouse,Ligue 1,Defender,11,6.9,1.41,3.94,3.99,0.32,1.39,9.98,1.25,0.75,4.92,9.57,1.19,1.68,0.84,9.48,https://media.api-sports.io/football/teams/96.png,https://media.api-sports.io/football/leagues/61.png,0.0,0.0
514464,Alexis Vossah,17.0,2008-03-11,,France,181,69,https://media.api-sports.io/football/players/514464.png,Toulouse,Ligue 1,Midfielder,485,6.42,7.36,8.51,8.48,3.33,3.52,2.49,5.79,4.23,2.08,2.62,3.52,4.99,2.79,3.99,https://media.api-sports.io/football/teams/96.png,https://media.api-sports.io/football/leagues/61.png,0.18556701030927836,0.18556701030927836
897,Mason Will John Greenwood,24.0,2001-10-01,Bradford,England,181,70,https://media.api-sports.io/football/players/897.png,Marseille,Ligue 1,Attacker,1224,7.65,9.18,9.49,8.18,9.76,9.32,2.35,3.3,4.8,0.82,2.11,7.38,8.37,4.3,8.28,https://media.api-sports.io/football/teams/81.png,https://media.api-sports.io/football/leagues/61.png,0.8088235294117646,0.22058823529411764
926,Geoffrey Edwin Kondogbia,32.0,1993-02-15,Nemours,Central African Republic,188,80,https://media.api-sports.io/football/players/926.png,Marseille,Ligue 1,Defender,314,6.95,4.89,3.94,3.99,9.5,1.39,5.34,8.89,7.81,7.24,8.0,8.0,9.42,7.48,1.8,https://media.api-sports.io/football/teams/81.png,https://media.api-sports.io/football/leagues/61.png,0.0,0.0
21497,Ludovic Régis Arsène Blas,28.0,1997-12-31,Colombes,France,180,70,https://media.api-sports.io/football/players/21497.png,Rennes,Ligue 1,Midfielder,678,6.82,9.22,9.54,7.78,5.13,9.22,1.39,5.04,6.63,6.63,5.18,8.24,8.58,9.14,4.5,https://media.api-sports.io/football/teams/94.png,https://media.api-sports.io/football/leagues/61.png,0.39823008849557523,0.1327433628318584
24147,Mahdi Camara,27.0,1998-06-30,Martigues,France,178,73,https://media.api-sports.io/football/players/24147.png,Rennes,Ligue 1,Midfielder,1072,6.56,3.55,7.41,7.05,4.77,5.5,7.09,5.53,8.34,3.64,5.7,4.69,6.28,6.47,3.13,https://media.api-sports.io/football/teams/94.png,https://media.api-sports.io/football/leagues/61.png,0.08395522388059701,0.08395522388059701
181827,Conrad Jaden Egan-Riley,22.0,2003-01-02,Manchester,England,183,70,https://media.api-sports.io/football/players/181827.png,Marseille,Ligue 1,Defender,414,6.66,1.41,3.94,3.99,9.88,5.96,3.62,6.29,1.56,1.75,2.31,5.97,4.88,4.74,8.41,https://media.api-sports.io/football/teams/81.png,https://media.api-sports.io/football/leagues/61.png,0.0,0.0
343792,Djaoui Cissé,21.0,2004-01-31,,France,188,73,https://media.api-sports.io/football/players/343792.png,Rennes,Ligue 1,Midfielder,721,6.64,8.29,3.41,3.3,7.19,6.99,8.92,8.39,2.38,6.01,6.6,7.75,6.72,4.27,3.96,https://media.api-sports.io/football/teams/94.png,https://media.api-sports.io/football/leagues/61.png,0.0,0.0
375000,Ibrahim Salah,24.0,2001-08-30,,Morocco,185,72,https://media.api-sports.io/football/players/375000.png,Rennes,Ligue 1,Attacker,40,6.45,0.8,2.6,3.37,9.63,1.12,8.84,3.3,2.21,7.3,9.18,0.65,1.09,9.71,9.39,https://media.api-sports.io/football/teams/94.png,https://media.api-sports.io/football/leagues/61.png,0.0,0.0
438281,Mahamadou Aboubakar Nagida,20.0,2005-06-28,Douala,Cameroon,176,63,https://media.api-sports.io/football/players/438281.png,Rennes,Ligue 1,Defender,90,6.03,9.93,3.94,3.99,3.56,8.41,6.59,9.86,4.98,9.09,8.94,8.92,9.81,6.83,0.43,https://media.api-sports.io/football/teams/94.png,https://media.api-sports.io/football/leagues/61.png,0.0,0.0
449662,Mohamed Kader Meïté,18.0,2007-10-11,,France,191,76,https://media.api-sports.io/football/players/449662.png,Rennes,Ligue 1,Attacker,420,6.82,7.82,9.29,9.32,1.7,4.56,2.86,8.27,5.1,4.8,6.9,4.32,5.34,3.03,3.44,https://media.api-sports.io/football/teams/94.png,https://media.api-sports.io/football/leagues/61.png,0.6428571428571428,0.4285714285714286
1465,Pierre-Emerick Emiliano Franço Aubameyang,36.0,1989-06-18,Laval,Gabon,187,80,https://media.api-sports.io/football/players/1465.png,Marseille,Ligue 1,Attacker,948,7.07,8.33,8.44,9.39,4.35,7.11,2.31,3.3,7.18,0.48,0.78,2.21,2.89,2.69,7.35,https://media.api-sports.io/football/teams/81.png,https://media.api-sports.io/football/leagues/61.png,0.47468354430379744,0.47468354430379744
21635,Jonathan Gradit,33.0,1992-11-24,Talence,France,180,75,https://media.api-sports.io/football/players/21635.png,Lens,Ligue 1,Defender,809,6.72,3.08,3.94,3.99,7.38,4.16,6.18,8.37,8.99,5.36,5.55,5.5,6.05,6.88,1.92,https://media.api-sports.io/football/teams/116.png,https://media.api-sports.io/football/leagues/61.png,0.0,0.0
36827,Jeffrey de Lange,27.0,1998-04-01,Amstelveen,Netherlands,191,80,https://media.api-sports.io/football/players/36827.png,Marseille,Ligue 1,Goalkeeper,270,7.03,5.0,5.06,4.94,2.31,9.94,4.1,5.06,4.49,0.64,0.83,4.17,4.23,2.24,5.77,https://media.api-sports.io/football/teams/81.png,https://media.api-sports.io/football/leagues/61.png,0.0,0.0
85041,Amine Ferid Gouiri,25.0,2000-02-16,Bourgoin-Jallieu,France,180,72,https://media.api-sports.io/football/players/85041.png,Marseille,Ligue 1,Attacker,381,6.7,5.78,6.46,8.44,6.39,7.76,4.47,3.3,5.37,0.41,1.09,6.19,5.75,2.14,9.39,https://media.api-sports.io/football/teams/81.png,https://media.api-sports.io/football/leagues/61.png,0.23622047244094488,0.23622047244094488
278095,Jonathan David Henry Rowe,22.0,2003-04-30,London,England,178,74,https://media.api-sports.io/football/players/278095.png,Marseille,Ligue 1,Attacker,63,6.2,9.83,2.6,3.37,8.61,1.12,1.05,3.3,9.59,2.6,1.39,3.47,1.09,8.79,1.46,https://media.api-sports.io/football/teams/81.png,https://media.api-sports.io/football/leagues/61.png,0.0,0.0
283216,Bilal Nadir,22.0,2003-11-28,Nice,France,172,65,https://media.api-sports.io/football/players/283216.png,Marseille,Ligue 1,Midfielder,356,6.68,5.79,3.41,9.95,8.48,9.34,4.13,6.58,3.99,5.57,1.78,2.86,4.74,3.84,0.98,https://media.api-sports.io/football/teams/81.png,https://media.api-sports.io/football/leagues/61.png,0.0,1.0112359550561798
435482,Robinio Vaz,18.0,2007-02-17,,France,185,75,https://media.api-sports.io/football/players/435482.png,Marseille,Ligue 1,Attacker,393,6.78,6.53,9.73,9.35,2.31,6.8,6.12,3.3,7.04,4.25,4.59,1.77,2.28,7.14,3.74,https://media.api-sports.io/football/teams/81.png,https://media.api-sports.io/football/leagues/61.png,0.9160305343511451,0.45801526717557256
455245,Darryl Bakola,18.0,2007-11-30,,France,178,70,https://media.api-sports.io/football/players/455245.png,Marseille,Ligue 1,Midfielder,74,6.5,9.71,3.41,3.3,7.8,0.84,7.46,2.18,1.06,8.58,8.78,4.57,7.97,9.56,1.44,https://media.api-sports.io/football/teams/81.png,https://media.api-sports.io/football/leagues/61.png,0.0,0.0
120,Willem Davnis Louis Didier Geubbels,24.0,2001-08-16,Villeurbanne,France,185,81,https://media.api-sports.io/football/players/120.png,Paris FC,Ligue 1,Attacker,573,6.53,8.95,7.14,3.37,3.13,2.99,2.21,8.95,5.85,4.66,3.2,2.01,1.09,1.8,2.62,https://media.api-sports.io/football/teams/114.png,https://media.api-sports.io/football/leagues/61.png,0.31413612565445026,0.0
8474,Thibault De Smet,27.0,1998-06-05,Brugge,Belgium,183,65,https://media.api-sports.io/football/players/8474.png,Paris FC,Ligue 1,Defender,857,6.41,5.3,3.94,8.76,6.35,5.91,4.76,2.6,2.56,2.76,3.29,3.92,4.83,7.91,4.87,https://media.api-sports.io/football/teams/114.png,https://media.api-sports.io/football/leagues/61.png,0.0,0.10501750291715285
20529,Gauthier Hein,29.0,1996-08-07,Thionville,France,170,65,https://media.api-sports.io/football/players/20529.png,Metz,Ligue 1,Midfielder,1181,7.04,6.63,9.44,8.83,8.56,8.39,1.44,4.45,2.2,0.66,0.88,3.18,3.89,4.16,8.61,https://media.api-sports.io/football/teams/112.png,https://media.api-sports.io/football/leagues/61.png,0.3810330228619814,0.2286198137171888
30525,Pol Mikel Lirola Kosok,28.0,1997-08-13,Mollet del Vallès,Spain,183,70,https://media.api-sports.io/football/players/30525.png,Marseille,Ligue 1,Defender,42,6.37,1.41,3.94,3.99,0.84,9.78,0.48,1.25,9.44,9.98,9.9,9.83,1.68,9.92,0.96,https://media.api-sports.io/football/teams/81.png,https://media.api-sports.io/football/leagues/61.png,0.0,0.0
188319,Kevin Carlos Omoruyi Benjamin,24.0,2001-04-10,,Spain,186,98,https://media.api-sports.io/football/players/188319.png,Nice,Ligue 1,Attacker,557,6.41,6.36,2.6,3.37,1.67,2.28,1.05,7.79,4.9,5.17,4.9,2.86,2.65,6.05,1.09,https://media.api-sports.io/football/teams/84.png,https://media.api-sports.io/football/leagues/61.png,0.0,0.0
237249,Mikayil Ngor Faye,21.0,2004-07-14,Sédhiou,Senegal,186,81,https://media.api-sports.io/football/players/237249.png,Rennes,Ligue 1,Defender,12,6.6,1.41,3.94,3.99,9.23,1.39,0.48,1.25,0.75,3.61,9.28,1.19,1.68,0.84,9.48,https://media.api-sports.io/football/teams/94.png,https://media.api-sports.io/football/leagues/61.png,0.0,0.0
266013,Otávio Ataide da Silva,23.0,2002-04-21,São Paulo,Brazil,187,79,https://media.api-sports.io/football/players/266013.png,Paris FC,Ligue 1,Defender,1119,6.87,5.43,3.94,3.99,9.45,2.96,6.71,6.8,7.88,5.41,7.14,4.45,6.54,9.04,3.85,https://media.api-sports.io/football/teams/114.png,https://media.api-sports.io/football/leagues/61.png,0.0,0.0
384683,Ismaël Guerti,21.0,2004-07-30,Argenteuil,Morocco,178,,https://media.api-sports.io/football/players/384683.png,Metz,Ligue 1,Midfielder,35,6.37,0.92,3.41,3.3,8.96,0.84,9.63,2.18,9.79,8.94,9.1,9.44,9.58,0.76,9.44,https://media.api-sports.io/football/teams/112.png,https://media.api-sports.io/football/leagues/61.png,0.0,0.0
399890,Nordan Mukiele,19.0,2006-02-12,Montreuil,France,,,https://media.api-sports.io/football/players/399890.png,Rennes,Ligue 1,Attacker,28,6.3,0.8,2.6,3.37,8.71,9.73,1.05,3.3,2.21,9.59,1.97,9.49,9.52,0.83,0.1,https://media.api-sports.io/football/teams/94.png,https://media.api-sports.io/football/leagues/61.png,0.0,0.0
404588,Cleo Melieres,20.0,2005-04-13,Besançon,France,,,https://media.api-sports.io/football/players/404588.png,Metz,Ligue 1,Defender,30,5.7,1.41,3.94,3.99,3.29,1.39,0.48,1.25,0.75,0.26,0.25,1.19,1.68,0.84,0.43,https://media.api-sports.io/football/teams/112.png,https://media.api-sports.io/football/leagues/61.png,0.0,0.0
437776,Abdoulaye Faye,21.0,2004-09-22,,Senegal,,,https://media.api-sports.io/football/players/437776.png,Lorient,Ligue 1,Defender,574,6.43,8.68,3.94,3.99,7.93,1.39,6.11,6.2,9.18,7.04,7.74,5.02,5.87,7.33,1.08,https://media.api-sports.io/football/teams/97.png,https://media.api-sports.io/football/leagues/61.png,0.0,0.0
1914,Morgan Stéphane Sanson,31.0,1994-08-18,Saint-Doulchard,France,180,73,https://media.api-sports.io/football/players/1914.png,Nice,Ligue 1,Midfielder,384,6.51,3.89,3.41,8.9,2.48,5.57,3.66,9.29,3.67,5.23,2.95,7.18,8.44,4.5,3.33,https://media.api-sports.io/football/teams/84.png,https://media.api-sports.io/football/leagues/61.png,0.0,0.234375
20521,Thomas Delaine,33.0,1992-03-24,Lens,France,180,72,https://media.api-sports.io/football/players/20521.png,Le Havre,Ligue 1,Defender,200,6.68,6.83,3.94,3.99,7.76,9.18,1.85,1.25,7.24,0.7,0.99,6.61,8.65,3.44,5.83,https://media.api-sports.io/football/teams/111.png,https://media.api-sports.io/football/leagues/61.png,0.0,0.0
126757,Lilian Brassier,26.0,1999-11-02,Argenteuil,France,186,78,https://media.api-sports.io/football/players/126757.png,Rennes,Ligue 1,Defender,910,6.67,3.0,3.94,3.99,8.12,3.05,4.78,9.48,7.45,2.43,2.91,6.9,7.2,7.31,8.29,https://media.api-sports.io/football/teams/94.png,https://media.api-sports.io/football/leagues/61.png,0.0,0.0
128287,Joris Chotard,24.0,2001-09-24,Orange,France,179,70,https://media.api-sports.io/football/players/128287.png,Stade Brestois 29,Ligue 1,Midfielder,1259,6.78,5.45,7.02,3.3,5.31,1.69,4.74,6.89,7.8,0.95,2.05,1.56,2.74,2.57,5.09,https://media.api-sports.io/football/teams/106.png,https://media.api-sports.io/football/leagues/61.png,0.07148530579825257,0.0
174973,Melvin Zinga,23.0,2002-03-16,Montivilliers,France,187,80,https://media.api-sports.io/football/players/174973.png,Angers,Ligue 1,Goalkeeper,90,7.3,5.0,5.06,4.94,4.94,3.85,10.0,5.06,4.49,8.21,9.04,4.17,4.23,2.24,5.77,https://media.api-sports.io/football/teams/77.png,https://media.api-sports.io/football/leagues/61.png,0.0,0.0
271542,Ismaël Landry Doukouré,22.0,2003-07-24,Lille,France,183,76,https://media.api-sports.io/football/players/271542.png,Strasbourg,Ligue 1,Defender,921,6.63,7.21,3.94,8.68,8.99,5.7,1.75,3.85,6.32,1.39,2.36,5.14,6.35,5.6,7.24,https://media.api-sports.io/football/teams/95.png,https://media.api-sports.io/football/leagues/61.png,0.0,0.09771986970684039
302868,Daouda Guindo,23.0,2002-10-14,,Mali,183,68,https://media.api-sports.io/football/players/302868.png,Stade Brestois 29,Ligue 1,Defender,534,6.45,8.89,3.94,3.99,2.67,5.29,5.26,1.25,2.48,2.09,1.66,4.09,4.35,6.92,2.43,https://media.api-sports.io/football/teams/106.png,https://media.api-sports.io/football/leagues/61.png,0.0,0.0
345416,Rafael Filipe Gonçalves Soares Luís,20.0,2005-02-18,Queluz,Portugal,188,83,https://media.api-sports.io/football/players/345416.png,Strasbourg,Ligue 1,Midfielder,238,6.84,3.35,3.41,3.3,9.54,6.48,9.02,2.18,5.31,2.52,4.67,5.62,3.86,2.1,5.48,https://media.api-sports.io/football/teams/95.png,https://media.api-sports.io/football/leagues/61.png,0.0,0.0
457025,Julián Vignolo,19.0,2006-12-07,,Argentina,,,https://media.api-sports.io/football/players/457025.png,Toulouse,Ligue 1,Attacker,41,6.45,0.8,2.6,3.37,1.8,9.01,1.05,3.3,2.21,3.74,0.26,5.31,1.09,0.83,0.58,https://media.api-sports.io/football/teams/96.png,https://media.api-sports.io/football/leagues/61.png,0.0,0.0
90594,Éric Junior Dina Ebimbe,25.0,2000-11-21,Stains,France,183,76,https://media.api-sports.io/football/players/90594.png,Stade Brestois 29,Ligue 1,Midfielder,352,6.67,6.99,9.0,3.3,0.42,4.6,8.68,2.18,2.43,5.38,6.33,1.26,1.11,5.05,3.67,https://media.api-sports.io/football/teams/106.png,https://media.api-sports.io/football/leagues/61.png,0.2556818181818182,0.0
99576,Osame Sahraoui,24.0,2001-06-11,Oslo,Norway,170,65,https://media.api-sports.io/football/players/99576.png,Lille,Ligue 1,Attacker,444,6.72,4.69,6.12,9.25,9.56,8.5,5.71,8.23,7.89,7.52,9.12,9.35,9.35,9.83,8.08,https://media.api-sports.io/football/teams/79.png,https://media.api-sports.io/football/leagues/61.png,0.20270270270270271,0.40540540540540543
319919,Oussama El Azzouzi,24.0,2001-05-29,Veenendaal,Morocco,189,82,https://media.api-sports.io/football/players/319919.png,Auxerre,Ligue 1,Midfielder,550,6.86,4.06,8.29,3.3,6.58,4.08,5.84,5.4,9.46,5.48,4.35,5.94,4.65,3.37,0.95,https://media.api-sports.io/football/teams/108.png,https://media.api-sports.io/football/leagues/61.png,0.16363636363636364,0.0
363792,Terry Yegbe,24.0,2001-01-25,Akatsi,Ghana,195,88,https://media.api-sports.io/football/players/363792.png,Metz,Ligue 1,Defender,1096,6.41,5.48,3.94,8.51,7.88,4.45,1.66,6.35,5.62,0.58,0.96,2.91,3.68,3.17,6.88,https://media.api-sports.io/football/teams/112.png,https://media.api-sports.io/football/leagues/61.png,0.0,0.08211678832116788
375990,Pathé Mboup,22.0,2003-10-19,,Senegal,175,,https://media.api-sports.io/football/players/375990.png,Stade Brestois 29,Ligue 1,Attacker,684,6.48,6.63,5.54,3.37,2.21,4.17,8.64,3.3,9.39,7.96,7.76,9.01,8.47,6.43,1.77,https://media.api-sports.io/football/teams/106.png,https://media.api-sports.io/football/leagues/61.png,0.13157894736842105,0.0
386287,Ethan Mbappé Lottin,19.0,2006-12-29,Montreuil,France,176,70,https://media.api-sports.io/football/players/386287.png,Lille,Ligue 1,Midfielder,232,7.03,8.56,9.95,9.61,5.45,9.46,8.75,2.18,1.06,4.72,4.99,6.63,1.11,7.04,8.68,https://media.api-sports.io/football/teams/79.png,https://media.api-sports.io/football/leagues/61.png,1.1637931034482758,0.3879310344827586
395762,Mathis Amougou,19.0,2006-01-18,Le Blanc-Mesnil,France,177,65,https://media.api-sports.io/football/players/395762.png,Strasbourg,Ligue 1,Midfielder,258,6.67,5.4,3.41,3.3,7.92,4.33,8.78,7.48,3.06,2.67,5.45,7.11,5.89,5.16,8.75,https://media.api-sports.io/football/teams/95.png,https://media.api-sports.io/football/leagues/61.png,0.0,0.0
402542,Telli Siwe,21.0,2004-12-14,Saint-Maurice,France,,,https://media.api-sports.io/football/players/402542.png,Auxerre,Ligue 1,Defender,225,6.47,6.37,3.94,3.99,0.96,5.79,4.88,4.63,8.37,2.24,1.06,8.34,6.51,0.84,6.54,https://media.api-sports.io/football/teams/108.png,https://media.api-sports.io/football/leagues/61.png,0.0,0.0
419035,Mamadou Coulibaly,21.0,2004-04-21,Paris,France,180,75,https://media.api-sports.io/football/players/419035.png,Monaco,Ligue 1,Midfielder,668,6.98,2.49,8.02,7.87,8.29,6.32,7.9,5.11,7.78,6.45,6.92,7.29,7.07,6.06,1.78,https://media.api-sports.io/football/teams/91.png,https://media.api-sports.io/football/leagues/61.png,0.1347305389221557,0.1347305389221557
471106,Enzo Anthony Honoré Molébé,18.0,2007-09-18,,France,178,62,https://media.api-sports.io/football/players/471106.png,Lyon,Ligue 1,Attacker,9,6.2,0.8,2.6,3.37,9.66,1.12,1.05,3.3,2.21,2.6,0.26,0.65,1.09,0.83,9.39,https://media.api-sports.io/football/teams/80.png,https://media.api-sports.io/football/leagues/61.png,0.0,0.0
9363,Igor Guilherme Barbosa da Paixão,25.0,2000-06-28,Macapá,Brazil,168,65,https://media.api-sports.io/football/players/9363.png,Marseille,Ligue 1,Attacker,872,6.92,6.77,7.11,7.07,8.57,3.81,5.31,7.18,8.54,3.67,4.25,7.99,7.28,5.31,8.23,https://media.api-sports.io/football/teams/81.png,https://media.api-sports.io/football/leagues/61.png,0.3096330275229358,0.10321100917431193
20692,Himad Said Abdelli,26.0,1999-11-17,Montivilliers,Algeria,185,81,https://media.api-sports.io/football/players/20692.png,Angers,Ligue 1,Midfielder,946,7.08,6.33,8.56,3.3,9.14,4.57,6.14,6.87,8.24,5.28,6.31,8.48,8.48,5.67,3.79,https://media.api-sports.io/football/teams/77.png,https://media.api-sports.io/football/leagues/61.png,0.19027484143763215,0.0
22163,Dante Bonfim Costa Santos,42.0,1983-10-18,Salvador,Brazil,188,87,https://media.api-sports.io/football/players/22163.png,Nice,Ligue 1,Defender,141,7.05,8.05,3.94,3.99,7.91,1.39,3.46,9.18,6.92,1.37,1.63,1.19,1.68,4.63,3.41,https://media.api-sports.io/football/teams/84.png,https://media.api-sports.io/football/leagues/61.png,0.0,0.0
118345,Abu Francis,24.0,2001-04-27,Accra,Ghana,182,65,https://media.api-sports.io/football/players/118345.png,Toulouse,Ligue 1,Midfielder,532,6.73,2.86,3.41,3.3,6.04,1.83,8.84,8.53,8.44,3.01,6.8,2.67,4.77,3.5,7.19,https://media.api-sports.io/football/teams/96.png,https://media.api-sports.io/football/leagues/61.png,0.0,0.0
158065,Tiago Maria Antunes Gouveia,24.0,2001-06-18,Cascais,Portugal,176,70,https://media.api-sports.io/football/players/158065.png,Nice,Ligue 1,Attacker,384,6.5,4.63,2.6,3.37,7.72,2.38,7.67,3.3,9.35,2.89,4.01,7.65,5.68,5.19,7.86,https://media.api-sports.io/football/teams/84.png,https://media.api-sports.io/football/leagues/61.png,0.0,0.0
193501,Abdoul Bamo Meité,24.0,2001-12-03,Kani,Côte d'Ivoire,183,75,https://media.api-sports.io/football/players/193501.png,Lorient,Ligue 1,Defender,849,6.68,6.56,3.94,8.8,5.17,4.01,2.72,6.97,3.53,7.0,7.45,6.2,7.45,6.51,4.78,https://media.api-sports.io/football/teams/97.png,https://media.api-sports.io/football/leagues/61.png,0.0,0.10600706713780918
334952,Rafik Messali,22.0,2003-04-28,,Algeria,177,74,https://media.api-sports.io/football/players/334952.png,Toulouse,Ligue 1,Midfielder,129,6.5,0.92,3.41,3.3,2.37,0.84,6.45,2.18,9.51,5.73,5.45,2.74,1.11,8.55,0.61,https://media.api-sports.io/football/teams/96.png,https://media.api-sports.io/football/leagues/61.png,0.0,0.0
379329,Tiago Carvalho Santos,23.0,2002-07-23,,Portugal,175,67,https://media.api-sports.io/football/players/379329.png,Lille,Ligue 1,Defender,119,6.63,1.41,3.94,3.99,1.97,7.62,7.69,1.25,0.75,9.76,9.76,9.11,1.68,9.98,0.91,https://media.api-sports.io/football/teams/79.png,https://media.api-sports.io/football/leagues/61.png,0.0,0.0
1135,Odsonne Édouard,27.0,1998-01-16,Kourou,France,187,83,https://media.api-sports.io/football/players/1135.png,Lens,Ligue 1,Attacker,835,7.05,6.56,9.46,8.1,1.87,4.05,3.47,8.33,4.42,3.81,3.4,3.91,5.41,3.54,5.31,https://media.api-sports.io/football/teams/116.png,https://media.api-sports.io/football/leagues/61.png,0.7544910179640718,0.2155688622754491
145476,Reda Jousef Khadra,24.0,2001-07-04,,Germany,180,72,https://media.api-sports.io/football/players/145476.png,Le Havre,Ligue 1,Midfielder,199,6.72,9.14,3.41,3.3,0.54,7.43,7.92,2.18,1.06,8.22,7.9,9.54,9.41,2.37,4.35,https://media.api-sports.io/football/teams/111.png,https://media.api-sports.io/football/leagues/61.png,0.0,0.0
266200,Mayckel Lahdo,23.0,2002-12-30,Stockholm,Sweden,171,76,https://media.api-sports.io/football/players/266200.png,Nantes,Ligue 1,Attacker,418,6.56,1.77,6.19,8.06,4.86,5.61,5.82,3.3,2.21,2.18,2.96,6.09,7.11,4.8,6.65,https://media.api-sports.io/football/teams/83.png,https://media.api-sports.io/football/leagues/61.png,0.21531100478468898,0.21531100478468898
274312,Mohamed-Ali Cho,21.0,2004-01-19,Stains,France,181,66,https://media.api-sports.io/football/players/274312.png,Nice,Ligue 1,Attacker,628,6.97,3.64,6.9,8.81,5.85,7.62,2.89,7.59,6.8,3.95,3.81,6.26,5.37,6.8,8.5,https://media.api-sports.io/football/teams/84.png,https://media.api-sports.io/football/leagues/61.png,0.28662420382165604,0.28662420382165604
277191,Abdallah Dipo Sima,24.0,2001-06-17,Dakar,Senegal,188,79,https://media.api-sports.io/football/players/277191.png,Lens,Ligue 1,Attacker,152,6.6,6.33,9.08,3.37,6.8,6.16,9.08,3.3,2.21,4.1,5.51,3.06,1.09,0.83,3.96,https://media.api-sports.io/football/teams/116.png,https://media.api-sports.io/football/leagues/61.png,0.5921052631578947,0.0
321648,Emersonn Correia da Silva,21.0,2004-07-16,,Brazil,186,72,https://media.api-sports.io/football/players/321648.png,Toulouse,Ligue 1,Attacker,786,6.74,9.15,7.41,8.3,1.02,4.25,6.97,3.3,7.79,7.65,7.35,5.2,5.03,2.45,1.43,https://media.api-sports.io/football/teams/96.png,https://media.api-sports.io/football/leagues/61.png,0.34351145038167935,0.22900763358778628
359386,Becket Fabrice-Martial Godo,22.0,2003-03-14,London,England,169,61,https://media.api-sports.io/football/players/359386.png,Strasbourg,Ligue 1,Attacker,329,6.61,7.04,8.91,3.37,7.04,2.52,3.57,3.3,9.52,1.97,2.89,5.85,5.17,7.6,6.6,https://media.api-sports.io/football/teams/95.png,https://media.api-sports.io/football/leagues/61.png,0.547112462006079,0.0
381123,Ryan Rodin,19.0,2006-02-03,Bourg-la-Reine,France,,,https://media.api-sports.io/football/players/381123.png,Auxerre,Ligue 1,Attacker,12,6.3,0.8,2.6,3.37,5.24,1.12,1.05,3.3,2.21,0.14,0.26,0.65,1.09,0.83,9.39,https://media.api-sports.io/football/teams/108.png,https://media.api-sports.io/football/leagues/61.png,0.0,0.0
409216,Senny Mayulu,19.0,2006-05-17,Le Blanc-Mesni,France,183,69,https://media.api-sports.io/football/players/409216.png,Paris Saint Germain,Ligue 1,Midfielder,793,6.72,7.82,8.75,8.8,5.01,8.17,8.66,2.18,4.25,5.92,6.48,7.56,6.43,6.14,3.47,https://media.api-sports.io/football/teams/85.png,https://media.api-sports.io/football/leagues/61.png,0.22698612862547288,0.22698612862547288
443755,Bahmed Deuff,19.0,2006-03-10,,France,,,https://media.api-sports.io/football/players/443755.png,Nantes,Ligue 1,Midfielder,219,6.53,9.46,3.41,3.3,0.86,2.71,4.5,9.8,5.81,8.88,7.15,7.89,6.56,4.11,1.34,https://media.api-sports.io/football/teams/83.png,https://media.api-sports.io/football/leagues/61.png,0.0,0.0
66013,Uroš Radaković,31.0,1994-03-31,Beograd,Serbia,194,89,https://media.api-sports.io/football/players/66013.png,Nantes,Ligue 1,Defender,35,6.4,1.41,3.94,3.99,0.84,1.39,0.48,1.25,0.75,9.04,6.38,1.19,1.68,0.84,0.7,https://media.api-sports.io/football/teams/83.png,https://media.api-sports.io/football/leagues/61.png,0.0,0.0
161747,Guéla Maho Lewis Doué,23.0,2002-10-17,Angers,Côte d'Ivoire,187,84,https://media.api-sports.io/football/players/161747.png,Strasbourg,Ligue 1,Defender,997,6.84,4.54,8.58,9.69,8.25,7.52,6.42,3.1,3.92,8.68,8.15,7.74,7.98,8.2,1.37,https://media.api-sports.io/football/teams/95.png,https://media.api-sports.io/football/leagues/61.png,0.09027081243731194,0.27081243731193577
437349,Enzo Koffi Vinette,19.0,2006-03-04,Lisieux,France,,,https://media.api-sports.io/football/players/437349.png,Le Havre,Ligue 1,Attacker,14,6.3,0.8,2.6,3.37,9.8,1.12,1.05,3.3,2.21,5.36,0.26,0.65,1.09,0.83,9.39,https://media.api-sports.io/football/teams/111.png,https://media.api-sports.io/football/leagues/61.png,0.0,0.0
456831,Marius Louãr,18.0,2007-03-11,Saint-Herblain,France,181,70,https://media.api-sports.io/football/players/456831.png,Angers,Ligue 1,Defender,11,6.9,1.41,3.94,3.99,9.83,10.0,0.48,1.25,0.75,0.11,0.25,1.19,1.68,0.84,9.48,https://media.api-sports.io/football/teams/77.png,https://media.api-sports.io/football/leagues/61.png,0.0,0.0
471107,Quentin Ndjantou Mbitcha,18.0,2007-07-23,,France,,,https://media.api-sports.io/football/players/471107.png,Paris Saint Germain,Ligue 1,Attacker,354,6.64,6.39,6.53,8.5,9.73,6.5,3.27,8.61,7.38,1.29,1.19,5.99,7.74,2.24,3.91,https://media.api-sports.io/football/teams/85.png,https://media.api-sports.io/football/leagues/61.png,0.2542372881355932,0.2542372881355932
664,Lucas Simon Pierre Tousart,28.0,1997-04-29,Arras,France,185,83,https://media.api-sports.io/football/players/664.png,Stade Brestois 29,Ligue 1,Midfielder,287,6.57,6.77,3.41,3.3,3.55,2.3,9.49,2.18,8.95,8.34,7.82,2.54,3.4,3.23,0.86,https://media.api-sports.io/football/teams/106.png,https://media.api-sports.io/football/leagues/61.png,0.0,0.0
19323,Joel Joshoghene Asoro,26.0,1999-04-27,Stockholm,Sweden,175,75,https://media.api-sports.io/football/players/19323.png,Metz,Ligue 1,Attacker,213,6.28,4.13,2.6,3.37,1.43,2.79,1.05,3.3,2.21,1.94,0.75,4.18,3.13,2.04,7.38,https://media.api-sports.io/football/teams/112.png,https://media.api-sports.io/football/leagues/61.png,0.0,0.0
20654,Fabien Centonze,29.0,1996-01-16,Voiron,France,182,75,https://media.api-sports.io/football/players/20654.png,Nantes,Ligue 1,Defender,146,6.6,9.5,9.9,3.99,1.01,1.39,9.5,1.25,9.9,9.52,8.77,9.93,9.69,7.79,0.75,https://media.api-sports.io/football/teams/83.png,https://media.api-sports.io/football/leagues/61.png,0.6164383561643836,0.0
162466,Sinaly Diomandé,24.0,2001-04-09,Yopougon,Côte d'Ivoire,184,74,https://media.api-sports.io/football/players/162466.png,Auxerre,Ligue 1,Defender,519,6.72,7.4,9.19,3.99,3.65,3.49,1.44,1.25,8.89,1.54,2.62,4.11,6.11,8.27,3.8,https://media.api-sports.io/football/teams/108.png,https://media.api-sports.io/football/leagues/61.png,0.17341040462427745,0.0
191289,Mohamed Amine Sbaï,25.0,2000-11-05,,France,175,72,https://media.api-sports.io/football/players/191289.png,Angers,Ligue 1,Midfielder,642,6.71,7.9,3.41,7.95,3.42,8.73,3.62,2.18,4.99,7.82,4.89,9.56,9.54,3.64,5.62,https://media.api-sports.io/football/teams/77.png,https://media.api-sports.io/football/leagues/61.png,0.0,0.14018691588785046
214310,Nathaniel Adjei,23.0,2002-08-21,,Ghana,191,,https://media.api-sports.io/football/players/214310.png,Lorient,Ligue 1,Defender,13,6.6,1.41,3.94,3.99,2.76,1.39,0.48,1.25,0.75,0.11,0.25,1.19,1.68,0.84,9.48,https://media.api-sports.io/football/teams/97.png,https://media.api-sports.io/football/leagues/61.png,0.0,0.0
343319,Lucas Michal,20.0,2005-06-22,,France,172,61,https://media.api-sports.io/football/players/343319.png,Monaco,Ligue 1,Attacker,58,6.4,5.41,2.6,3.37,9.32,1.12,1.05,3.3,2.21,6.33,6.87,3.84,7.93,5.85,1.21,https://media.api-sports.io/football/teams/91.png,https://media.api-sports.io/football/leagues/61.png,0.0,0.0
513415,Stephan Zagadou,17.0,2008-10-24,,France,,,https://media.api-sports.io/football/players/513415.png,Le Havre,Ligue 1,Defender,65,6.6,1.41,3.94,3.99,3.7,1.39,3.85,1.25,0.75,5.17,1.3,1.19,1.68,0.84,9.48,https://media.api-sports.io/football/teams/111.png,https://media.api-sports.io/football/leagues/61.png,0.0,0.0
403883,Malick Mbaye,21.0,2004-04-06,Dakar,Senegal,173,71,https://media.api-sports.io/football/players/403883.png,Metz,Ligue 1,Attacker,120,6.33,2.35,2.6,3.37,7.84,4.0,9.68,3.3,8.28,2.45,4.42,3.64,1.09,5.68,4.97,https://media.api-sports.io/football/teams/112.png,https://media.api-sports.io/football/leagues/61.png,0.0,0.0
437529,Noam Obougou Jacquet,18.0,2006-03-15,Besançon,France,185 cm,76 kg,https://media.api-sports.io/football/players/437529.png,Le Havre,Ligue 1,Attacker,33,6.8,9.0,2.6,3.37,0.2,1.12,1.05,3.3,2.21,6.02,5.75,6.31,9.2,8.55,0.31,https://media.api-sports.io/football/teams/111.png,https://media.api-sports.io/football/leagues/61.png,0.0,0.0
24894,Diant Ramaj,24.0,2001-09-19,Stuttgart,Germany,189,81,https://media.api-sports.io/football/players/24894.png,Borussia Dortmund,Bundesliga,Goalkeeper,360,7.425000,5.0,5.06,4.94,9.74,3.85,4.1,5.06,4.49,9.74,7.63,4.17,4.23,7.63,0.06,https://media.api-sports.io/football/teams/165.png,https://media.api-sports.io/football/leagues/78.png,0.0,0.0
90594,Éric Junior Dina Ebimbe,25.0,2000-11-21,Stains,France,183,76,https://media.api-sports.io/football/players/90594.png,Eintracht Frankfurt,Bundesliga,Midfielder,0,,0.92,3.41,3.3,0.09,0.84,0.48,2.18,1.06,0.11,0.26,0.53,1.11,0.76,9.44,https://media.api-sports.io/football/teams/169.png,https://media.api-sports.io/football/leagues/78.png,0.0,0.0
327897,Arijon Ibrahimović,20.0,2005-12-11,Nürnberg,Germany,176,69,https://media.api-sports.io/football/players/327897.png,Bayern München,Bundesliga,Midfielder,288,6.375000,8.66,3.41,3.3,2.32,8.14,2.96,2.18,2.79,3.2,2.95,6.48,5.4,1.86,8.12,https://media.api-sports.io/football/teams/157.png,https://media.api-sports.io/football/leagues/78.png,0.0,0.0
368260,Gift Emmanuel Orban,23.0,2002-07-17,Benue,Nigeria,178,73,https://media.api-sports.io/football/players/368260.png,1899 Hoffenheim,Bundesliga,Attacker,169,6.550000,9.86,8.84,3.37,3.95,5.54,3.37,3.3,7.47,1.46,1.26,1.43,3.78,0.83,1.67,https://media.api-sports.io/football/teams/167.png,https://media.api-sports.io/football/leagues/78.png,0.5325443786982248,0.0
380939,Fabio Amadu Uri Baldé,20.0,2005-07-20,Hamburg,Portugal,182,75,https://media.api-sports.io/football/players/380939.png,Hamburger SV,Bundesliga,Attacker,64,6.3,9.05,2.6,3.37,3.16,1.12,9.52,3.3,2.21,7.89,7.82,9.29,9.32,5.19,5.27,https://media.api-sports.io/football/teams/175.png,https://media.api-sports.io/football/leagues/78.png,0.0,0.0
2195,Sacha Boey,25.0,2000-09-13,Montreuil-sous-Bois,France,178,70,https://media.api-sports.io/football/players/2195.png,Bayern München,Bundesliga,Defender,462,6.47,6.18,3.94,3.99,8.08,7.74,3.03,1.25,4.78,6.44,3.37,8.56,4.66,8.65,1.27,https://media.api-sports.io/football/teams/157.png,https://media.api-sports.io/football/leagues/78.png,0.0,0.0
203376,Jonas Kurt Urbig,22.0,2003-08-08,Euskirchen,Germany,189,83,https://media.api-sports.io/football/players/203376.png,Bayern München,Bundesliga,Goalkeeper,180,6.9,5.0,5.06,4.94,8.46,3.85,4.1,5.06,4.49,0.64,0.83,4.17,4.23,2.24,5.77,https://media.api-sports.io/football/teams/157.png,https://media.api-sports.io/football/leagues/78.png,0.0,0.0
436443,Jonah Kusi-Asare,18.0,2007-07-04,Solna,Sweden,196,84,https://media.api-sports.io/football/players/436443.png,Bayern München,Bundesliga,Attacker,10,6.7,0.8,2.6,3.37,0.1,1.12,1.05,10.0,2.21,0.14,0.26,0.65,1.09,0.83,0.14,https://media.api-sports.io/football/teams/157.png,https://media.api-sports.io/football/leagues/78.png,0.0,0.0
494131,Lennart Karl,17.0,2008-02-22,Frammersbach,Germany,168,67,https://media.api-sports.io/football/players/494131.png,Bayern München,Bundesliga,Midfielder,483,7.05,9.93,9.71,9.58,9.44,9.1,6.33,2.18,8.88,7.59,6.11,9.41,9.12,5.53,8.39,https://media.api-sports.io/football/teams/157.png,https://media.api-sports.io/football/leagues/78.png,0.5590062111801242,0.3726708074534162
496738,Wisdom Okpako Mike,17.0,2008-09-24,,Germany,175,65,https://media.api-sports.io/football/players/496738.png,Bayern München,Bundesliga,Attacker,23,6.4,9.93,2.6,3.37,8.13,1.12,1.05,3.3,10.0,0.34,0.26,0.65,1.09,0.83,9.39,https://media.api-sports.io/football/teams/157.png,https://media.api-sports.io/football/leagues/78.png,0.0,0.0
162761,Castello Junior Lukeba,23.0,2002-12-17,Lyon,France,184,73,https://media.api-sports.io/football/players/162761.png,RB Leipzig,Bundesliga,Defender,1170,7.23,5.12,8.37,3.99,9.25,5.61,3.85,8.29,8.25,2.52,3.57,7.81,8.7,3.89,8.73,https://media.api-sports.io/football/teams/173.png,https://media.api-sports.io/football/leagues/78.png,0.07692307692307693,0.0
268571,El Chadaille Bitshiabu,20.0,2005-05-16,Villeneuve-Saint-Georges,France,196,95,https://media.api-sports.io/football/players/268571.png,RB Leipzig,Bundesliga,Defender,110,6.3,8.82,3.94,3.99,9.16,1.39,1.61,1.25,8.55,1.35,1.08,6.47,1.68,0.84,6.42,https://media.api-sports.io/football/teams/173.png,https://media.api-sports.io/football/leagues/78.png,0.0,0.0
326102,Rômulo José Cardoso da Cruz,23.0,2002-02-08,Marialva,Brazil,193,79,https://media.api-sports.io/football/players/326102.png,RB Leipzig,Bundesliga,Attacker,808,6.82,7.35,8.27,9.05,6.12,6.22,6.05,8.44,6.09,4.63,5.58,1.7,2.76,5.34,7.89,https://media.api-sports.io/football/teams/173.png,https://media.api-sports.io/football/leagues/78.png,0.44554455445544555,0.3341584158415841
343286,Ezechiel Banzuzi,20.0,2005-02-16,,Netherlands,191,,https://media.api-sports.io/football/players/343286.png,RB Leipzig,Bundesliga,Midfielder,334,6.7,7.24,3.41,9.12,6.55,6.32,7.43,9.54,8.41,8.7,9.0,3.08,4.91,2.74,2.32,https://media.api-sports.io/football/teams/173.png,https://media.api-sports.io/football/leagues/78.png,0.0,0.2694610778443114
513776,Yan Diomande,19.0,2006-11-14,Abidjan,Côte d'Ivoire,,,https://media.api-sports.io/football/players/513776.png,RB Leipzig,Bundesliga,Attacker,888,7.54,6.5,9.15,7.99,8.98,7.07,6.73,7.11,8.16,6.84,7.59,9.69,9.73,3.67,8.08,https://media.api-sports.io/football/teams/173.png,https://media.api-sports.io/football/leagues/78.png,0.6081081081081081,0.20270270270270271
231029,Nathan Adewale Temitayo Tella,26.0,1999-07-05,Stevenage,England,173,70,https://media.api-sports.io/football/players/231029.png,Bayer Leverkusen,Bundesliga,Attacker,329,6.64,2.52,2.6,8.74,3.71,8.62,4.86,3.3,5.48,4.86,5.31,6.39,6.43,7.6,2.72,https://media.api-sports.io/football/teams/168.png,https://media.api-sports.io/football/leagues/78.png,0.0,0.2735562310030395
312840,Ernest Poku,21.0,2004-01-28,Amsterdam,Netherlands,173,63,https://media.api-sports.io/football/players/312840.png,Bayer Leverkusen,Bundesliga,Attacker,804,6.86,4.39,8.3,8.23,8.2,7.89,4.15,3.3,6.97,2.14,2.48,7.14,7.48,4.49,8.57,https://media.api-sports.io/football/teams/168.png,https://media.api-sports.io/football/leagues/78.png,0.44776119402985076,0.22388059701492538
352375,Arthur Augusto de Matos Soares,22.0,2003-03-17,Belo Horizonte,Brazil,173,70,https://media.api-sports.io/football/players/352375.png,Bayer Leverkusen,Bundesliga,Midfielder,495,6.64,3.15,3.41,9.54,3.69,5.42,6.85,5.65,4.11,5.31,6.23,7.97,6.86,3.77,5.87,https://media.api-sports.io/football/teams/168.png,https://media.api-sports.io/football/leagues/78.png,0.0,0.36363636363636365
380587,Ibrahim Maza,20.0,2005-11-24,Berlin,Germany,180,70,https://media.api-sports.io/football/players/380587.png,Bayer Leverkusen,Bundesliga,Attacker,691,7.04,5.99,6.63,7.28,9.83,4.76,7.79,3.3,9.63,4.39,7.14,8.54,8.98,6.7,7.14,https://media.api-sports.io/football/teams/168.png,https://media.api-sports.io/football/leagues/78.png,0.26049204052098407,0.13024602026049203
414384,Alejo Uriel Sarco,19.0,2006-01-06,,Argentina,179,76,https://media.api-sports.io/football/players/414384.png,Bayer Leverkusen,Bundesliga,Attacker,47,6.2,9.59,2.6,3.37,6.9,8.62,8.4,3.3,2.21,8.1,6.38,4.73,8.54,6.92,0.71,https://media.api-sports.io/football/teams/168.png,https://media.api-sports.io/football/leagues/78.png,0.0,0.0
414385,Claudio Jeremías Echeverri,19.0,2006-01-02,Resistencia,Argentina,171,62,https://media.api-sports.io/football/players/414385.png,Bayer Leverkusen,Bundesliga,Midfielder,136,6.6,0.92,3.41,3.3,8.02,4.11,1.37,9.12,4.77,3.47,1.17,8.66,5.61,6.39,9.44,https://media.api-sports.io/football/teams/168.png,https://media.api-sports.io/football/leagues/78.png,0.0,0.0
491103,Axel Tape-Kobrissa,18.0,2007-08-10,Bondy,France,180,75,https://media.api-sports.io/football/players/491103.png,Bayer Leverkusen,Bundesliga,Defender,163,6.3,9.35,3.94,3.99,2.12,1.39,1.23,1.25,2.67,9.69,9.06,9.88,9.93,9.86,0.31,https://media.api-sports.io/football/teams/168.png,https://media.api-sports.io/football/leagues/78.png,0.0,0.0
505295,Christian Michel Kofane,19.0,2006-07-26,Douala,Cameroon,189,68,https://media.api-sports.io/football/players/505295.png,Bayer Leverkusen,Bundesliga,Attacker,561,6.83,9.0,8.5,3.37,1.05,6.53,4.76,7.76,5.88,2.69,4.69,2.82,5.07,4.12,2.41,https://media.api-sports.io/football/teams/168.png,https://media.api-sports.io/football/leagues/78.png,0.48128342245989303,0.0
18964,Bernardo Fernandes da Silva Junior,30.0,1995-05-14,São Paulo,Brazil,186,76,https://media.api-sports.io/football/players/18964.png,1899 Hoffenheim,Bundesliga,Defender,1144,6.78,3.39,3.94,3.99,6.71,6.27,8.33,5.7,8.61,8.7,8.58,5.89,6.39,3.53,1.06,https://media.api-sports.io/football/teams/167.png,https://media.api-sports.io/football/leagues/78.png,0.0,0.0
24854,Grischa Prömel,30.0,1995-01-09,Bad Cannstatt,Germany,180,75,https://media.api-sports.io/football/players/24854.png,1899 Hoffenheim,Bundesliga,Midfielder,646,7.01,9.61,9.8,9.19,8.09,7.04,5.28,6.77,2.57,4.11,5.38,4.65,5.01,5.5,4.94,https://media.api-sports.io/football/teams/167.png,https://media.api-sports.io/football/leagues/78.png,0.6965944272445821,0.2786377708978328
25366,Kevin John Ufuoma Akpoguma,30.0,1995-04-19,Neustadt an der Weinstraße,Nigeria,192,85,https://media.api-sports.io/football/players/25366.png,1899 Hoffenheim,Bundesliga,Defender,23,6.6,1.41,3.94,3.99,3.0,1.39,9.59,1.25,9.95,4.35,9.45,1.19,1.68,0.84,9.48,https://media.api-sports.io/football/teams/167.png,https://media.api-sports.io/football/leagues/78.png,0.0,0.0
37153,Wouter Burger,24.0,2001-02-16,Zuid-Beijerland,Netherlands,191,83,https://media.api-sports.io/football/players/37153.png,1899 Hoffenheim,Bundesliga,Midfielder,1075,7.03,6.67,8.97,9.46,8.04,7.95,7.56,6.54,5.26,8.17,7.53,1.54,2.56,2.2,1.47,https://media.api-sports.io/football/teams/167.png,https://media.api-sports.io/football/leagues/78.png,0.25116279069767444,0.33488372093023255
203040,Tim Lemperle,23.0,2002-02-05,Frankfurt,Germany,187,78,https://media.api-sports.io/football/players/203040.png,1899 Hoffenheim,Bundesliga,Attacker,915,6.68,7.96,8.66,6.97,5.95,6.84,5.85,7.06,5.75,4.76,4.22,4.56,5.44,2.96,1.97,https://media.api-sports.io/football/teams/167.png,https://media.api-sports.io/football/leagues/78.png,0.4918032786885246,0.09836065573770492
279907,Umut Deger Tohumcu,21.0,2004-08-11,Offenburg,Germany,175,71,https://media.api-sports.io/football/players/279907.png,1899 Hoffenheim,Bundesliga,Midfielder,138,6.5,8.04,3.41,3.3,3.04,0.84,5.79,2.18,1.06,2.4,3.25,4.84,5.55,6.33,4.66,https://media.api-sports.io/football/teams/167.png,https://media.api-sports.io/football/leagues/78.png,0.0,0.0
304686,Arthur Largura Chaves,24.0,2001-01-29,Florianópolis,Brazil,188,80,https://media.api-sports.io/football/players/304686.png,1899 Hoffenheim,Bundesliga,Defender,239,6.58,1.41,3.94,3.99,6.68,5.5,8.39,1.25,8.12,8.99,9.04,1.19,1.68,7.44,1.42,https://media.api-sports.io/football/teams/167.png,https://media.api-sports.io/football/leagues/78.png,0.0,0.0
328262,Muhammed Mehmet Damar,21.0,2004-04-09,Berlin,Germany,185,73,https://media.api-sports.io/football/players/328262.png,1899 Hoffenheim,Bundesliga,Midfielder,244,6.46,9.58,3.41,3.3,5.04,9.78,3.95,2.18,3.12,4.55,1.66,7.38,6.16,2.02,7.75,https://media.api-sports.io/football/teams/167.png,https://media.api-sports.io/football/leagues/78.png,0.0,0.0
387643,Bazoumana Touré,19.0,2006-03-02,,Côte d'Ivoire,173,74,https://media.api-sports.io/football/players/387643.png,1899 Hoffenheim,Bundesliga,Attacker,1093,6.99,3.23,5.78,9.01,6.7,7.72,7.14,6.8,6.02,6.67,7.48,8.95,8.61,5.1,3.54,https://media.api-sports.io/football/teams/167.png,https://media.api-sports.io/football/leagues/78.png,0.16468435498627632,0.32936870997255263
387973,Max Moerstedt,19.0,2006-01-15,Mannheim,Germany,194,77,https://media.api-sports.io/football/players/387973.png,1899 Hoffenheim,Bundesliga,Attacker,170,6.41,2.01,2.6,3.37,7.96,1.12,9.39,9.46,2.21,9.01,8.5,2.65,6.29,2.31,1.72,https://media.api-sports.io/football/teams/167.png,https://media.api-sports.io/football/leagues/78.png,0.0,0.0
725,Robin Hack,27.0,1998-08-27,Pforzheim,Germany,176,68,https://media.api-sports.io/football/players/725.png,Borussia Mönchengladbach,Bundesliga,Midfielder,248,6.58,9.56,3.41,3.3,4.55,9.83,1.08,2.18,3.08,2.62,1.0,6.36,6.09,5.43,5.94,https://media.api-sports.io/football/teams/163.png,https://media.api-sports.io/football/leagues/78.png,0.0,0.0
20784,Franck Honorat,29.0,1996-08-11,Toulon,France,180,70,https://media.api-sports.io/football/players/20784.png,Borussia Mönchengladbach,Bundesliga,Midfielder,680,6.93,5.16,3.41,9.63,2.05,9.32,2.69,5.01,2.49,1.81,1.61,6.7,5.61,2.71,7.51,https://media.api-sports.io/football/teams/163.png,https://media.api-sports.io/football/leagues/78.png,0.0,0.39705882352941174
24839,Marvin Friedrich,30.0,1995-12-13,Kassel,Germany,193,81,https://media.api-sports.io/football/players/24839.png,Borussia Mönchengladbach,Bundesliga,Defender,133,6.4,1.41,3.94,3.99,8.56,1.39,8.51,6.54,3.25,8.39,8.08,1.19,1.68,8.17,7.31,https://media.api-sports.io/football/teams/163.png,https://media.api-sports.io/football/leagues/78.png,0.0,0.0
24969,Philipp Sander,27.0,1998-02-21,,Germany,186,77,https://media.api-sports.io/football/players/24969.png,Borussia Mönchengladbach,Bundesliga,Midfielder,756,7.17,7.6,7.87,3.3,8.68,1.96,8.02,8.97,8.68,4.23,6.82,2.03,2.86,1.52,6.72,https://media.api-sports.io/football/teams/163.png,https://media.api-sports.io/football/leagues/78.png,0.11904761904761904,0.0
25626,Moritz Nicolas,28.0,1997-10-21,Gladbeck,Germany,193,87,https://media.api-sports.io/football/players/25626.png,Borussia Mönchengladbach,Bundesliga,Goalkeeper,1260,7.24,5.0,5.06,4.94,3.4,9.29,8.97,5.06,4.49,1.86,2.44,4.17,4.23,2.24,5.77,https://media.api-sports.io/football/teams/163.png,https://media.api-sports.io/football/leagues/78.png,0.0,0.0
163069,Luca Netz,22.0,2003-05-15,,Germany,180,83,https://media.api-sports.io/football/players/163069.png,Borussia Mönchengladbach,Bundesliga,Defender,582,6.75,1.41,3.94,9.28,2.93,8.15,4.57,2.96,2.24,2.19,1.83,6.73,7.02,2.5,7.66,https://media.api-sports.io/football/teams/163.png,https://media.api-sports.io/football/leagues/78.png,0.0,0.15463917525773196
180298,Oscar Luigi Fraulo,22.0,2003-12-06,Odense,Denmark,180,77,https://media.api-sports.io/football/players/180298.png,Borussia Mönchengladbach,Bundesliga,Midfielder,55,6.75,8.73,9.98,3.3,2.35,0.84,4.45,9.9,9.12,6.85,0.59,0.53,1.11,0.76,0.39,https://media.api-sports.io/football/teams/163.png,https://media.api-sports.io/football/leagues/78.png,1.6363636363636362,0.0
203007,Rocco Reitz,23.0,2002-05-29,Duisburg,Germany,176,75,https://media.api-sports.io/football/players/203007.png,Borussia Mönchengladbach,Bundesliga,Midfielder,1188,6.94,8.25,3.41,6.8,6.65,6.5,7.97,6.23,9.07,7.03,8.46,6.93,7.19,8.78,6.09,https://media.api-sports.io/football/teams/163.png,https://media.api-sports.io/football/leagues/78.png,0.0,0.07575757575757576
280358,Jens Castrop,22.0,2003-07-29,,Germany,178,76,https://media.api-sports.io/football/players/280358.png,Borussia Mönchengladbach,Bundesliga,Midfielder,672,6.56,6.7,8.0,3.3,2.15,7.36,9.46,2.18,7.7,8.85,9.12,9.21,8.26,7.25,2.1,https://media.api-sports.io/football/teams/163.png,https://media.api-sports.io/football/leagues/78.png,0.13392857142857142,0.0
322627,Fabio Christian Chiarodia,20.0,2005-06-05,Oldenburg,Italy,186,80,https://media.api-sports.io/football/players/322627.png,Borussia Mönchengladbach,Bundesliga,Defender,286,6.56,5.26,3.94,3.99,8.77,1.39,7.52,6.23,4.66,0.89,1.59,1.19,1.68,0.84,5.6,https://media.api-sports.io/football/teams/163.png,https://media.api-sports.io/football/leagues/78.png,0.0,0.0
327646,Lukas Ullrich,21.0,2004-03-16,,Germany,180,69,https://media.api-sports.io/football/players/327646.png,Borussia Mönchengladbach,Bundesliga,Defender,648,6.59,4.71,3.94,3.99,2.98,9.23,8.1,3.73,7.5,4.95,4.4,7.5,8.2,4.06,3.59,https://media.api-sports.io/football/teams/163.png,https://media.api-sports.io/football/leagues/78.png,0.0,0.0
5973,Nicolás Capaldo Taboas,27.0,1998-09-14,Santa Rosa,Argentina,177,75,https://media.api-sports.io/football/players/5973.png,Hamburger SV,Bundesliga,Midfielder,924,6.68,2.13,3.41,7.27,5.23,3.06,8.84,7.03,9.49,7.03,8.56,2.95,2.62,8.88,4.89,https://media.api-sports.io/football/teams/175.png,https://media.api-sports.io/football/leagues/78.png,0.0,0.09740259740259741
7288,Michael Zetterer,30.0,1995-07-12,München,Germany,187,79,https://media.api-sports.io/football/players/7288.png,Eintracht Frankfurt,Bundesliga,Goalkeeper,900,6.75,5.0,5.06,4.94,8.08,3.85,4.1,5.06,4.49,5.45,5.32,4.17,4.23,7.12,5.77,https://media.api-sports.io/football/teams/169.png,https://media.api-sports.io/football/leagues/78.png,0.0,0.0
8483,Jean-Luc Mamadou Diarra Dompé,30.0,1995-08-12,Arpajon,France,170,65,https://media.api-sports.io/football/players/8483.png,Hamburger SV,Bundesliga,Attacker,820,7.25,5.73,6.22,3.37,5.27,9.66,2.52,3.3,2.21,0.51,1.6,6.43,8.33,3.16,8.71,https://media.api-sports.io/football/teams/175.png,https://media.api-sports.io/football/leagues/78.png,0.21951219512195122,0.0
24965,Jonas Meffert,31.0,1994-09-04,Köln,Germany,186,76,https://media.api-sports.io/football/players/24965.png,Hamburger SV,Bundesliga,Midfielder,151,6.65,0.92,3.41,3.3,8.0,6.81,7.33,2.18,4.43,0.73,3.89,0.53,1.11,0.76,8.19,https://media.api-sports.io/football/teams/175.png,https://media.api-sports.io/football/leagues/78.png,0.0,0.0
25033,Daniel Heuer Fernandes,33.0,1992-11-13,Bochum,Portugal,188,81,https://media.api-sports.io/football/players/25033.png,Hamburger SV,Bundesliga,Goalkeeper,1260,6.99,10.0,5.06,4.94,9.87,3.85,4.1,5.06,4.49,1.86,1.92,4.17,4.23,6.41,5.77,https://media.api-sports.io/football/teams/175.png,https://media.api-sports.io/football/leagues/78.png,0.0,0.0
25346,Jordan Torunarigha,28.0,1997-08-07,Chemnitz,Germany,191,80,https://media.api-sports.io/football/players/25346.png,Hamburger SV,Bundesliga,Defender,621,6.83,1.41,3.94,3.99,7.14,1.39,8.0,7.79,7.04,5.89,7.91,4.71,6.75,5.24,7.04,https://media.api-sports.io/football/teams/175.png,https://media.api-sports.io/football/leagues/78.png,0.0,0.0
41799,Guilherme Magro Pires Ramos,28.0,1997-08-11,Lisbon,Portugal,191,86,https://media.api-sports.io/football/players/41799.png,Hamburger SV,Bundesliga,Defender,52,6.62,9.83,3.94,3.99,8.32,9.56,0.48,1.25,0.75,9.74,9.71,8.5,9.63,9.01,9.48,https://media.api-sports.io/football/teams/175.png,https://media.api-sports.io/football/leagues/78.png,0.0,0.0
129693,Rayan Philippe,25.0,2000-10-23,Nice,France,182,78,https://media.api-sports.io/football/players/129693.png,Hamburger SV,Bundesliga,Attacker,836,6.71,7.93,8.13,3.37,1.84,6.9,7.11,3.3,5.15,3.03,2.35,7.11,6.92,2.07,4.35,https://media.api-sports.io/football/teams/175.png,https://media.api-sports.io/football/leagues/78.png,0.43062200956937796,0.0
162265,Warmed Omari,25.0,2000-04-23,Bandraboua,France,188,74,https://media.api-sports.io/football/players/162265.png,Hamburger SV,Bundesliga,Defender,436,6.48,3.82,3.94,3.99,6.42,7.07,1.08,7.5,4.1,0.82,0.87,4.5,6.61,0.84,8.51,https://media.api-sports.io/football/teams/175.png,https://media.api-sports.io/football/leagues/78.png,0.0,0.0
260898,Nicolai Remberg,25.0,2000-06-19,Rheine,Germany,187,88,https://media.api-sports.io/football/players/260898.png,Hamburger SV,Bundesliga,Midfielder,1170,7.05,4.25,3.41,6.82,6.45,2.25,7.36,8.24,7.24,4.18,7.63,3.25,4.89,7.75,3.61,https://media.api-sports.io/football/teams/175.png,https://media.api-sports.io/football/leagues/78.png,0.0,0.07692307692307693
302632,William Mikelbrencis,21.0,2004-02-25,Forbach,France,176,64,https://media.api-sports.io/football/players/302632.png,Hamburger SV,Bundesliga,Defender,452,6.42,7.86,3.94,3.99,1.13,8.34,3.92,3.2,2.0,2.98,1.15,5.72,6.49,2.03,1.23,https://media.api-sports.io/football/teams/175.png,https://media.api-sports.io/football/leagues/78.png,0.0,0.0
324019,Daniel Elfadli,28.0,1997-04-06,Leoonberg,Libya,188,78,https://media.api-sports.io/football/players/324019.png,Hamburger SV,Bundesliga,Defender,771,6.75,3.15,3.94,3.99,6.95,4.35,5.05,5.87,7.57,2.72,2.55,4.13,5.05,7.14,4.83,https://media.api-sports.io/football/teams/175.png,https://media.api-sports.io/football/leagues/78.png,0.0,0.0
384861,Aboubaka Souhmahoro,20.0,2005-02-04,Paris,France,184,71,https://media.api-sports.io/football/players/384861.png,Hamburger SV,Bundesliga,Defender,112,6.03,1.41,3.94,3.99,4.11,7.86,1.55,1.25,0.75,0.31,0.5,1.19,1.68,0.84,2.12,https://media.api-sports.io/football/teams/175.png,https://media.api-sports.io/football/leagues/78.png,0.0,0.0
444962,Otto Emerson Stange,18.0,2007-02-09,Hamburg,Germany,185,82,https://media.api-sports.io/football/players/444962.png,Hamburger SV,Bundesliga,Attacker,15,6.6,0.8,2.6,3.37,0.1,1.12,1.05,3.3,2.21,0.58,6.68,0.65,1.09,9.9,9.39,https://media.api-sports.io/football/teams/175.png,https://media.api-sports.io/football/leagues/78.png,0.0,0.0
470282,Alexander Røssing-Lelesiit,18.0,2007-01-20,Nittedal,Norway,173,65,https://media.api-sports.io/football/players/470282.png,Hamburger SV,Bundesliga,Attacker,296,6.55,1.63,2.6,8.89,2.86,6.19,9.46,8.88,2.21,7.72,7.18,8.81,8.44,5.71,1.6,https://media.api-sports.io/football/teams/175.png,https://media.api-sports.io/football/leagues/78.png,0.0,0.30405405405405406
8451,Aurélio Gabriel Ulineia Buta,28.0,1997-02-10,Luanda,Portugal,172,66,https://media.api-sports.io/football/players/8451.png,Eintracht Frankfurt,Bundesliga,Defender,135,5.93,8.23,3.94,3.99,4.86,7.24,9.63,6.43,0.75,8.74,7.97,7.69,8.05,8.06,1.18,https://media.api-sports.io/football/teams/169.png,https://media.api-sports.io/football/leagues/78.png,0.0,0.0
156490,Niels Patrick Nkounkou,25.0,2000-11-01,Pontoise,France,184,75,https://media.api-sports.io/football/players/156490.png,Eintracht Frankfurt,Bundesliga,Defender,0,,1.41,3.94,3.99,0.05,1.39,0.48,1.25,0.75,0.11,0.25,1.19,1.68,0.84,9.48,https://media.api-sports.io/football/teams/169.png,https://media.api-sports.io/football/leagues/78.png,0.0,0.0
161922,Ansgar Knauff,23.0,2002-01-10,Göttingen,Germany,180,73,https://media.api-sports.io/football/players/161922.png,Eintracht Frankfurt,Bundesliga,Attacker,679,6.6,4.35,6.67,7.35,6.67,8.88,5.27,3.3,8.13,3.4,3.37,4.86,5.65,3.33,3.27,https://media.api-sports.io/football/teams/169.png,https://media.api-sports.io/football/leagues/78.png,0.2650957290132548,0.1325478645066274
162707,Sepe Elye Wahi,22.0,2003-01-02,,France,184,74,https://media.api-sports.io/football/players/162707.png,Eintracht Frankfurt,Bundesliga,Attacker,330,6.39,5.61,2.6,8.71,4.9,5.68,3.54,8.67,2.21,1.9,2.55,4.66,2.45,3.98,8.2,https://media.api-sports.io/football/teams/169.png,https://media.api-sports.io/football/leagues/78.png,0.0,0.2727272727272727
329578,Mio Backhaus,21.0,2004-04-16,Mönchengladbach,Germany,194,82,https://media.api-sports.io/football/players/329578.png,Werder Bremen,Bundesliga,Goalkeeper,1080,7.26,5.0,5.06,4.94,3.85,3.85,4.1,5.06,4.49,6.99,5.9,4.17,4.23,8.78,5.77,https://media.api-sports.io/football/teams/162.png,https://media.api-sports.io/football/leagues/78.png,0.0,0.0
339874,Oscar Winther Højlund,20.0,2005-01-04,Kopenhagen,Denmark,184,76,https://media.api-sports.io/football/players/339874.png,Eintracht Frankfurt,Bundesliga,Midfielder,219,6.46,0.92,3.41,9.66,6.41,2.71,9.66,8.02,5.81,8.62,7.15,3.11,1.11,0.76,1.34,https://media.api-sports.io/football/teams/169.png,https://media.api-sports.io/football/leagues/78.png,0.0,0.410958904109589
369674,Jean-Mattéo Bahoya Négoce,20.0,2005-05-07,Montfermeil,France,180,75,https://media.api-sports.io/football/players/369674.png,Eintracht Frankfurt,Bundesliga,Midfielder,581,6.94,7.26,9.36,8.12,2.54,8.8,8.07,2.18,5.43,7.41,8.58,8.53,9.27,8.41,6.01,https://media.api-sports.io/football/teams/169.png,https://media.api-sports.io/football/leagues/78.png,0.3098106712564544,0.1549053356282272
716,Leonardo Jesus Loureiro Bittencourt,32.0,1993-12-19,Leipzig,Germany,171,63,https://media.api-sports.io/football/players/716.png,Werder Bremen,Bundesliga,Midfielder,200,6.55,6.54,3.41,3.3,9.51,5.35,7.03,2.18,6.42,1.42,1.27,5.13,4.4,0.76,2.63,https://media.api-sports.io/football/teams/162.png,https://media.api-sports.io/football/leagues/78.png,0.0,0.0
26319,Felix Agu,26.0,1999-09-27,Osnabrück,Germany,180,67,https://media.api-sports.io/football/players/26319.png,Werder Bremen,Bundesliga,Defender,484,6.68,3.61,3.94,3.99,3.2,8.17,8.37,7.02,7.0,7.45,8.53,6.23,6.27,9.42,3.27,https://media.api-sports.io/football/teams/162.png,https://media.api-sports.io/football/leagues/78.png,0.0,0.0
38798,Senne Maaike Lynen,26.0,1999-02-19,Antwerpen,Belgium,185,80,https://media.api-sports.io/football/players/38798.png,Werder Bremen,Bundesliga,Midfielder,1139,6.8,3.45,3.41,3.3,7.71,2.64,5.33,7.24,9.29,1.08,1.44,1.42,2.22,2.15,5.72,https://media.api-sports.io/football/teams/162.png,https://media.api-sports.io/football/leagues/78.png,0.0,0.0
177807,Justin Gideon Njinmah,25.0,2000-11-15,Hamburg,Germany,184,75,https://media.api-sports.io/football/players/177807.png,Werder Bremen,Bundesliga,Midfielder,598,6.63,9.12,9.61,3.3,0.9,2.93,2.74,2.18,3.59,2.59,3.25,8.34,7.51,3.11,8.85,https://media.api-sports.io/football/teams/162.png,https://media.api-sports.io/football/leagues/78.png,0.45150501672240806,0.0
178768,Noah Atubolu,23.0,2002-05-25,Freiburg im Breisgau,Germany,190,78,https://media.api-sports.io/football/players/178768.png,SC Freiburg,Bundesliga,Goalkeeper,1260,7.03,5.0,5.06,4.94,8.97,3.85,4.1,5.06,4.49,2.95,3.46,4.17,4.23,6.41,5.77,https://media.api-sports.io/football/teams/160.png,https://media.api-sports.io/football/leagues/78.png,0.0,0.0
193720,Skelly Alvero,23.0,2002-05-02,Stains,France,202,93,https://media.api-sports.io/football/players/193720.png,Werder Bremen,Bundesliga,Midfielder,37,6.8,0.92,3.41,3.3,9.19,0.84,0.48,9.95,9.72,0.22,0.94,0.53,1.11,9.0,9.44,https://media.api-sports.io/football/teams/162.png,https://media.api-sports.io/football/leagues/78.png,0.0,0.0
289460,Julián Malatini,24.0,2001-05-31,General Cabrera,Argentina,191,84,https://media.api-sports.io/football/players/289460.png,Werder Bremen,Bundesliga,Defender,98,6.15,1.41,3.94,3.99,0.84,1.39,9.47,1.25,0.75,9.33,9.64,8.65,8.68,0.84,1.49,https://media.api-sports.io/football/teams/162.png,https://media.api-sports.io/football/leagues/78.png,0.0,0.0
334334,Keke Maximilian Topp,21.0,2004-03-25,Bremervörde,Germany,192,81,https://media.api-sports.io/football/players/334334.png,Werder Bremen,Bundesliga,Attacker,391,6.28,2.76,2.6,8.33,6.5,4.86,4.35,3.3,2.21,5.61,3.74,2.96,4.56,2.72,1.87,https://media.api-sports.io/football/teams/162.png,https://media.api-sports.io/football/leagues/78.png,0.0,0.23017902813299235
440147,Abdoul Karim Coulibaly,18.0,2007-05-23,,Germany,191,75,https://media.api-sports.io/football/players/440147.png,Werder Bremen,Bundesliga,Defender,1132,6.41,4.25,8.41,3.99,8.89,5.14,3.41,8.46,6.47,4.06,3.34,3.97,5.91,2.57,5.5,https://media.api-sports.io/football/teams/162.png,https://media.api-sports.io/football/leagues/78.png,0.07950530035335689,0.0
448468,Patrice Čović,18.0,2007-06-25,Berlin,Croatia,176,68,https://media.api-sports.io/football/players/448468.png,Werder Bremen,Bundesliga,Midfielder,207,6.37,3.64,3.41,3.3,8.74,2.84,4.79,2.18,6.14,0.9,0.81,3.3,1.11,2.26,4.66,https://media.api-sports.io/football/teams/162.png,https://media.api-sports.io/football/leagues/78.png,0.0,0.0
2917,Maximilian Eggestein,29.0,1996-12-08,Hannover,Germany,181,75,https://media.api-sports.io/football/players/2917.png,SC Freiburg,Bundesliga,Midfielder,1260,6.93,5.09,8.12,3.3,7.16,3.59,6.65,8.41,7.56,3.55,5.66,1.83,3.13,2.54,7.1,https://media.api-sports.io/football/teams/160.png,https://media.api-sports.io/football/leagues/78.png,0.14285714285714285,0.0
15874,Anthony Jung,34.0,1991-11-03,Villajoyosa,Germany,186,83,https://media.api-sports.io/football/players/15874.png,SC Freiburg,Bundesliga,Defender,214,6.48,1.41,3.94,3.99,8.27,7.98,1.11,7.62,6.86,0.93,3.0,1.19,1.68,5.96,6.2,https://media.api-sports.io/football/teams/160.png,https://media.api-sports.io/football/leagues/78.png,0.0,0.0
25903,Finn Gilbert Dahmen,27.0,1998-03-27,Wiesbaden,Germany,186,80,https://media.api-sports.io/football/players/25903.png,FC Augsburg,Bundesliga,Goalkeeper,1260,6.68,5.0,5.06,4.94,9.23,9.29,4.1,5.06,4.49,6.15,7.18,4.17,4.23,6.41,5.77,https://media.api-sports.io/football/teams/170.png,https://media.api-sports.io/football/leagues/78.png,0.0,0.0
26239,Lukas Kübler,33.0,1992-08-30,Bonn,Germany,182,74,https://media.api-sports.io/football/players/26239.png,SC Freiburg,Bundesliga,Defender,808,6.83,9.38,9.52,8.85,4.54,7.31,8.68,3.39,9.01,7.09,8.35,4.83,5.02,4.88,5.24,https://media.api-sports.io/football/teams/160.png,https://media.api-sports.io/football/leagues/78.png,0.22277227722772278,0.11138613861386139
26250,Nicolas Höfler,35.0,1990-03-09,Überlingen,Germany,181,79,https://media.api-sports.io/football/players/26250.png,SC Freiburg,Bundesliga,Midfielder,45,6.53,9.36,3.41,3.3,9.1,0.84,0.48,2.18,1.06,5.01,9.23,6.77,9.24,0.76,2.13,https://media.api-sports.io/football/teams/160.png,https://media.api-sports.io/football/leagues/78.png,0.0,0.0
26255,Lucas Höler,31.0,1994-07-10,Achim,Germany,184,83,https://media.api-sports.io/football/players/26255.png,SC Freiburg,Bundesliga,Attacker,970,6.74,4.22,5.31,6.87,7.07,5.95,6.02,3.3,7.59,5.41,7.21,3.13,4.01,4.42,6.43,https://media.api-sports.io/football/teams/160.png,https://media.api-sports.io/football/leagues/78.png,0.09278350515463918,0.09278350515463918
191160,Jordy Makengo Basambundu,24.0,2001-08-03,Saint-Denis,France,191,78,https://media.api-sports.io/football/players/191160.png,SC Freiburg,Bundesliga,Defender,656,6.43,1.41,3.94,3.99,4.06,5.82,5.67,8.73,3.27,3.32,4.64,6.83,6.59,5.05,6.37,https://media.api-sports.io/football/teams/160.png,https://media.api-sports.io/football/leagues/78.png,0.0,0.0
202526,Eren Sami Dinkçi,24.0,2001-12-13,Bremen,Germany,188,70,https://media.api-sports.io/football/players/202526.png,SC Freiburg,Bundesliga,Midfielder,264,6.35,6.99,3.41,3.3,2.62,2.49,7.97,2.18,8.48,3.3,2.95,6.04,5.84,1.88,7.9,https://media.api-sports.io/football/teams/160.png,https://media.api-sports.io/football/leagues/78.png,0.0,0.0
202854,Merlin Röhl,23.0,2002-07-05,Berlin,Germany,192,75,https://media.api-sports.io/football/players/202854.png,SC Freiburg,Bundesliga,Midfielder,65,6.4,0.92,3.41,3.3,5.77,0.84,3.53,9.85,1.06,7.7,3.84,0.53,1.11,0.76,1.0,https://media.api-sports.io/football/teams/160.png,https://media.api-sports.io/football/leagues/78.png,0.0,0.0
286710,Derry Lionel Scherhant,23.0,2002-11-10,,Germany,185,78,https://media.api-sports.io/football/players/286710.png,SC Freiburg,Bundesliga,Attacker,407,6.77,8.64,8.23,3.37,3.74,7.59,6.77,3.3,6.87,7.04,8.1,8.84,7.89,9.56,4.73,https://media.api-sports.io/football/teams/160.png,https://media.api-sports.io/football/leagues/78.png,0.44226044226044225,0.0
431149,Cyriaque Kalou Irié,20.0,2005-06-20,Vavoua,Côte d'Ivoire,184,,https://media.api-sports.io/football/players/431149.png,SC Freiburg,Bundesliga,Attacker,30,6.6,9.25,2.6,3.37,9.46,1.12,9.68,3.3,2.21,9.73,9.18,9.86,9.46,8.95,0.26,https://media.api-sports.io/football/teams/160.png,https://media.api-sports.io/football/leagues/78.png,0.0,0.0
26,Marius Wolf,30.0,1995-05-27,Coburg,Germany,188,81,https://media.api-sports.io/football/players/26.png,FC Augsburg,Bundesliga,Midfielder,368,6.71,5.55,8.88,3.3,1.08,7.85,2.81,2.18,9.24,0.46,0.83,3.69,2.89,1.59,7.78,https://media.api-sports.io/football/teams/170.png,https://media.api-sports.io/football/leagues/78.png,0.24456521739130435,0.0
110,Han-Noah Massengo,24.0,2001-07-07,Villepinte,France,178,70,https://media.api-sports.io/football/players/110.png,FC Augsburg,Bundesliga,Midfielder,1144,6.89,3.42,7.21,6.89,6.36,3.92,4.55,7.97,7.95,2.79,3.72,5.55,6.41,5.45,7.07,https://media.api-sports.io/football/teams/170.png,https://media.api-sports.io/football/leagues/78.png,0.07867132867132867,0.07867132867132867
15901,Mads Giersing Valentin Pedersen,29.0,1996-09-01,Hørsholm,Denmark,174,72,https://media.api-sports.io/football/players/15901.png,FC Augsburg,Bundesliga,Defender,48,6.9,1.41,3.94,3.99,0.94,9.64,6.06,1.25,0.75,1.23,0.77,1.19,1.68,0.84,9.48,https://media.api-sports.io/football/teams/170.png,https://media.api-sports.io/football/leagues/78.png,0.0,0.0
24899,Patrick Mainka,31.0,1994-11-06,Gütersloh,Germany,194,86,https://media.api-sports.io/football/players/24899.png,1. FC Heidenheim,Bundesliga,Defender,1260,6.94,9.13,8.2,8.29,5.26,4.88,4.74,9.42,6.06,4.77,7.04,3.35,4.86,4.27,8.77,https://media.api-sports.io/football/teams/180.png,https://media.api-sports.io/football/leagues/78.png,0.07142857142857142,0.07142857142857142
25290,Jeffrey Gouweleeuw,34.0,1991-07-10,Heemskerk,Netherlands,188,83,https://media.api-sports.io/football/players/25290.png,FC Augsburg,Bundesliga,Defender,365,6.44,4.33,3.94,3.99,6.06,6.37,4.28,1.25,8.8,3.49,1.44,3.51,5.17,0.84,6.85,https://media.api-sports.io/football/teams/170.png,https://media.api-sports.io/football/leagues/78.png,0.0,0.0
25355,Arne Carl Maier,26.0,1999-01-08,Ludwigsfelde,Germany,186,79,https://media.api-sports.io/football/players/25355.png,FC Augsburg,Bundesliga,Midfielder,15,6.6,0.92,3.41,3.3,3.04,0.84,9.74,2.18,9.95,0.83,7.46,0.53,1.11,0.76,9.44,https://media.api-sports.io/football/teams/170.png,https://media.api-sports.io/football/leagues/78.png,0.0,0.0
26171,Phillip Tietz,28.0,1997-07-09,Braunschweig,Germany,190,86,https://media.api-sports.io/football/players/26171.png,FC Augsburg,Bundesliga,Attacker,188,6.48,7.04,8.47,3.37,7.93,7.18,3.2,3.3,2.21,7.35,4.83,5.71,1.09,6.92,1.39,https://media.api-sports.io/football/teams/170.png,https://media.api-sports.io/football/leagues/78.png,0.4787234042553191,0.0
26242,Keven Matteo Schlotterbeck,28.0,1997-04-28,Weinstadt,Germany,189,84,https://media.api-sports.io/football/players/26242.png,FC Augsburg,Bundesliga,Defender,756,6.66,7.81,3.94,8.97,7.5,6.85,6.27,5.94,4.15,7.36,7.57,4.18,5.13,4.4,1.35,https://media.api-sports.io/football/teams/170.png,https://media.api-sports.io/football/leagues/78.png,0.0,0.11904761904761904
143831,Robin Salvatore Fellhauer,27.0,1998-01-21,Mannheim,Germany,182,75,https://media.api-sports.io/football/players/143831.png,FC Augsburg,Bundesliga,Midfielder,1121,6.81,7.43,7.24,6.97,2.81,4.89,6.7,7.29,6.26,5.67,7.51,4.21,5.48,5.55,6.16,https://media.api-sports.io/football/teams/170.png,https://media.api-sports.io/football/leagues/78.png,0.08028545941123996,0.08028545941123996
163039,Chrislain Iris Aurel Matsima,23.0,2002-05-15,Nanterre,France,193,81,https://media.api-sports.io/football/players/163039.png,FC Augsburg,Bundesliga,Defender,1260,6.85,4.83,8.2,8.29,6.37,4.88,2.76,9.21,9.38,1.32,2.86,3.35,3.57,2.43,7.97,https://media.api-sports.io/football/teams/170.png,https://media.api-sports.io/football/leagues/78.png,0.07142857142857142,0.07142857142857142
348888,Mert Kömür,20.0,2005-07-17,Dachau,Germany,183,77,https://media.api-sports.io/football/players/348888.png,FC Augsburg,Bundesliga,Attacker,796,6.68,7.86,6.26,8.27,6.87,7.28,3.74,3.3,7.01,4.59,2.52,5.14,5.0,3.71,4.01,https://media.api-sports.io/football/teams/170.png,https://media.api-sports.io/football/leagues/78.png,0.22613065326633167,0.22613065326633167
413065,Noahkai Kai Daniel Banks,19.0,2006-12-01,Honolulu,USA,193,93,https://media.api-sports.io/football/players/413065.png,FC Augsburg,Bundesliga,Defender,815,6.88,4.09,8.8,3.99,4.93,4.11,7.02,6.37,3.15,6.06,6.73,5.46,4.95,6.73,2.33,https://media.api-sports.io/football/teams/170.png,https://media.api-sports.io/football/leagues/78.png,0.11042944785276074,0.0
8959,Adrian Beck,28.0,1997-06-09,Crailsheim,Germany,186,75,https://media.api-sports.io/football/players/8959.png,1. FC Heidenheim,Bundesliga,Midfielder,524,6.73,2.96,3.41,3.3,5.82,7.54,4.21,7.46,3.03,8.0,7.26,8.9,9.29,7.51,5.18,https://media.api-sports.io/football/teams/180.png,https://media.api-sports.io/football/leagues/78.png,0.0,0.0
15732,Mikkel Kaufmann Sørensen,24.0,2001-01-03,Hjørring,Denmark,190,81,https://media.api-sports.io/football/players/15732.png,1. FC Heidenheim,Bundesliga,Attacker,390,6.58,4.49,6.36,8.37,2.04,2.93,4.39,3.3,5.27,7.82,7.89,0.65,1.09,7.79,1.8,https://media.api-sports.io/football/teams/180.png,https://media.api-sports.io/football/leagues/78.png,0.23076923076923078,0.23076923076923078
24897,Marnon-Thomas Busch,31.0,1994-12-08,Stade,Germany,182,80,https://media.api-sports.io/football/players/24897.png,1. FC Heidenheim,Bundesliga,Midfielder,778,6.81,2.25,3.41,8.88,4.33,4.3,4.08,9.24,8.53,0.88,1.03,2.37,2.35,1.93,7.38,https://media.api-sports.io/football/teams/180.png,https://media.api-sports.io/football/leagues/78.png,0.0,0.2313624678663239
24904,Niklas Bernd Dorsch,27.0,1998-01-15,Lichtenfels,Germany,178,76,https://media.api-sports.io/football/players/24904.png,1. FC Heidenheim,Bundesliga,Midfielder,814,6.68,5.18,3.41,3.3,5.57,4.13,6.09,6.16,6.85,2.57,4.03,5.01,6.75,4.84,4.56,https://media.api-sports.io/football/teams/180.png,https://media.api-sports.io/football/leagues/78.png,0.0,0.0
24979,Jonas Föhrenbach,29.0,1996-01-26,Freiburg,Germany,184,81,https://media.api-sports.io/football/players/24979.png,1. FC Heidenheim,Bundesliga,Midfielder,1224,6.62,1.83,7.14,6.72,2.74,6.72,3.91,6.14,7.14,0.42,1.17,1.61,1.11,2.3,8.7,https://media.api-sports.io/football/teams/180.png,https://media.api-sports.io/football/leagues/78.png,0.07352941176470588,0.07352941176470588
25203,Benedikt Steffen Gimber,28.0,1997-02-19,Buchen,Germany,187,85,https://media.api-sports.io/football/players/25203.png,1. FC Heidenheim,Bundesliga,Defender,509,6.3,1.41,3.94,3.99,4.04,1.39,4.86,5.54,1.92,7.48,8.27,5.35,6.17,9.57,1.3,https://media.api-sports.io/football/teams/180.png,https://media.api-sports.io/football/leagues/78.png,0.0,0.0
25502,Omar Haktab Traoré,27.0,1998-02-04,Osnabrück,Germany,187,77,https://media.api-sports.io/football/players/25502.png,1. FC Heidenheim,Bundesliga,Defender,822,6.47,7.62,3.94,9.52,3.39,8.32,2.16,2.72,3.7,5.0,2.52,7.62,8.87,7.64,2.72,https://media.api-sports.io/football/teams/180.png,https://media.api-sports.io/football/leagues/78.png,0.0,0.21897810218978103
127619,Jan Schöppner,26.0,1999-06-12,Homberg,Germany,190,78,https://media.api-sports.io/football/players/127619.png,1. FC Heidenheim,Bundesliga,Midfielder,974,6.46,3.28,7.62,3.3,2.64,2.58,3.2,7.71,8.77,6.38,4.6,6.01,6.63,3.34,4.72,https://media.api-sports.io/football/teams/180.png,https://media.api-sports.io/football/leagues/78.png,0.09240246406570843,0.0
177618,Kilian Fischer,25.0,2000-10-12,Miltenberg,Germany,182,77,https://media.api-sports.io/football/players/177618.png,VfL Wolfsburg,Bundesliga,Defender,605,6.43,5.0,3.94,3.99,5.07,6.08,5.7,1.25,7.19,3.39,3.2,5.7,4.24,4.38,4.04,https://media.api-sports.io/football/teams/161.png,https://media.api-sports.io/football/leagues/78.png,0.0,0.0
177815,Tim Siersleben,25.0,2000-03-09,Magdeburg,Germany,187,80,https://media.api-sports.io/football/players/177815.png,1. FC Heidenheim,Bundesliga,Defender,826,6.65,6.61,3.94,3.99,5.82,4.09,6.92,6.32,9.25,3.68,4.93,1.19,1.68,7.6,5.41,https://media.api-sports.io/football/teams/180.png,https://media.api-sports.io/football/leagues/78.png,0.0,0.0
203011,Julian Niehues,24.0,2001-04-17,Münster,Germany,195,89,https://media.api-sports.io/football/players/203011.png,1. FC Heidenheim,Bundesliga,Midfielder,584,6.69,4.93,3.41,3.3,5.97,2.27,1.87,5.28,9.21,3.06,5.16,2.89,4.47,3.86,7.63,https://media.api-sports.io/football/teams/180.png,https://media.api-sports.io/football/leagues/78.png,0.0,0.0
231032,Moritz Jenz,26.0,1999-04-30,Berlin,Germany,190,86,https://media.api-sports.io/football/players/231032.png,VfL Wolfsburg,Bundesliga,Defender,720,6.58,1.41,3.94,3.99,5.65,4.52,4.98,5.26,4.98,1.88,3.57,1.19,1.68,2.92,4.39,https://media.api-sports.io/football/teams/161.png,https://media.api-sports.io/football/leagues/78.png,0.0,0.0
280055,Luca Kerber,23.0,2002-03-10,Dillingen,Germany,180,77,https://media.api-sports.io/football/players/280055.png,1. FC Heidenheim,Bundesliga,Midfielder,352,6.53,5.87,3.41,3.3,0.37,3.22,4.16,8.57,4.01,4.43,3.13,1.26,1.11,5.05,2.03,https://media.api-sports.io/football/teams/180.png,https://media.api-sports.io/football/leagues/78.png,0.0,0.0
283323,Leonardo Weschenfelder Scienza,27.0,1998-09-13,Venâncio Aires,Brazil,175,69,https://media.api-sports.io/football/players/283323.png,1. FC Heidenheim,Bundesliga,Attacker,180,7.45,3.03,8.74,3.37,3.27,7.4,5.65,3.3,2.21,4.93,6.68,8.69,7.65,9.32,8.37,https://media.api-sports.io/football/teams/180.png,https://media.api-sports.io/football/leagues/78.png,0.5,0.0
431917,Adam Kölle,19.0,2006-04-28,Tübingen,Germany,195,91,https://media.api-sports.io/football/players/431917.png,1. FC Heidenheim,Bundesliga,Defender,74,6.6,9.45,9.95,3.99,1.37,8.99,3.2,1.25,0.75,9.81,5.79,7.46,1.68,7.7,0.14,https://media.api-sports.io/football/teams/180.png,https://media.api-sports.io/football/leagues/78.png,1.2162162162162162,0.0
480613,Yannik Wagner,18.0,2007-05-09,,Germany,182,,https://media.api-sports.io/football/players/480613.png,1. FC Heidenheim,Bundesliga,Attacker,36,6.73,0.8,2.6,3.37,6.33,9.91,9.25,3.3,2.21,0.44,1.12,0.65,1.09,0.83,9.39,https://media.api-sports.io/football/teams/180.png,https://media.api-sports.io/football/leagues/78.png,0.0,0.0
1812,Danny Vieira da Costa,32.0,1993-07-13,Neuss,Germany,187,87,https://media.api-sports.io/football/players/1812.png,FSV Mainz 05,Bundesliga,Defender,1138,6.65,6.3,8.39,3.99,5.36,5.75,2.09,6.78,6.39,3.44,3.05,5.91,6.42,5.65,5.58,https://media.api-sports.io/football/teams/164.png,https://media.api-sports.io/football/leagues/78.png,0.07908611599297012,0.0
10169,Vinicius de Souza Costa,26.0,1999-06-17,Rio de Janeiro,Brazil,187,80,https://media.api-sports.io/football/players/10169.png,VfL Wolfsburg,Bundesliga,Midfielder,803,6.92,2.84,3.41,3.3,3.72,2.44,8.14,9.49,8.36,6.06,8.14,2.35,2.32,6.11,2.67,https://media.api-sports.io/football/teams/161.png,https://media.api-sports.io/football/leagues/78.png,0.0,0.0
25400,Yannick Gerhardt,31.0,1994-03-13,Würselen,Germany,184,81,https://media.api-sports.io/football/players/25400.png,VfL Wolfsburg,Bundesliga,Midfielder,327,6.7,4.33,3.41,3.3,5.87,3.45,2.44,9.56,5.89,2.18,1.32,2.25,1.11,1.71,3.28,https://media.api-sports.io/football/teams/161.png,https://media.api-sports.io/football/leagues/78.png,0.0,0.0
25906,Robin Zentner,31.0,1994-10-28,Rüdesheim am Rhein,Germany,194,96,https://media.api-sports.io/football/players/25906.png,FSV Mainz 05,Bundesliga,Goalkeeper,787,6.94,5.0,5.06,4.94,8.85,3.85,4.1,5.06,4.49,9.62,8.33,9.49,9.49,5.26,0.51,https://media.api-sports.io/football/teams/164.png,https://media.api-sports.io/football/leagues/78.png,0.0,0.0
323951,Aaron Zehnter,21.0,2004-10-31,Sonderhofen,Germany,180,70,https://media.api-sports.io/football/players/323951.png,VfL Wolfsburg,Bundesliga,Defender,899,6.7,8.39,9.38,3.99,3.32,8.7,1.47,5.29,8.39,0.36,0.67,4.42,5.7,0.84,9.48,https://media.api-sports.io/football/teams/161.png,https://media.api-sports.io/football/leagues/78.png,0.20022246941045607,0.0
342188,Dženan Pejčinović,20.0,2005-02-15,München,Germany,188,78,https://media.api-sports.io/football/players/342188.png,VfL Wolfsburg,Bundesliga,Attacker,351,6.37,8.81,2.6,3.37,2.89,2.48,3.3,8.64,2.21,7.11,5.68,3.23,3.74,2.93,6.87,https://media.api-sports.io/football/teams/161.png,https://media.api-sports.io/football/leagues/78.png,0.0,0.0
979,Dominik Kohr,31.0,1994-01-31,Trier,Germany,183,77,https://media.api-sports.io/football/players/979.png,FSV Mainz 05,Bundesliga,Defender,809,6.8,6.78,8.85,3.99,4.81,7.26,4.64,7.16,8.68,7.6,8.56,4.76,6.05,9.54,2.19,https://media.api-sports.io/football/teams/164.png,https://media.api-sports.io/football/leagues/78.png,0.11124845488257107,0.0
1156,Tom Krauß,24.0,2001-06-22,Leipzig,Germany,182,72,https://media.api-sports.io/football/players/1156.png,1. FC Köln,Bundesliga,Defender,576,6.82,7.02,3.94,3.99,7.36,6.23,8.73,6.17,7.63,3.92,5.12,6.75,5.84,6.38,5.65,https://media.api-sports.io/football/teams/192.png,https://media.api-sports.io/football/leagues/78.png,0.0,0.0
15871,Marvin Schwäbe,30.0,1995-04-25,Dieburg,Germany,190,86,https://media.api-sports.io/football/players/15871.png,1. FC Köln,Bundesliga,Goalkeeper,1260,7.49,5.0,5.06,4.94,9.62,8.91,8.97,5.06,4.49,3.46,2.69,4.17,4.23,4.74,0.77,https://media.api-sports.io/football/teams/192.png,https://media.api-sports.io/football/leagues/78.png,0.0,0.0
22097,Arnaud Dominique Nordin,27.0,1998-06-17,Paris,France,170,70,https://media.api-sports.io/football/players/22097.png,FSV Mainz 05,Bundesliga,Attacker,472,6.66,6.12,2.6,3.37,7.79,3.27,8.33,8.1,8.33,3.06,5.95,4.61,4.83,8.23,7.62,https://media.api-sports.io/football/teams/164.png,https://media.api-sports.io/football/leagues/78.png,0.0,0.0
22244,Anthony Caci,28.0,1997-07-01,Forbach,France,184,76,https://media.api-sports.io/football/players/22244.png,FSV Mainz 05,Bundesliga,Midfielder,313,7.05,6.41,3.41,3.3,7.82,8.48,3.79,6.92,6.09,2.29,4.77,6.85,8.51,4.21,4.08,https://media.api-sports.io/football/teams/164.png,https://media.api-sports.io/football/leagues/78.png,0.0,0.0
25066,Maxim Leitsch,27.0,1998-05-18,Essen,Germany,188,75,https://media.api-sports.io/football/players/25066.png,FSV Mainz 05,Bundesliga,Defender,162,6.7,7.64,3.94,3.99,6.86,1.39,5.22,8.77,9.76,7.84,6.07,1.19,1.68,4.06,4.47,https://media.api-sports.io/football/teams/164.png,https://media.api-sports.io/football/leagues/78.png,0.0,0.0
25907,Stefan Bell,34.0,1991-08-24,Andernach,Germany,192,88,https://media.api-sports.io/football/players/25907.png,FSV Mainz 05,Bundesliga,Defender,498,6.52,7.55,3.94,9.38,3.03,7.55,1.9,7.88,9.06,8.0,6.98,4.21,4.42,3.93,2.0,https://media.api-sports.io/football/teams/164.png,https://media.api-sports.io/football/leagues/78.png,0.0,0.18072289156626503
48765,Joël Pascal Schmied,27.0,1998-09-23,Bern,Switzerland,188,84,https://media.api-sports.io/football/players/48765.png,1. FC Köln,Bundesliga,Defender,796,6.34,4.16,3.94,3.99,3.85,4.23,2.48,7.91,5.17,1.83,1.39,1.19,1.68,3.46,3.05,https://media.api-sports.io/football/teams/192.png,https://media.api-sports.io/football/leagues/78.png,0.0,0.0
90641,Timo Bernd Hübers,29.0,1996-07-20,Hildesheim,Germany,190,82,https://media.api-sports.io/football/players/90641.png,1. FC Köln,Bundesliga,Defender,669,7,1.41,3.94,3.99,6.78,1.39,6.13,6.51,8.08,7.98,8.25,2.76,4.06,8.15,4.62,https://media.api-sports.io/football/teams/192.png,https://media.api-sports.io/football/leagues/78.png,0.0,0.0
162946,Benedict Hollerbach,24.0,2001-05-17,Starnberg,Germany,181,81,https://media.api-sports.io/football/players/162946.png,FSV Mainz 05,Bundesliga,Attacker,623,6.47,3.06,2.6,7.52,2.59,2.82,5.07,7.62,4.73,7.79,5.54,6.84,6.73,5.95,2.18,https://media.api-sports.io/football/teams/164.png,https://media.api-sports.io/football/leagues/78.png,0.0,0.14446227929373998
180553,Lasse Finn Rieß,24.0,2001-07-27,Münster,Germany,191,88,https://media.api-sports.io/football/players/180553.png,FSV Mainz 05,Bundesliga,Goalkeeper,291,6.53,5.0,5.06,4.94,4.49,3.85,4.1,5.06,4.49,9.49,9.87,9.87,9.87,8.33,5.77,https://media.api-sports.io/football/teams/164.png,https://media.api-sports.io/football/leagues/78.png,0.0,0.0
202736,Paul Nebel,23.0,2002-10-10,Bad Nauheim,Germany,169,66,https://media.api-sports.io/football/players/202736.png,FSV Mainz 05,Bundesliga,Attacker,807,6.3,2.07,5.37,3.37,9.18,7.21,6.36,7.21,7.62,2.31,2.59,6.22,6.09,3.2,5.14,https://media.api-sports.io/football/teams/164.png,https://media.api-sports.io/football/leagues/78.png,0.11152416356877323,0.0
287932,Ben Bobzien,22.0,2003-04-29,Gießen,Germany,176,70,https://media.api-sports.io/football/players/287932.png,FSV Mainz 05,Bundesliga,Attacker,9,6.6,0.8,2.6,3.37,9.97,1.12,10.0,3.3,2.21,9.81,9.9,0.65,1.09,0.83,9.39,https://media.api-sports.io/football/teams/164.png,https://media.api-sports.io/football/leagues/78.png,0.0,0.0
342177,Nelson Felix Patrick Weiper,20.0,2005-03-17,Mainz,Germany,191,82,https://media.api-sports.io/football/players/342177.png,FSV Mainz 05,Bundesliga,Attacker,443,6.35,3.88,2.6,3.37,4.42,4.29,2.24,3.3,5.07,8.27,7.01,3.95,2.96,2.01,6.9,https://media.api-sports.io/football/teams/164.png,https://media.api-sports.io/football/leagues/78.png,0.0,0.0
8486,Eric Anders Smith,28.0,1997-01-08,Halmstad,Sweden,192,86,https://media.api-sports.io/football/players/8486.png,FC St. Pauli,Bundesliga,Defender,1215,6.89,4.95,8.29,3.99,8.82,4.95,3.34,7.4,3.99,2.36,3.57,5.65,7.4,8.06,8.17,https://media.api-sports.io/football/teams/186.png,https://media.api-sports.io/football/leagues/78.png,0.07407407407407407,0.0
24961,Hauke Finn Wahl,31.0,1994-04-15,Hamburg,Germany,189,85,https://media.api-sports.io/football/players/24961.png,FC St. Pauli,Bundesliga,Defender,1125,6.72,5.36,8.44,3.99,8.75,4.38,4.42,4.63,3.0,3.46,4.06,2.57,1.68,4.66,8.53,https://media.api-sports.io/football/teams/186.png,https://media.api-sports.io/football/leagues/78.png,0.08,0.0
25242,Marius Bülter,32.0,1993-03-29,Ibbenbüren,Germany,188,85,https://media.api-sports.io/football/players/25242.png,1. FC Köln,Bundesliga,Attacker,706,7.06,7.99,7.72,9.15,5.82,6.97,2.69,7.35,6.46,2.93,4.73,2.52,2.93,6.19,6.22,https://media.api-sports.io/football/teams/192.png,https://media.api-sports.io/football/leagues/78.png,0.3824362606232295,0.3824362606232295
37439,Ragnar Prince Friedel Ache,27.0,1998-07-28,Frankfurt am Main,Germany,183,81,https://media.api-sports.io/football/players/37439.png,1. FC Köln,Bundesliga,Attacker,477,6.69,6.02,5.95,9.69,3.91,8.57,5.37,3.3,2.21,9.35,9.73,3.3,2.82,8.16,5.54,https://media.api-sports.io/football/teams/192.png,https://media.api-sports.io/football/leagues/78.png,0.18867924528301888,0.5660377358490566
40274,Adam Dźwigała,30.0,1995-09-25,Warszawa,Poland,185,72,https://media.api-sports.io/football/players/40274.png,FC St. Pauli,Bundesliga,Defender,503,6.78,5.79,9.24,3.99,6.32,3.53,9.25,4.24,7.78,6.78,6.85,2.96,4.4,2.84,3.56,https://media.api-sports.io/football/teams/186.png,https://media.api-sports.io/football/leagues/78.png,0.17892644135188865,0.0
148448,Arkadiusz Pyrka,23.0,2002-09-20,Radom,Poland,177,72,https://media.api-sports.io/football/players/148448.png,FC St. Pauli,Bundesliga,Midfielder,783,6.55,3.01,3.41,3.3,5.65,4.94,3.01,9.19,7.16,1.44,1.56,5.53,5.06,3.57,7.43,https://media.api-sports.io/football/teams/186.png,https://media.api-sports.io/football/leagues/78.png,0.0,0.0
162386,Kristoffer Lund Hansen,23.0,2002-05-14,Kerteminde,Denmark,184,65,https://media.api-sports.io/football/players/162386.png,1. FC Köln,Bundesliga,Midfielder,794,6.52,6.04,3.41,7.53,4.65,4.18,2.93,6.21,7.51,3.79,4.96,4.62,5.82,5.01,8.31,https://media.api-sports.io/football/teams/192.png,https://media.api-sports.io/football/leagues/78.png,0.0,0.11335012594458438
162480,Eric Martel,23.0,2002-04-29,Straubing,Germany,188,81,https://media.api-sports.io/football/players/162480.png,1. FC Köln,Bundesliga,Midfielder,1211,6.82,1.86,3.41,8.09,8.53,3.77,2.27,9.61,8.29,6.14,7.11,1.17,2.47,7.33,3.03,https://media.api-sports.io/football/teams/192.png,https://media.api-sports.io/football/leagues/78.png,0.0,0.1486374896779521
181908,Jan Uwe Thielmann,23.0,2002-05-26,Föhren,Germany,178,72,https://media.api-sports.io/football/players/181908.png,1. FC Köln,Bundesliga,Attacker,784,6.82,5.51,6.33,7.18,4.05,3.3,6.16,8.5,8.78,1.6,3.47,2.31,2.31,5.61,7.48,https://media.api-sports.io/football/teams/192.png,https://media.api-sports.io/football/leagues/78.png,0.22959183673469385,0.11479591836734693
191740,Sebastian Søraas Sebulonsen,25.0,2000-01-27,Stavanger,Norway,187,78,https://media.api-sports.io/football/players/191740.png,1. FC Köln,Bundesliga,Midfielder,1085,6.51,6.14,3.41,3.3,1.96,5.45,5.4,6.48,4.82,0.93,2.86,3.81,4.23,2.18,8.56,https://media.api-sports.io/football/teams/192.png,https://media.api-sports.io/football/leagues/78.png,0.0,0.0
287916,Rav van den Berg,21.0,2004-07-07,,Netherlands,190,75,https://media.api-sports.io/football/players/287916.png,1. FC Köln,Bundesliga,Defender,419,6.76,1.41,3.94,3.99,7.96,1.39,2.79,9.23,2.07,1.08,1.75,1.19,1.68,2.16,8.46,https://media.api-sports.io/football/teams/192.png,https://media.api-sports.io/football/leagues/78.png,0.0,0.0
432310,Said El Mala,19.0,2006-08-26,,Germany,187,,https://media.api-sports.io/football/players/432310.png,1. FC Köln,Bundesliga,Midfielder,656,7.05,9.9,9.9,9.14,0.59,5.77,4.52,2.18,3.4,8.78,8.36,9.76,9.61,6.63,7.24,https://media.api-sports.io/football/teams/192.png,https://media.api-sports.io/football/leagues/78.png,0.823170731707317,0.27439024390243905
17756,Oladapo Joshua Afolayan,28.0,1997-09-11,London,England,180,71,https://media.api-sports.io/football/players/17756.png,FC St. Pauli,Bundesliga,Attacker,155,6.5,6.29,2.6,3.37,9.01,6.12,9.01,9.59,2.21,9.49,9.05,9.63,6.77,9.29,6.12,https://media.api-sports.io/football/teams/186.png,https://media.api-sports.io/football/leagues/78.png,0.0,0.0
20780,Mathias Pereira Lage,29.0,1996-11-30,Clermont-Ferrand,Portugal,180,73,https://media.api-sports.io/football/players/20780.png,FC St. Pauli,Bundesliga,Attacker,1038,6.43,4.97,2.6,7.82,5.78,8.16,8.37,6.87,8.47,5.68,6.02,3.37,3.2,5.88,5.07,https://media.api-sports.io/football/teams/186.png,https://media.api-sports.io/football/leagues/78.png,0.0,0.17341040462427745
90731,Lars Ritzka,27.0,1998-05-07,Hannover,Germany,185,80,https://media.api-sports.io/football/players/90731.png,FC St. Pauli,Bundesliga,Defender,313,6.53,1.41,3.94,3.99,5.58,1.39,8.8,7.76,8.77,7.91,5.87,3.73,1.68,2.45,7.88,https://media.api-sports.io/football/teams/186.png,https://media.api-sports.io/football/leagues/78.png,0.0,0.0
202636,Louis Oppie,23.0,2002-05-17,Berlin,Germany,184,81,https://media.api-sports.io/football/players/202636.png,FC St. Pauli,Bundesliga,Midfielder,1192,6.59,5.72,7.16,3.3,4.43,2.96,3.45,4.43,4.5,0.61,1.3,2.44,2.81,4.13,7.68,https://media.api-sports.io/football/teams/186.png,https://media.api-sports.io/football/leagues/78.png,0.07550335570469799,0.0
341839,Filippo Calixte Mané,20.0,2005-03-08,Magenta,Italy,188,78,https://media.api-sports.io/football/players/341839.png,Borussia Dortmund,Bundesliga,Defender,86,5.5,1.41,3.94,3.99,9.35,1.39,0.48,1.25,5.46,2.14,0.25,7.04,1.68,0.84,4.9,https://media.api-sports.io/football/teams/165.png,https://media.api-sports.io/football/leagues/78.png,0.0,0.0
474789,Abdoulie Ceesay,21.0,2004-01-05,,Gambia,185,79,https://media.api-sports.io/football/players/474789.png,FC St. Pauli,Bundesliga,Attacker,200,6.46,4.46,2.6,3.37,2.52,1.12,3.01,3.3,2.21,8.81,7.96,2.28,5.48,6.65,0.65,https://media.api-sports.io/football/teams/186.png,https://media.api-sports.io/football/leagues/78.png,0.0,0.0
37117,Danilho Raimundo Doekhi,27.0,1998-06-30,Rotterdam,Netherlands,190,83,https://media.api-sports.io/football/players/37117.png,Union Berlin,Bundesliga,Defender,1260,7.1,9.57,9.74,3.99,2.21,4.88,7.26,7.24,7.26,7.93,9.28,2.84,3.57,4.27,7.97,https://media.api-sports.io/football/teams/182.png,https://media.api-sports.io/football/leagues/78.png,0.2857142857142857,0.0
324957,Tom Alexander Rothe,21.0,2004-10-29,Rendsburg,Germany,193,85,https://media.api-sports.io/football/players/324957.png,Union Berlin,Bundesliga,Defender,539,6.36,9.54,9.16,3.99,2.84,7.28,5.89,1.25,9.47,9.13,7.76,7.32,7.28,3.73,2.45,https://media.api-sports.io/football/teams/182.png,https://media.api-sports.io/football/leagues/78.png,0.16697588126159554,0.0
326757,Jobe Samuel Patrick Bellingham,20.0,2005-09-23,Stourbridge,England,188,73,https://media.api-sports.io/football/players/326757.png,Borussia Dortmund,Bundesliga,Attacker,489,6.62,1.67,2.6,3.37,9.9,3.16,8.74,9.18,9.83,3.27,6.33,3.57,4.69,5.48,6.53,https://media.api-sports.io/football/teams/165.png,https://media.api-sports.io/football/leagues/78.png,0.0,0.0
328617,William Cole Campbell,19.0,2006-02-20,Houston,USA,170,68,https://media.api-sports.io/football/players/328617.png,Borussia Dortmund,Bundesliga,Attacker,16,6.2,0.8,2.6,3.37,8.38,9.97,1.05,3.3,2.21,0.54,0.26,0.65,1.09,0.83,9.39,https://media.api-sports.io/football/teams/165.png,https://media.api-sports.io/football/leagues/78.png,0.0,0.0
24868,Josha Mamadou Karaboue Vagnoman,25.0,2000-12-11,Hamburg,Germany,190,90,https://media.api-sports.io/football/players/24868.png,VfB Stuttgart,Bundesliga,Defender,788,6.56,9.06,8.87,8.89,2.81,8.8,8.15,2.76,1.49,6.01,5.38,6.37,7.72,5.7,3.51,https://media.api-sports.io/football/teams/172.png,https://media.api-sports.io/football/leagues/78.png,0.11421319796954314,0.11421319796954314
24910,Tim Skarke,29.0,1996-09-07,,Germany,181,78,https://media.api-sports.io/football/players/24910.png,Union Berlin,Bundesliga,Midfielder,337,6.57,9.78,9.12,3.3,1.2,6.23,1.66,2.18,1.06,3.74,0.9,4.06,3.03,6.43,6.04,https://media.api-sports.io/football/teams/182.png,https://media.api-sports.io/football/leagues/78.png,0.26706231454005935,0.0
25300,Rani Khedira,31.0,1994-01-27,Stuttgart,Germany,188,84,https://media.api-sports.io/football/players/25300.png,Union Berlin,Bundesliga,Midfielder,1153,6.82,3.4,8.8,3.3,0.81,3.89,7.85,6.33,8.61,2.96,4.16,1.37,1.11,3.2,3.35,https://media.api-sports.io/football/teams/182.png,https://media.api-sports.io/football/leagues/78.png,0.2341717259323504,0.0
26249,Janik Haberer,31.0,1994-04-02,Wangen im Allgäu,Germany,186,78,https://media.api-sports.io/football/players/26249.png,Union Berlin,Bundesliga,Midfielder,755,6.74,3.08,3.41,7.68,3.74,5.7,5.13,4.89,4.43,5.09,5.87,4.13,3.69,7.41,3.52,https://media.api-sports.io/football/teams/182.png,https://media.api-sports.io/football/leagues/78.png,0.0,0.11920529801324503
38112,Julian Jeffrey Gaston Chabot,27.0,1998-02-12,Hanau,Germany,195,95,https://media.api-sports.io/football/players/38112.png,VfB Stuttgart,Bundesliga,Defender,907,7.26,8.7,3.94,3.99,9.78,3.73,2.19,5.96,7.52,8.77,9.62,4.38,6.44,9.45,2.52,https://media.api-sports.io/football/teams/172.png,https://media.api-sports.io/football/leagues/78.png,0.0,0.0
128853,Derrick Arthur Köhn,26.0,1999-02-04,Hamburg,Germany,180,73,https://media.api-sports.io/football/players/128853.png,Union Berlin,Bundesliga,Defender,781,6.61,8.8,3.94,3.99,0.48,6.18,5.38,5.07,1.88,4.69,2.45,8.15,7.76,7.09,2.02,https://media.api-sports.io/football/teams/182.png,https://media.api-sports.io/football/leagues/78.png,0.0,0.0
327831,Aljoscha Kemlein,21.0,2004-08-02,,Germany,185,78,https://media.api-sports.io/football/players/327831.png,Union Berlin,Bundesliga,Midfielder,702,6.78,3.37,3.41,3.3,6.6,3.99,7.6,4.94,7.09,6.11,6.87,5.65,7.38,2.64,5.4,https://media.api-sports.io/football/teams/182.png,https://media.api-sports.io/football/leagues/78.png,0.0,0.0
380873,Ilyas Ansah,21.0,2004-11-08,Lüdenscheid,Germany,194,84,https://media.api-sports.io/football/players/380873.png,Union Berlin,Bundesliga,Attacker,1026,6.94,4.56,8.16,6.8,1.53,4.17,2.96,6.9,6.19,5.03,4.12,7.82,8.3,5.58,7.55,https://media.api-sports.io/football/teams/182.png,https://media.api-sports.io/football/leagues/78.png,0.43859649122807015,0.08771929824561403
24806,Nikolas Terkelsen Nartey,25.0,2000-02-22,Bagsværd,Denmark,187,82,https://media.api-sports.io/football/players/24806.png,VfB Stuttgart,Bundesliga,Midfielder,409,6.81,6.45,3.41,3.3,6.53,8.97,3.28,6.11,7.29,7.11,8.26,7.85,8.19,7.7,6.99,https://media.api-sports.io/football/teams/172.png,https://media.api-sports.io/football/leagues/78.png,0.0,0.0
26244,Pascal Stenzel,29.0,1996-03-20,Bünde,Germany,183,78,https://media.api-sports.io/football/players/26244.png,VfB Stuttgart,Bundesliga,Defender,107,6.45,9.81,3.94,3.99,6.01,1.39,0.48,1.25,8.7,0.93,1.11,1.19,1.68,8.88,1.88,https://media.api-sports.io/football/teams/172.png,https://media.api-sports.io/football/leagues/78.png,0.0,0.0
138935,Carney Chibueze Chukwuemeka,22.0,2003-10-20,Eisenstadt,England,187,77,https://media.api-sports.io/football/players/138935.png,Borussia Dortmund,Bundesliga,Midfielder,463,6.72,8.58,8.61,3.3,4.6,7.51,5.75,2.18,5.5,8.29,7.8,9.36,9.49,7.09,8.22,https://media.api-sports.io/football/teams/165.png,https://media.api-sports.io/football/leagues/78.png,0.19438444924406048,0.0
265363,Tiago Barreiros de Melo Tomás,23.0,2002-06-16,Lisboa,Portugal,180,69,https://media.api-sports.io/football/players/265363.png,VfB Stuttgart,Bundesliga,Attacker,556,6.72,8.88,8.54,3.37,7.52,6.63,6.67,7.82,5.95,4.9,7.04,8.1,7.14,8.61,6.36,https://media.api-sports.io/football/teams/172.png,https://media.api-sports.io/football/leagues/78.png,0.48561151079136694,0.0
279993,Anton Kade,21.0,2004-01-17,Berlin,Germany,185,72,https://media.api-sports.io/football/players/279993.png,FC Augsburg,Bundesliga,Midfielder,670,6.82,8.97,9.14,3.3,2.08,8.22,3.42,5.09,4.08,6.97,7.21,5.87,7.04,4.01,7.95,https://media.api-sports.io/football/teams/170.png,https://media.api-sports.io/football/leagues/78.png,0.26865671641791045,0.0
388871,José María Andrés Baixauli,20.0,2005-04-25,Valencia,Spain,190,82,https://media.api-sports.io/football/players/388871.png,VfB Stuttgart,Bundesliga,Defender,630,6.67,4.83,3.94,9.24,8.93,6.71,3.53,7.69,6.06,3.35,4.33,4.65,4.19,6.83,7.08,https://media.api-sports.io/football/teams/172.png,https://media.api-sports.io/football/leagues/78.png,0.0,0.14285714285714285
394734,Finn Jeltsch,19.0,2006-07-17,Neuendettelsau,Germany,187,86,https://media.api-sports.io/football/players/394734.png,VfB Stuttgart,Bundesliga,Defender,630,6.67,4.83,3.94,9.24,8.93,6.71,3.53,7.69,6.06,3.35,4.33,4.65,4.19,6.83,7.08,https://media.api-sports.io/football/teams/172.png,https://media.api-sports.io/football/leagues/78.png,0.0,0.14285714285714285
398194,Lazar Jovanović,19.0,2006-11-30,Novi Sad,Serbia,184,76,https://media.api-sports.io/football/players/398194.png,VfB Stuttgart,Bundesliga,Attacker,43,6.47,7.62,2.6,3.37,7.14,9.86,1.05,3.3,2.21,7.76,8.78,5.07,8.69,7.33,2.94,https://media.api-sports.io/football/teams/172.png,https://media.api-sports.io/football/leagues/78.png,0.0,0.0
422780,Aaron Anselmino,20.0,2005-04-29,Bernardo Larroudé,Argentina,186,83,https://media.api-sports.io/football/players/422780.png,Borussia Dortmund,Bundesliga,Defender,347,7.38,4.4,9.62,3.99,7.45,1.39,7.86,5.46,5.41,7.33,7.52,5.31,5.26,5.55,2.26,https://media.api-sports.io/football/teams/165.png,https://media.api-sports.io/football/leagues/78.png,0.25936599423631124,0.0
13,Dan-Axel Zagadou,26.0,1999-06-03,Créteil,France,196,90,https://media.api-sports.io/football/players/13.png,VfB Stuttgart,Bundesliga,Defender,165,8.05,9.9,3.94,3.99,9.98,6.59,8.56,9.76,8.55,9.83,9.98,5.43,7.52,3.98,0.67,https://media.api-sports.io/football/teams/172.png,https://media.api-sports.io/football/leagues/78.png,0.0,0.0
25380,Linton Maina,26.0,1999-06-23,Berlin,Germany,173,70,https://media.api-sports.io/football/players/25380.png,1. FC Köln,Bundesliga,Midfielder,274,6.7,8.75,3.41,3.3,3.77,5.87,1.03,2.18,2.93,1.54,1.1,6.67,8.17,4.69,6.45,https://media.api-sports.io/football/teams/192.png,https://media.api-sports.io/football/leagues/78.png,0.0,0.0
37759,Martijn Kaars,26.0,1999-03-05,Monnickendam,Netherlands,183,74,https://media.api-sports.io/football/players/37759.png,FC St. Pauli,Bundesliga,Attacker,596,6.56,3.16,7.01,3.37,6.02,3.33,2.18,3.3,2.21,0.92,0.82,1.97,3.33,1.73,7.65,https://media.api-sports.io/football/teams/186.png,https://media.api-sports.io/football/leagues/78.png,0.30201342281879195,0.0
125720,Sirlord Calvin Conteh,29.0,1996-07-09,Hamburg,Germany,178,78,https://media.api-sports.io/football/players/125720.png,1. FC Heidenheim,Bundesliga,Attacker,235,7.1,7.04,7.76,9.18,2.07,9.25,6.19,3.3,8.37,4.29,6.84,2.93,1.09,8.44,6.19,https://media.api-sports.io/football/teams/180.png,https://media.api-sports.io/football/leagues/78.png,0.3829787234042553,0.3829787234042553
178769,Philipp Treu,25.0,2000-12-03,Heidelberg,Germany,172,71,https://media.api-sports.io/football/players/178769.png,SC Freiburg,Bundesliga,Defender,801,6.74,4.13,3.94,8.87,2.16,7.79,7.93,3.41,1.81,4.4,6.15,7.21,6.95,9.09,7.33,https://media.api-sports.io/football/teams/160.png,https://media.api-sports.io/football/leagues/78.png,0.0,0.11235955056179775
180731,Lorenz Assignon,25.0,2000-06-22,Grasse,France,181,77,https://media.api-sports.io/football/players/180731.png,VfB Stuttgart,Bundesliga,Defender,511,6.2,9.01,3.94,3.99,3.82,6.51,3.25,4.18,7.67,7.86,3.22,8.58,8.25,3.8,0.84,https://media.api-sports.io/football/teams/172.png,https://media.api-sports.io/football/leagues/78.png,0.0,0.0
355167,Max Finkgräfe,21.0,2004-03-27,,Germany,183,77,https://media.api-sports.io/football/players/355167.png,RB Leipzig,Bundesliga,Defender,24,6.9,1.41,3.94,3.99,9.47,9.9,9.95,1.25,9.93,9.6,9.28,1.19,1.68,0.84,9.48,https://media.api-sports.io/football/teams/173.png,https://media.api-sports.io/football/leagues/78.png,0.0,0.0
14,Mahmoud Dahoud,29.0,1996-01-01,Amouda,Germany,178,68,https://media.api-sports.io/football/players/14.png,Eintracht Frankfurt,Bundesliga,Midfielder,306,6.57,9.02,9.32,3.3,7.56,3.74,5.02,7.07,8.73,4.38,1.17,2.4,3.28,0.76,0.56,https://media.api-sports.io/football/teams/169.png,https://media.api-sports.io/football/leagues/78.png,0.29411764705882354,0.0
24914,Robert-Nesta Glatzel,31.0,1994-01-08,München,Germany,193,85,https://media.api-sports.io/football/players/24914.png,Hamburger SV,Bundesliga,Attacker,136,6.55,9.69,9.32,3.37,3.33,6.67,1.05,3.3,2.21,8.06,5.44,3.33,4.39,4.85,1.72,https://media.api-sports.io/football/teams/175.png,https://media.api-sports.io/football/leagues/78.png,0.6617647058823529,0.0
41725,Fábio Daniel Ferreira Vieira,25.0,2000-05-30,Santa Maria da Feira,Portugal,170,58,https://media.api-sports.io/football/players/41725.png,Hamburger SV,Bundesliga,Midfielder,622,7.02,8.68,8.14,9.77,4.01,9.61,0.98,6.99,4.33,1.66,1.59,8.12,7.78,6.85,4.06,https://media.api-sports.io/football/teams/175.png,https://media.api-sports.io/football/leagues/78.png,0.14469453376205788,0.4340836012861737
199897,Sota Kawasaki,24.0,2001-07-30,Kōfu,Japan,172,68,https://media.api-sports.io/football/players/199897.png,FSV Mainz 05,Bundesliga,Midfielder,230,6.75,0.92,3.41,3.3,0.71,0.84,9.29,9.78,7.6,7.19,7.29,4.43,1.11,3.94,2.18,https://media.api-sports.io/football/teams/164.png,https://media.api-sports.io/football/leagues/78.png,0.0,0.0
237087,Ignacio Ezequiél Agustín Fernández Carballo,23.0,2002-07-25,Buenos Aires,Argentina,178,70,https://media.api-sports.io/football/players/237087.png,Bayer Leverkusen,Bundesliga,Midfielder,301,6.76,2.59,3.41,3.3,9.83,3.79,8.53,7.13,6.36,7.75,7.85,7.11,6.8,8.55,5.23,https://media.api-sports.io/football/teams/168.png,https://media.api-sports.io/football/leagues/78.png,0.0,0.0
283753,Nikolas Konrad Veratschnig,22.0,2003-01-24,Villach,Austria,180,75,https://media.api-sports.io/football/players/283753.png,FSV Mainz 05,Bundesliga,Defender,261,6.62,5.64,3.94,3.99,2.38,5.34,5.36,6.56,9.62,9.11,8.31,9.25,9.59,8.99,0.65,https://media.api-sports.io/football/teams/164.png,https://media.api-sports.io/football/leagues/78.png,0.0,0.0
362884,Kauã Morais Vieira dos Santos,22.0,2003-04-11,Vassouras,Brazil,196,85,https://media.api-sports.io/football/players/362884.png,Eintracht Frankfurt,Bundesliga,Goalkeeper,360,6.08,5.0,5.06,4.94,7.82,3.85,9.62,5.06,4.49,6.99,7.63,4.17,4.23,2.24,5.77,https://media.api-sports.io/football/teams/169.png,https://media.api-sports.io/football/leagues/78.png,0.0,0.0
20634,Alexis Claude-Maurice,27.0,1998-06-06,Noisy-le-Grand,France,174,62,https://media.api-sports.io/football/players/20634.png,FC Augsburg,Bundesliga,Midfielder,644,6.5,9.68,3.41,3.3,3.94,2.76,2.52,5.16,2.59,7.59,6.5,7.46,7.16,8.22,3.18,https://media.api-sports.io/football/teams/170.png,https://media.api-sports.io/football/leagues/78.png,0.0,0.0
25313,Jan-Niklas Beste,26.0,1999-01-04,Hamm,Germany,175,66,https://media.api-sports.io/football/players/25313.png,SC Freiburg,Bundesliga,Midfielder,830,6.52,7.63,3.41,7.43,1.27,8.75,6.41,2.18,5.33,6.19,5.4,7.04,5.53,8.19,6.53,https://media.api-sports.io/football/teams/160.png,https://media.api-sports.io/football/leagues/78.png,0.0,0.10843373493975905
25389,Ihlas Bebou,31.0,1994-04-23,Sokodé,Togo,185,80,https://media.api-sports.io/football/players/25389.png,1899 Hoffenheim,Bundesliga,Attacker,123,6.57,8.1,2.6,3.37,3.98,7.24,1.05,9.73,8.21,1.65,1.5,3.54,7.52,5.43,5.1,https://media.api-sports.io/football/teams/167.png,https://media.api-sports.io/football/leagues/78.png,0.0,0.0
26530,Stefan Schimmer,31.0,1994-04-28,Wertingen,Germany,185,87,https://media.api-sports.io/football/players/26530.png,1. FC Heidenheim,Bundesliga,Attacker,336,6.96,9.56,9.83,8.61,3.57,8.91,3.42,3.3,8.5,4.73,6.12,1.46,2.41,3.89,4.42,https://media.api-sports.io/football/teams/180.png,https://media.api-sports.io/football/leagues/78.png,1.0714285714285714,0.26785714285714285
39071,Victor Okoh Boniface,25.0,2000-12-23,Akure,Nigeria,189,91,https://media.api-sports.io/football/players/39071.png,Werder Bremen,Bundesliga,Attacker,325,6.68,9.35,2.6,9.63,7.89,8.67,3.67,3.3,2.21,6.56,8.33,8.06,7.41,6.26,8.64,https://media.api-sports.io/football/teams/162.png,https://media.api-sports.io/football/leagues/78.png,0.0,0.5538461538461539
48642,Cameron Mitchel Puertas Castro,27.0,1998-08-18,Lausanne,Spain,178,74,https://media.api-sports.io/football/players/48642.png,Werder Bremen,Bundesliga,Midfielder,699,6.53,8.53,3.41,3.3,4.03,4.03,8.73,4.96,4.67,7.73,6.63,6.6,3.96,6.72,3.23,https://media.api-sports.io/football/teams/162.png,https://media.api-sports.io/football/leagues/78.png,0.0,0.0
163022,Patrick Osterhage,25.0,2000-02-01,Göttingen,Germany,184,75,https://media.api-sports.io/football/players/163022.png,SC Freiburg,Bundesliga,Midfielder,584,6.82,3.84,8.19,3.3,5.84,4.65,1.87,9.73,9.21,3.28,2.35,5.67,5.35,5.4,4.99,https://media.api-sports.io/football/teams/160.png,https://media.api-sports.io/football/leagues/78.png,0.1541095890410959,0.0
178709,Yannik Engelhardt,24.0,2001-02-07,,Germany,184,74,https://media.api-sports.io/football/players/178709.png,Borussia Mönchengladbach,Bundesliga,Midfielder,982,6.96,4.3,7.56,7.2,6.89,2.54,6.5,8.22,5.87,3.5,5.55,1.12,2.25,5.99,5.82,https://media.api-sports.io/football/teams/163.png,https://media.api-sports.io/football/leagues/78.png,0.09164969450101833,0.09164969450101833
199931,William Bøving Wick,22.0,2003-03-01,København,Denmark,176,69,https://media.api-sports.io/football/players/199931.png,FSV Mainz 05,Bundesliga,Attacker,182,6.65,1.85,2.6,9.42,4.18,5.17,8.47,9.39,7.33,1.05,1.63,1.39,3.61,2.21,7.02,https://media.api-sports.io/football/teams/164.png,https://media.api-sports.io/football/leagues/78.png,0.0,0.4945054945054945
334879,Badredine Bouanani,21.0,2004-12-08,,Algeria,177,68,https://media.api-sports.io/football/players/334879.png,VfB Stuttgart,Bundesliga,Midfielder,335,6.57,9.24,3.41,3.3,4.38,6.28,1.22,2.18,7.21,2.74,1.98,8.17,6.48,6.47,8.8,https://media.api-sports.io/football/teams/172.png,https://media.api-sports.io/football/leagues/78.png,0.0,0.0
376,Diogo Filipe Monteiro Pinto Leite,26.0,1999-01-23,Porto,Portugal,188,70,https://media.api-sports.io/football/players/376.png,Union Berlin,Bundesliga,Defender,870,6.73,3.86,3.94,3.99,2.79,3.88,4.04,5.43,7.91,6.97,6.63,5.84,5.79,8.12,2.3,https://media.api-sports.io/football/teams/182.png,https://media.api-sports.io/football/leagues/78.png,0.0,0.0
8641,Alessio Daniel Castro-Montes,28.0,1997-05-17,Sint-Truiden,Belgium,175,67,https://media.api-sports.io/football/players/8641.png,1. FC Köln,Bundesliga,Midfielder,90,6.58,0.92,3.41,3.3,9.68,6.04,6.17,2.18,1.06,9.1,9.43,0.53,1.11,8.37,0.46,https://media.api-sports.io/football/teams/192.png,https://media.api-sports.io/football/leagues/78.png,0.0,0.0
8651,Samuel Emmanuel Essende Mbongu,27.0,1998-01-23,Montfermeil,France,192,88,https://media.api-sports.io/football/players/8651.png,FC Augsburg,Bundesliga,Attacker,324,6.43,8.71,6.84,3.37,3.37,4.42,2.28,3.3,2.21,9.63,8.37,3.4,5.29,8.67,0.54,https://media.api-sports.io/football/teams/170.png,https://media.api-sports.io/football/leagues/78.png,0.2777777777777778,0.0
26237,Dominique Heintz,32.0,1993-08-15,Neustadt an der Weinstraße,Germany,188,89,https://media.api-sports.io/football/players/26237.png,1. FC Köln,Bundesliga,Defender,291,6.63,1.41,3.94,3.99,7.0,5.05,2.02,7.99,8.29,4.66,7.36,5.82,7.96,7.84,7.66,https://media.api-sports.io/football/teams/192.png,https://media.api-sports.io/football/leagues/78.png,0.0,0.0
290545,Jenson Seelt,22.0,2003-05-23,Ede,Netherlands,192,84,https://media.api-sports.io/football/players/290545.png,VfL Wolfsburg,Bundesliga,Defender,606,6.8,4.98,3.94,3.99,5.62,1.39,4.3,7.0,3.56,5.53,6.13,4.83,5.67,6.17,7.81,https://media.api-sports.io/football/teams/161.png,https://media.api-sports.io/football/leagues/78.png,0.0,0.0
334914,Saël Kumbedi Nseke,20.0,2005-03-26,Stains,France,175,67,https://media.api-sports.io/football/players/334914.png,VfL Wolfsburg,Bundesliga,Defender,597,6.41,1.41,3.94,9.95,3.1,8.05,5.19,2.93,6.51,6.9,3.85,9.06,9.04,6.23,3.87,https://media.api-sports.io/football/teams/161.png,https://media.api-sports.io/football/leagues/78.png,0.0,0.6030150753768845
343316,Jeanuël Belocian,20.0,2005-02-17,Les Abymes,France,186,73,https://media.api-sports.io/football/players/343316.png,Bayer Leverkusen,Bundesliga,Defender,157,6.76,7.72,3.94,3.99,9.01,6.75,0.48,1.25,0.75,0.96,1.01,5.55,7.74,8.97,7.93,https://media.api-sports.io/football/teams/168.png,https://media.api-sports.io/football/leagues/78.png,0.0,0.0
362564,Adam Daghim,20.0,2005-09-28,Vanløse,Denmark,189,80,https://media.api-sports.io/football/players/362564.png,VfL Wolfsburg,Bundesliga,Attacker,554,6.68,3.54,7.24,3.37,6.77,2.31,7.62,7.89,9.25,3.37,4.29,5.1,2.7,5.37,5.65,https://media.api-sports.io/football/teams/161.png,https://media.api-sports.io/football/leagues/78.png,0.3249097472924188,0.0
383665,Tidiam Gomis,19.0,2006-08-08,Meulan,France,182,71,https://media.api-sports.io/football/players/383665.png,RB Leipzig,Bundesliga,Attacker,101,6.52,2.69,9.69,3.37,8.06,1.12,5.14,9.76,2.21,1.19,1.29,7.76,1.09,0.83,9.39,https://media.api-sports.io/football/teams/173.png,https://media.api-sports.io/football/leagues/78.png,0.8910891089108911,0.0
412705,Charles Herrmann,19.0,2006-01-21,,Germany,180,73,https://media.api-sports.io/football/players/412705.png,Borussia Mönchengladbach,Bundesliga,Midfielder,10,6.9,0.92,3.41,10.0,2.13,10.0,0.48,2.18,9.98,9.45,0.26,9.84,1.11,0.76,0.1,https://media.api-sports.io/football/teams/163.png,https://media.api-sports.io/football/leagues/78.png,0.0,9.0
663,Martin Albert Frédéric Terrier,28.0,1997-03-04,Armentières,France,184,71,https://media.api-sports.io/football/players/663.png,Bayer Leverkusen,Bundesliga,Attacker,205,6.86,4.32,9.66,3.37,8.54,9.01,8.67,3.3,2.21,2.38,5.41,5.31,3.27,6.5,9.39,https://media.api-sports.io/football/teams/168.png,https://media.api-sports.io/football/leagues/78.png,0.8780487804878049,0.0
25011,Amos Pieper,27.0,1998-01-17,Lüdinghausen,Germany,192,86,https://media.api-sports.io/football/players/25011.png,Werder Bremen,Bundesliga,Defender,675,7.13,8.23,3.94,3.99,9.06,3.22,6.0,8.52,9.33,5.43,7.81,1.19,1.68,4.83,7.45,https://media.api-sports.io/football/teams/162.png,https://media.api-sports.io/football/leagues/78.png,0.0,0.0
90829,Daniel Batz,34.0,1991-01-12,Erlangen,Germany,191,87,https://media.api-sports.io/football/players/90829.png,FSV Mainz 05,Bundesliga,Goalkeeper,180,8.1,5.0,5.06,4.94,8.33,3.85,4.1,5.06,4.49,0.64,0.83,4.17,4.23,2.24,5.77,https://media.api-sports.io/football/teams/164.png,https://media.api-sports.io/football/leagues/78.png,0.0,0.0
125723,Thomas Leon Keller,26.0,1999-08-05,München,Germany,186,80,https://media.api-sports.io/football/players/125723.png,1. FC Heidenheim,Bundesliga,Midfielder,191,6.58,3.91,3.41,3.3,8.88,0.84,1.12,2.18,1.06,1.25,3.01,1.96,4.52,4.52,4.16,https://media.api-sports.io/football/teams/180.png,https://media.api-sports.io/football/leagues/78.png,0.0,0.0
178106,Marvin Pieringer,26.0,1999-10-04,Bad Urach,Germany,191,81,https://media.api-sports.io/football/players/178106.png,1. FC Heidenheim,Bundesliga,Attacker,419,6.73,5.17,6.16,3.37,5.99,6.58,8.44,8.3,8.71,8.16,9.25,3.67,6.39,7.52,1.53,https://media.api-sports.io/football/teams/180.png,https://media.api-sports.io/football/leagues/78.png,0.21479713603818618,0.0
202919,Maximilian Rosenfelder,22.0,2003-02-10,Freiburg im Breisgau,Germany,186,76,https://media.api-sports.io/football/players/202919.png,SC Freiburg,Bundesliga,Defender,243,6.5,1.41,3.94,3.99,5.75,1.39,2.88,4.31,3.51,1.56,1.18,4.25,1.68,5.36,8.65,https://media.api-sports.io/football/teams/160.png,https://media.api-sports.io/football/leagues/78.png,0.0,0.0
428913,Jan Urbich,21.0,2004-06-23,,Germany,,,https://media.api-sports.io/football/players/428913.png,Borussia Mönchengladbach,Bundesliga,Attacker,40,6.37,0.8,2.6,3.37,4.13,9.18,1.05,3.3,2.21,9.22,9.69,9.56,8.86,9.71,2.36,https://media.api-sports.io/football/teams/163.png,https://media.api-sports.io/football/leagues/78.png,0.0,0.0
138873,Ricky-Jade Jones,23.0,2001-06-24,Peterborough,England,183,69,https://media.api-sports.io/football/players/138873.png,FC St. Pauli,Bundesliga,Attacker,35,7.1,8.84,9.93,3.37,1.9,1.12,1.05,3.3,2.21,9.66,9.8,0.65,1.09,9.86,9.39,https://media.api-sports.io/football/teams/186.png,https://media.api-sports.io/football/leagues/78.png,2.571428571428571,0.0
162771,Ngankam Jessic Gaïtan Ngankam,25.0,2000-07-20,Berlin,Germany,184,84,https://media.api-sports.io/football/players/162771.png,Eintracht Frankfurt,Bundesliga,Attacker,53,6.3,0.8,2.6,3.37,4.32,1.12,1.05,9.86,2.21,9.29,5.15,4.22,8.2,9.15,0.34,https://media.api-sports.io/football/teams/169.png,https://media.api-sports.io/football/leagues/78.png,0.0,0.0
277421,Fabio Moreno Fell,23.0,2000-06-04,,Germany,,,https://media.api-sports.io/football/players/277421.png,FSV Mainz 05,Bundesliga,Attacker,77,6.3,3.76,2.6,3.37,6.63,1.12,1.05,3.3,2.21,2.04,1.04,2.99,6.8,0.83,9.39,https://media.api-sports.io/football/teams/164.png,https://media.api-sports.io/football/leagues/78.png,0.0,0.0
430354,Livan Burcu,21.0,2004-09-28,,Germany,178,68,https://media.api-sports.io/football/players/430354.png,Union Berlin,Bundesliga,Attacker,12,6.9,0.8,2.6,3.37,10.0,1.12,1.05,3.3,2.21,1.09,8.21,9.76,10.0,0.83,9.39,https://media.api-sports.io/football/teams/182.png,https://media.api-sports.io/football/leagues/78.png,0.0,0.0
442546,Kacper Potulski,18.0,2007-10-19,,Poland,195,85,https://media.api-sports.io/football/players/442546.png,FSV Mainz 05,Bundesliga,Defender,180,6.95,7.25,9.86,3.99,0.38,1.39,2.3,9.95,9.8,2.4,1.48,1.19,1.68,0.84,8.26,https://media.api-sports.io/football/teams/164.png,https://media.api-sports.io/football/leagues/78.png,0.5,0.0
444960,Jan Bürger,18.0,2007-03-10,Keine Angabe,Germany,180 cm,,https://media.api-sports.io/football/players/444960.png,VfL Wolfsburg,Bundesliga,Defender,57,6.6,1.41,3.94,3.99,0.24,1.39,9.23,9.74,0.75,6.55,1.61,8.29,1.68,0.84,0.36,https://media.api-sports.io/football/teams/161.png,https://media.api-sports.io/football/leagues/78.png,0.0,0.0
24880,Bakery Jatta,27.0,1998-06-06,Gunjur,Gambia,184,79,https://media.api-sports.io/football/players/24880.png,Hamburger SV,Bundesliga,Midfielder,95,7,6.81,3.41,3.3,3.25,5.65,8.34,2.18,1.06,1.32,7.04,6.53,9.14,4.55,9.44,https://media.api-sports.io/football/teams/175.png,https://media.api-sports.io/football/leagues/78.png,0.0,0.0
127631,Valentin André Stanislas Gendrey,25.0,2000-06-21,,France,179,75,https://media.api-sports.io/football/players/127631.png,1899 Hoffenheim,Bundesliga,Defender,8,6.3,1.41,3.94,3.99,0.18,1.39,0.48,1.25,0.75,9.93,0.25,1.19,1.68,0.84,0.04,https://media.api-sports.io/football/teams/167.png,https://media.api-sports.io/football/leagues/78.png,0.0,0.0
215,Sebastiano Esposito,23.0,2002-07-02,Castellammare di Stabia,Italy,186,76,https://media.api-sports.io/football/players/215.png,Inter,Serie A,Attacker,261,6.750000,6.22,2.6,3.37,7.48,9.42,9.49,9.15,9.08,7.18,8.03,4.35,6.24,8.06,1.21,https://media.api-sports.io/football/teams/505.png,https://media.api-sports.io/football/leagues/135.png,0.0,0.0
30780,Luca Mazzitelli,30.0,1995-11-15,Roma,Italy,184,76,https://media.api-sports.io/football/players/30780.png,Como,Serie A,Midfielder,38,6.800000,0.92,3.41,3.3,3.47,9.51,0.48,2.18,1.06,4.47,5.1,0.53,1.11,8.97,1.5,https://media.api-sports.io/football/teams/895.png,https://media.api-sports.io/football/leagues/135.png,0.0,0.0
264472,Filippo Terracciano,22.0,2003-02-08,Verona,Italy,180,68,https://media.api-sports.io/football/players/264472.png,AC Milan,Serie A,Defender,360,7.200000,4.35,9.54,3.99,8.58,4.52,2.3,8.29,8.1,1.05,5.02,5.19,7.25,7.86,8.87,https://media.api-sports.io/football/teams/489.png,https://media.api-sports.io/football/leagues/135.png,0.25,0.0
266813,Warren Pierre Bondo,22.0,2003-09-15,Evry,France,177,63,https://media.api-sports.io/football/players/266813.png,AC Milan,Serie A,Midfielder,250,7.075000,0.92,3.41,3.3,6.97,0.84,8.9,7.58,5.12,5.7,8.68,5.43,7.6,8.7,7.87,https://media.api-sports.io/football/teams/489.png,https://media.api-sports.io/football/leagues/135.png,0.0,0.0
6010,Lucas Beltrán,24.0,2001-03-29,Córdoba,Argentina,174,75,https://media.api-sports.io/football/players/6010.png,Fiorentina,Serie A,Midfielder,0,,0.92,3.41,3.3,0.09,0.84,0.48,2.18,1.06,0.11,0.26,0.53,1.11,0.76,9.44,https://media.api-sports.io/football/teams/502.png,https://media.api-sports.io/football/leagues/135.png,0.0,0.0
263481,Lorenzo Colombo,23.0,2002-03-08,Vimercate,Italy,186,74,https://media.api-sports.io/football/players/263481.png,AC Milan,Serie A,Attacker,285,6.050000,5.48,2.6,3.37,2.11,1.12,5.46,8.98,2.21,8.98,6.26,2.38,2.59,4.66,1.16,https://media.api-sports.io/football/teams/489.png,https://media.api-sports.io/football/leagues/135.png,0.0,0.0
31507,Riccardo Sottil,26.0,1999-06-03,Torino,Italy,180,75,https://media.api-sports.io/football/players/31507.png,Fiorentina,Serie A,Attacker,179,6.625000,1.92,2.6,9.49,6.6,5.26,1.05,3.3,2.21,5.14,4.49,9.12,6.12,9.35,6.96,https://media.api-sports.io/football/teams/502.png,https://media.api-sports.io/football/leagues/135.png,0.0,0.5027932960893855
319919,Oussama El Azzouzi,24.0,2001-05-29,Veenendaal,Morocco,189,82,https://media.api-sports.io/football/players/319919.png,Bologna,Serie A,Midfielder,0,,0.92,3.41,3.3,0.09,0.84,0.48,2.18,1.06,0.11,0.26,0.53,1.11,0.76,9.44,https://media.api-sports.io/football/teams/500.png,https://media.api-sports.io/football/leagues/135.png,0.0,0.0
408635,Ebenezer Akinsanmiro,21.0,2004-11-25,Lagos,Nigeria,184,70,https://media.api-sports.io/football/players/408635.png,Inter,Serie A,Midfielder,119,7.050000,5.75,3.41,3.3,6.21,7.97,8.61,2.18,1.06,4.87,7.58,7.53,8.68,0.76,3.86,https://media.api-sports.io/football/teams/505.png,https://media.api-sports.io/football/leagues/135.png,0.0,0.0
436260,Francesco Camarda,17.0,2008-03-10,Milano,Italy,184,77,https://media.api-sports.io/football/players/436260.png,AC Milan,Serie A,Attacker,164,6.375000,2.04,2.6,3.37,0.68,1.12,1.05,3.3,2.21,1.65,2.07,4.01,6.46,4.01,6.56,https://media.api-sports.io/football/teams/489.png,https://media.api-sports.io/football/leagues/135.png,0.0,0.0
178709,Yannik Engelhardt,24.0,2001-02-07,,Germany,184,74,https://media.api-sports.io/football/players/178709.png,Como,Serie A,Midfielder,0,,0.92,3.41,3.3,0.09,0.84,0.48,2.18,1.06,0.11,0.26,0.53,1.11,0.76,9.44,https://media.api-sports.io/football/teams/895.png,https://media.api-sports.io/football/leagues/135.png,0.0,0.0
181806,Nicolò Savona,22.0,2003-03-19,Aosta,Italy,192,80,https://media.api-sports.io/football/players/181806.png,Juventus,Serie A,Defender,0,,1.41,3.94,3.99,0.05,1.39,0.48,1.25,0.75,0.11,0.25,1.19,1.68,0.84,9.48,https://media.api-sports.io/football/teams/496.png,https://media.api-sports.io/football/leagues/135.png,0.0,0.0
30417,Marco Carnesecchi,25.0,2000-07-01,Rimini,Italy,191,83,https://media.api-sports.io/football/players/30417.png,Atalanta,Serie A,Goalkeeper,1350,7.04,5.0,5.06,4.94,6.15,3.85,4.1,5.06,4.49,6.41,6.86,8.85,8.97,5.9,1.15,https://media.api-sports.io/football/teams/499.png,https://media.api-sports.io/football/leagues/135.png,0.0,0.0
434410,Idrissa Gueye,21.0,2003-09-16,Dakar,Senegal,174,66,https://media.api-sports.io/football/players/434410.png,Udinese,Serie A,Attacker,14,6.3,0.8,2.6,3.37,1.09,1.12,1.05,3.3,2.21,0.14,0.26,0.65,1.09,0.83,0.0,https://media.api-sports.io/football/teams/494.png,https://media.api-sports.io/football/leagues/135.png,0.0,0.0
20959,Mattéo Tramoni,25.0,2000-01-20,Ajaccio,France,175,72,https://media.api-sports.io/football/players/20959.png,Pisa,Serie A,Attacker,647,6.54,4.52,2.6,7.41,3.5,7.52,7.48,3.3,7.55,1.22,1.46,4.46,2.48,2.41,5.34,https://media.api-sports.io/football/teams/801.png,https://media.api-sports.io/football/leagues/135.png,0.0,0.1391035548686244
30469,Arturo Calabresi,29.0,1996-03-17,Roma,Italy,186,75,https://media.api-sports.io/football/players/30469.png,Pisa,Serie A,Defender,487,6.69,5.99,3.94,3.99,2.04,1.39,3.58,3.15,3.49,6.73,4.23,6.71,4.47,9.18,2.55,https://media.api-sports.io/football/teams/801.png,https://media.api-sports.io/football/leagues/135.png,0.0,0.0
30733,Adrian Šemper,27.0,1998-01-12,Zagreb,Croatia,194,89,https://media.api-sports.io/football/players/30733.png,Pisa,Serie A,Goalkeeper,1170,7.06,5.0,5.06,4.94,4.36,3.85,4.1,5.06,4.49,5.0,4.1,4.17,4.23,6.67,5.77,https://media.api-sports.io/football/teams/801.png,https://media.api-sports.io/football/leagues/135.png,0.0,0.0
31560,Stefano Moreo,32.0,1993-06-30,Milan,Italy,191,86,https://media.api-sports.io/football/players/31560.png,Pisa,Serie A,Attacker,604,6.74,5.65,6.97,7.62,4.56,4.66,3.91,9.63,6.94,3.91,7.24,2.59,4.17,3.81,7.24,https://media.api-sports.io/football/teams/801.png,https://media.api-sports.io/football/leagues/135.png,0.2980132450331126,0.1490066225165563
31604,Antonio Aldo Caracciolo,35.0,1990-06-30,Tempio Pausania,Italy,185,83,https://media.api-sports.io/football/players/31604.png,Pisa,Serie A,Defender,1341,6.72,7.04,3.94,3.99,3.75,1.39,6.73,8.61,8.03,4.23,4.18,4.06,3.46,2.69,4.64,https://media.api-sports.io/football/teams/801.png,https://media.api-sports.io/football/leagues/135.png,0.0,0.0
56293,Idrissa Touré,27.0,1998-04-29,Berlin,Germany,188,76,https://media.api-sports.io/football/players/56293.png,Pisa,Serie A,Midfielder,1092,6.87,7.78,7.36,3.3,1.59,6.92,3.59,4.57,8.22,8.75,9.27,3.77,4.18,5.82,6.85,https://media.api-sports.io/football/teams/801.png,https://media.api-sports.io/football/leagues/135.png,0.08241758241758242,0.0
91503,Simone Canestrelli,25.0,2000-09-11,Montepulciano,Italy,192,85,https://media.api-sports.io/football/players/91503.png,Pisa,Serie A,Defender,1350,6.82,3.79,3.94,3.99,3.49,5.24,3.37,7.33,2.26,3.85,5.24,3.17,3.43,2.33,7.45,https://media.api-sports.io/football/teams/801.png,https://media.api-sports.io/football/leagues/135.png,0.0,0.0
264857,Lorenzo Bernasconi,22.0,2003-11-16,Crema,Italy,190,72,https://media.api-sports.io/football/players/264857.png,Atalanta,Serie A,Defender,325,6.94,4.64,3.94,3.99,5.29,9.52,8.65,5.75,7.45,1.78,1.92,5.48,5.46,0.84,6.32,https://media.api-sports.io/football/teams/499.png,https://media.api-sports.io/football/leagues/135.png,0.0,0.0
302069,Samuele Angori,22.0,2003-10-07,,Italy,186,77,https://media.api-sports.io/football/players/302069.png,Pisa,Serie A,Midfielder,675,6.83,1.96,3.41,7.82,1.15,7.29,6.63,6.7,4.06,2.44,5.23,1.71,2.4,8.37,8.66,https://media.api-sports.io/football/teams/801.png,https://media.api-sports.io/football/leagues/135.png,0.0,0.13333333333333333
331678,Henrik Wendel Meister,22.0,2003-11-17,,Denmark,192,83,https://media.api-sports.io/football/players/331678.png,Pisa,Serie A,Attacker,788,6.42,2.45,5.41,3.37,0.31,1.12,2.11,3.3,2.21,3.5,2.79,5.48,5.58,3.74,4.52,https://media.api-sports.io/football/teams/801.png,https://media.api-sports.io/football/leagues/135.png,0.11421319796954314,0.0
453906,Honest Ahanor,17.0,2008-02-23,,Italy,184,79,https://media.api-sports.io/football/players/453906.png,Atalanta,Serie A,Defender,552,6.63,8.16,3.94,3.99,7.12,1.39,7.09,6.29,7.04,5.75,7.55,5.97,4.33,9.06,7.58,https://media.api-sports.io/football/teams/499.png,https://media.api-sports.io/football/leagues/135.png,0.0,0.0
485960,Daniel Denoon,21.0,2004-01-28,Winterthur,Switzerland,187,85,https://media.api-sports.io/football/players/485960.png,Pisa,Serie A,Defender,123,6.6,1.41,3.94,3.99,0.6,1.39,7.49,1.25,3.41,6.66,4.64,1.19,1.68,9.52,0.53,https://media.api-sports.io/football/teams/801.png,https://media.api-sports.io/football/leagues/135.png,0.0,0.0
200,Gabriele Zappa,26.0,1999-12-22,Monza,Italy,180,78,https://media.api-sports.io/football/players/200.png,Cagliari,Serie A,Defender,913,6.66,3.75,3.94,8.7,6.47,5.72,5.62,2.57,5.75,2.26,2.4,5.62,5.62,3.63,5.38,https://media.api-sports.io/football/teams/490.png,https://media.api-sports.io/football/leagues/135.png,0.0,0.09857612267250822
319,Sebastiano Luperto,29.0,1996-09-06,Lecce,Italy,191,75,https://media.api-sports.io/football/players/319.png,Cagliari,Serie A,Defender,1077,6.73,3.46,8.49,3.99,4.83,2.98,1.68,5.31,5.07,0.6,0.91,1.19,1.68,5.94,5.22,https://media.api-sports.io/football/teams/490.png,https://media.api-sports.io/football/leagues/135.png,0.08356545961002786,0.0
325,Gianluca Gaetano,25.0,2000-05-05,Cimitile,Italy,183,71,https://media.api-sports.io/football/players/325.png,Cagliari,Serie A,Midfielder,460,6.69,9.66,9.49,8.61,7.07,6.7,1.99,2.18,6.8,6.21,4.52,7.26,6.38,7.73,2.76,https://media.api-sports.io/football/teams/490.png,https://media.api-sports.io/football/leagues/135.png,0.391304347826087,0.1956521739130435
15723,Malthe Højholt,24.0,2001-04-16,Hjørring,Denmark,182,65,https://media.api-sports.io/football/players/15723.png,Pisa,Serie A,Midfielder,105,6.47,0.92,3.41,3.3,4.87,0.84,7.63,2.18,9.27,5.44,4.13,0.53,1.11,0.76,2.98,https://media.api-sports.io/football/teams/801.png,https://media.api-sports.io/football/leagues/135.png,0.0,0.0
30505,Michel Ndary Adopo,25.0,2000-07-19,Villeneuve-Saint-Georges,France,187,76,https://media.api-sports.io/football/players/30505.png,Cagliari,Serie A,Midfielder,1135,6.5,3.96,3.41,6.92,3.01,5.21,2.47,5.33,6.16,2.0,1.49,4.5,4.55,2.47,5.65,https://media.api-sports.io/football/teams/490.png,https://media.api-sports.io/football/leagues/135.png,0.0,0.07929515418502203
30561,Alessandro Deiola,30.0,1995-08-01,San Gavino Monreale,Italy,189,85,https://media.api-sports.io/football/players/30561.png,Cagliari,Serie A,Midfielder,781,6.82,3.81,3.41,7.56,6.09,2.98,7.82,9.22,5.65,3.84,4.82,1.91,2.84,4.43,2.52,https://media.api-sports.io/football/teams/490.png,https://media.api-sports.io/football/leagues/135.png,0.0,0.11523687580025607
30731,Elia Caprile,24.0,2001-08-25,Verona,Italy,191,74,https://media.api-sports.io/football/players/30731.png,Cagliari,Serie A,Goalkeeper,1350,7.32,5.0,5.06,4.94,3.21,8.53,4.1,5.06,4.49,8.59,8.59,4.17,4.23,9.49,5.77,https://media.api-sports.io/football/teams/490.png,https://media.api-sports.io/football/leagues/135.png,0.0,0.0
30753,Mehdi Pascal Marcel Léris,27.0,1998-05-23,Mont de Marsan,Algeria,186,83,https://media.api-sports.io/football/players/30753.png,Pisa,Serie A,Midfielder,704,6.97,5.06,3.41,7.7,2.22,8.04,9.0,9.45,8.04,4.76,8.17,5.27,3.94,5.77,6.87,https://media.api-sports.io/football/teams/801.png,https://media.api-sports.io/football/leagues/135.png,0.0,0.1278409090909091
31499,Gennaro Borrelli,25.0,2000-03-10,Campobasso,Italy,194,,https://media.api-sports.io/football/players/31499.png,Cagliari,Serie A,Attacker,788,6.74,4.05,7.38,3.37,2.14,3.71,6.94,7.24,5.24,8.61,8.98,2.11,2.24,9.22,0.78,https://media.api-sports.io/football/teams/490.png,https://media.api-sports.io/football/leagues/135.png,0.34263959390862947,0.0
50054,Simone Scuffet,29.0,1996-05-31,Udine,Italy,193,77,https://media.api-sports.io/football/players/50054.png,Pisa,Serie A,Goalkeeper,180,6.9,5.0,5.06,4.94,6.79,3.85,4.1,5.06,4.49,4.49,5.32,4.17,4.23,2.24,5.77,https://media.api-sports.io/football/teams/801.png,https://media.api-sports.io/football/leagues/135.png,0.0,0.0
309388,Matteo Prati,22.0,2003-12-28,Ravenna,Italy,183,73,https://media.api-sports.io/football/players/309388.png,Cagliari,Serie A,Midfielder,972,6.63,6.21,3.41,3.3,4.4,3.5,4.28,7.76,7.36,0.44,1.08,1.3,2.27,1.74,5.16,https://media.api-sports.io/football/teams/490.png,https://media.api-sports.io/football/leagues/135.png,0.0,0.0
325387,Gabriele Piccinini,24.0,2001-04-06,,Italy,184,76,https://media.api-sports.io/football/players/325387.png,Pisa,Serie A,Midfielder,306,6.51,6.48,3.41,3.3,0.93,5.28,5.02,2.18,1.06,6.09,5.04,7.02,3.28,6.89,6.96,https://media.api-sports.io/football/teams/801.png,https://media.api-sports.io/football/leagues/135.png,0.0,0.0
510473,Louis Buffon,18.0,2007-12-28,Torino,Italy,,,https://media.api-sports.io/football/players/510473.png,Pisa,Serie A,Attacker,23,6.5,0.8,2.6,3.37,2.01,1.12,1.05,3.3,2.21,8.93,3.11,8.16,1.09,9.42,0.68,https://media.api-sports.io/football/teams/801.png,https://media.api-sports.io/football/leagues/135.png,0.0,0.0
31734,Mattia Felici,24.0,2001-04-17,Rome,Italy,182,75,https://media.api-sports.io/football/players/31734.png,Cagliari,Serie A,Attacker,408,6.7,5.34,8.2,8.18,5.71,8.33,9.18,3.3,9.12,5.85,5.88,8.33,7.86,4.85,2.59,https://media.api-sports.io/football/teams/490.png,https://media.api-sports.io/football/leagues/135.png,0.4411764705882353,0.22058823529411764
41144,Domilson Cordeiro dos Santos,27.0,1998-11-17,Taubate,Brazil,166,68,https://media.api-sports.io/football/players/41144.png,Fiorentina,Serie A,Midfielder,1261,6.76,5.99,3.41,3.3,3.28,6.26,1.56,2.18,5.09,2.2,4.11,8.04,7.95,8.09,8.26,https://media.api-sports.io/football/teams/502.png,https://media.api-sports.io/football/leagues/135.png,0.0,0.0
56287,Alessandro Di Pardo,26.0,1999-07-18,Rimini,Italy,182,76,https://media.api-sports.io/football/players/56287.png,Cagliari,Serie A,Defender,60,6.25,9.74,3.94,3.99,0.79,1.39,4.38,9.64,0.75,3.61,1.48,1.19,1.68,8.52,9.48,https://media.api-sports.io/football/teams/490.png,https://media.api-sports.io/football/leagues/135.png,0.0,0.0
180510,Mattia Viti,23.0,2002-01-24,Borgo San Lorenzo,Italy,190,82,https://media.api-sports.io/football/players/180510.png,Fiorentina,Serie A,Defender,214,6.41,1.41,3.94,3.99,7.02,1.39,9.4,4.83,6.86,9.42,8.75,4.57,1.68,8.88,0.48,https://media.api-sports.io/football/teams/502.png,https://media.api-sports.io/football/leagues/135.png,0.0,0.0
311083,Cher Ndour,21.0,2004-07-27,Brescia,Italy,190,82,https://media.api-sports.io/football/players/311083.png,Fiorentina,Serie A,Attacker,374,6.37,0.8,2.6,3.37,8.81,1.12,5.51,9.69,9.42,3.16,2.93,5.17,3.5,4.35,7.82,https://media.api-sports.io/football/teams/502.png,https://media.api-sports.io/football/leagues/135.png,0.0,0.0
329550,Nicolò Cavuoti,22.0,2003-04-04,,Italy,177,,https://media.api-sports.io/football/players/329550.png,Cagliari,Serie A,Midfielder,8,6.5,0.92,3.41,3.3,0.28,0.84,0.48,2.18,1.06,10.0,9.71,9.9,1.11,0.76,0.04,https://media.api-sports.io/football/teams/490.png,https://media.api-sports.io/football/leagues/135.png,0.0,0.0
383026,Riyad Idrissi,20.0,2003-03-31,Sadali,Morocco,182,69,https://media.api-sports.io/football/players/383026.png,Cagliari,Serie A,Defender,351,6.61,7.34,9.58,3.99,2.86,8.51,8.27,3.53,3.75,4.01,2.48,7.55,7.38,2.28,8.2,https://media.api-sports.io/football/teams/490.png,https://media.api-sports.io/football/leagues/135.png,0.25641025641025644,0.0
396637,Pietro Comuzzo,20.0,2005-02-20,San Daniele del Friuli,Italy,185,75,https://media.api-sports.io/football/players/396637.png,Fiorentina,Serie A,Defender,577,6.57,5.17,3.94,3.99,6.15,5.07,6.78,6.13,9.16,4.45,5.36,1.19,1.68,1.88,2.79,https://media.api-sports.io/football/teams/502.png,https://media.api-sports.io/football/leagues/135.png,0.0,0.0
8574,Jean Butez,30.0,1995-06-08,Lille,France,188,70,https://media.api-sports.io/football/players/8574.png,Como,Serie A,Goalkeeper,1260,7.38,5.0,5.06,4.94,7.56,3.85,8.97,5.06,9.23,7.82,8.21,4.17,4.23,9.1,5.77,https://media.api-sports.io/football/teams/895.png,https://media.api-sports.io/football/leagues/135.png,0.0,0.0
26301,Marc Oliver Kempf,30.0,1995-01-28,Lich,Germany,186,87,https://media.api-sports.io/football/players/26301.png,Como,Serie A,Defender,622,6.96,8.97,9.76,3.99,8.73,1.39,1.27,9.25,1.51,5.07,4.52,2.88,1.68,5.22,4.16,https://media.api-sports.io/football/teams/895.png,https://media.api-sports.io/football/leagues/135.png,0.28938906752411575,0.0
30810,Rolando Mandragora,28.0,1997-06-29,Napoli,Italy,183,76,https://media.api-sports.io/football/players/30810.png,Fiorentina,Serie A,Midfielder,1112,7,7.7,9.39,3.3,5.43,7.58,6.26,6.41,5.18,4.5,6.99,1.74,2.49,8.92,2.71,https://media.api-sports.io/football/teams/502.png,https://media.api-sports.io/football/leagues/135.png,0.32374100719424465,0.0
46792,Pablo Marí Villar,32.0,1993-08-31,Valencia,Spain,193,87,https://media.api-sports.io/football/players/46792.png,Fiorentina,Serie A,Defender,808,6.57,4.11,3.94,3.99,7.07,4.18,3.65,7.21,9.66,5.24,4.21,2.64,1.68,6.17,1.39,https://media.api-sports.io/football/teams/502.png,https://media.api-sports.io/football/leagues/135.png,0.0,0.0
129119,Ignace Van der Brempt,23.0,2002-04-01,Antwerpen,Belgium,187,76,https://media.api-sports.io/football/players/129119.png,Como,Serie A,Defender,98,6.95,1.41,3.94,3.99,2.88,1.39,9.78,1.25,9.71,9.04,9.21,1.19,1.68,9.15,0.17,https://media.api-sports.io/football/teams/895.png,https://media.api-sports.io/football/leagues/135.png,0.0,0.0
136087,Fabiano Parisi,25.0,2000-11-09,Solofra,Italy,178,70,https://media.api-sports.io/football/players/136087.png,Fiorentina,Serie A,Defender,376,6.83,4.28,3.94,3.99,3.68,6.3,3.99,3.49,7.84,8.37,9.38,7.4,8.77,9.95,8.89,https://media.api-sports.io/football/teams/502.png,https://media.api-sports.io/football/leagues/135.png,0.0,0.0
162266,Lucas da Cunha,24.0,2001-06-09,Roanne,France,174,66,https://media.api-sports.io/football/players/162266.png,Como,Serie A,Midfielder,876,6.98,6.11,3.41,3.3,9.29,8.07,4.18,2.18,3.36,2.64,2.84,5.4,6.56,3.72,5.57,https://media.api-sports.io/football/teams/895.png,https://media.api-sports.io/football/leagues/135.png,0.0,0.0
288699,Máximo Perrone,22.0,2003-01-07,Buenos Aires,Argentina,177,68,https://media.api-sports.io/football/players/288699.png,Como,Serie A,Midfielder,1033,7.02,3.67,7.46,9.0,9.66,6.45,4.82,4.67,5.6,1.47,1.81,2.47,2.98,3.13,2.3,https://media.api-sports.io/football/teams/895.png,https://media.api-sports.io/football/leagues/135.png,0.08712487899322362,0.2613746369796709
336560,Álex Valle Gómez,21.0,2004-04-25,Badalona,Spain,178,72,https://media.api-sports.io/football/players/336560.png,Como,Serie A,Defender,935,6.64,6.13,3.94,8.65,6.2,5.65,7.76,4.5,6.73,5.79,4.78,7.1,5.58,7.16,1.13,https://media.api-sports.io/football/teams/895.png,https://media.api-sports.io/football/leagues/135.png,0.0,0.0962566844919786
340700,Jacopo Fazzini,22.0,2003-03-16,Massa,Italy,178,62,https://media.api-sports.io/football/players/340700.png,Fiorentina,Serie A,Midfielder,393,6.61,2.22,3.41,3.3,2.3,7.54,8.04,2.18,6.48,8.83,8.51,8.22,6.94,8.95,6.82,https://media.api-sports.io/football/teams/502.png,https://media.api-sports.io/football/leagues/135.png,0.0,0.0
386305,Jacobo Ramón Naveros,20.0,2005-01-06,Madrid,Spain,195,80,https://media.api-sports.io/football/players/386305.png,Como,Serie A,Defender,988,7.34,8.85,8.61,3.99,9.21,5.46,7.43,5.67,7.33,8.15,8.82,4.23,5.43,1.92,3.44,https://media.api-sports.io/football/teams/895.png,https://media.api-sports.io/football/leagues/135.png,0.09109311740890688,0.0
437093,Niccolò Fortini,19.0,2006-02-13,Camaiore,Italy,185,,https://media.api-sports.io/football/players/437093.png,Fiorentina,Serie A,Defender,417,6.85,8.1,3.94,3.99,1.83,7.14,9.69,4.88,3.08,9.71,9.74,9.71,9.45,9.81,6.13,https://media.api-sports.io/football/teams/502.png,https://media.api-sports.io/football/leagues/135.png,0.0,0.0
448977,Eddy Nda Konan Kouadio,19.0,2006-05-07,,Italy,191,74,https://media.api-sports.io/football/players/448977.png,Fiorentina,Serie A,Defender,66,6.75,1.41,3.94,3.99,0.75,1.39,8.56,1.25,0.75,4.92,7.08,9.45,9.33,8.22,3.02,https://media.api-sports.io/football/teams/502.png,https://media.api-sports.io/football/leagues/135.png,0.0,0.0
288,Alberto Moreno Pérez,33.0,1992-07-05,Sevilla,Spain,171,65,https://media.api-sports.io/football/players/288.png,Como,Serie A,Defender,248,7.13,9.33,9.78,3.99,5.54,8.63,1.01,1.25,0.75,0.65,0.61,8.09,6.23,0.84,2.62,https://media.api-sports.io/football/teams/895.png,https://media.api-sports.io/football/leagues/135.png,0.3629032258064516,0.0
659,Maxence Caqueret,25.0,2000-02-15,Vénissieux,France,174,63,https://media.api-sports.io/football/players/659.png,Como,Serie A,Midfielder,533,6.86,6.28,3.41,8.29,9.41,9.05,7.58,8.48,5.99,7.33,8.22,7.7,8.92,8.46,4.43,https://media.api-sports.io/football/teams/895.png,https://media.api-sports.io/football/leagues/135.png,0.0,0.16885553470919323
30866,Manuel Lazzari,32.0,1993-11-29,Valdagno,Italy,174,67,https://media.api-sports.io/football/players/30866.png,Lazio,Serie A,Defender,370,6.67,1.41,3.94,3.99,2.28,4.4,4.11,1.25,4.76,5.38,5.79,7.46,7.12,9.76,7.02,https://media.api-sports.io/football/teams/487.png,https://media.api-sports.io/football/leagues/135.png,0.0,0.0
31037,Ivan Provedel,31.0,1994-03-17,Udine,Italy,194,82,https://media.api-sports.io/football/players/31037.png,Lazio,Serie A,Goalkeeper,1350,7.45,5.0,5.06,4.94,5.9,8.53,4.1,5.06,4.49,3.59,4.87,8.85,8.97,5.9,5.77,https://media.api-sports.io/football/teams/487.png,https://media.api-sports.io/football/leagues/135.png,0.0,0.0
38753,Nicolas-Gerrit Kühn,25.0,2000-01-01,Wunstorf,Germany,174,74,https://media.api-sports.io/football/players/38753.png,Como,Serie A,Attacker,368,6.47,2.28,2.6,3.37,7.59,7.93,7.28,3.3,7.24,2.5,2.28,6.67,7.01,2.18,7.72,https://media.api-sports.io/football/teams/895.png,https://media.api-sports.io/football/leagues/135.png,0.0,0.0
1852,Danilo Cataldi,31.0,1994-08-06,Roma,Italy,180,70,https://media.api-sports.io/football/players/1852.png,Lazio,Serie A,Midfielder,974,6.72,6.19,7.62,8.46,7.9,5.09,3.99,7.71,7.33,1.34,2.22,4.18,3.78,3.34,5.21,https://media.api-sports.io/football/teams/487.png,https://media.api-sports.io/football/leagues/135.png,0.09240246406570843,0.18480492813141686
30554,Luca Pellegrini,26.0,1999-03-07,Roma,Italy,178,72,https://media.api-sports.io/football/players/30554.png,Lazio,Serie A,Defender,544,6.75,8.2,3.94,3.99,6.3,8.85,5.17,5.24,4.86,6.13,3.08,8.12,6.01,6.71,2.5,https://media.api-sports.io/football/teams/487.png,https://media.api-sports.io/football/leagues/135.png,0.0,0.0
133729,Tijjani Noslin,26.0,1999-07-07,Amsterdam,Netherlands,180,75,https://media.api-sports.io/football/players/133729.png,Lazio,Serie A,Attacker,152,6.82,9.22,9.86,3.37,5.0,8.37,3.88,3.3,2.21,8.67,9.52,7.72,6.92,8.91,3.96,https://media.api-sports.io/football/teams/487.png,https://media.api-sports.io/football/leagues/135.png,1.1842105263157894,0.0
162952,Mario Gila Fuentes,25.0,2000-08-29,Barcelona,Spain,185,74,https://media.api-sports.io/football/players/162952.png,Lazio,Serie A,Defender,1210,7.24,7.43,3.94,3.99,8.7,2.88,4.66,4.35,5.43,3.94,5.75,3.44,4.24,6.66,7.79,https://media.api-sports.io/football/teams/487.png,https://media.api-sports.io/football/leagues/135.png,0.0,0.0
286474,Matteo Cancellieri,23.0,2002-02-12,,Italy,180,79,https://media.api-sports.io/football/players/286474.png,Lazio,Serie A,Attacker,528,7.11,8.78,8.78,3.37,6.16,5.37,8.57,7.96,9.8,8.4,9.35,6.31,4.49,9.49,2.48,https://media.api-sports.io/football/teams/487.png,https://media.api-sports.io/football/leagues/135.png,0.5113636363636364,0.0
333116,Reda Belahyane,21.0,2004-06-01,Aubervilliers,France,169,53,https://media.api-sports.io/football/players/333116.png,Lazio,Serie A,Midfielder,152,6.75,0.92,3.41,9.83,5.16,8.59,9.14,2.18,7.65,6.56,5.1,7.73,7.9,0.76,0.54,https://media.api-sports.io/football/teams/487.png,https://media.api-sports.io/football/leagues/135.png,0.0,0.5921052631578947
350857,Oliver Provstgaard Nielsen,22.0,2003-06-04,København,Denmark,194,70,https://media.api-sports.io/football/players/350857.png,Lazio,Serie A,Defender,308,6.99,1.41,3.94,3.99,7.19,6.81,0.96,8.97,7.98,2.31,3.89,1.19,1.68,4.33,7.86,https://media.api-sports.io/football/teams/487.png,https://media.api-sports.io/football/leagues/135.png,0.0,0.0
25914,Aarón Martín Caricol,28.0,1997-04-22,Montmeló,Spain,180,72,https://media.api-sports.io/football/players/25914.png,Genoa,Serie A,Defender,1033,7.01,4.42,8.51,9.62,2.57,9.88,5.53,4.9,2.52,3.08,2.64,7.6,8.22,6.06,4.95,https://media.api-sports.io/football/teams/495.png,https://media.api-sports.io/football/leagues/135.png,0.08712487899322362,0.2613746369796709
31137,Stefano Sabelli,32.0,1993-01-13,Roma,Italy,176,70,https://media.api-sports.io/football/players/31137.png,Genoa,Serie A,Defender,267,6.56,1.41,3.94,3.99,4.01,7.38,9.01,8.4,1.81,3.12,5.46,1.19,1.68,8.92,8.68,https://media.api-sports.io/football/teams/495.png,https://media.api-sports.io/football/leagues/135.png,0.0,0.0
31631,Nicola Leali,32.0,1993-02-17,Castiglione delle Stiviere,Italy,195,80,https://media.api-sports.io/football/players/31631.png,Genoa,Serie A,Goalkeeper,1350,7.12,5.0,5.06,4.94,1.15,8.53,8.46,5.06,9.1,3.33,3.14,4.17,4.23,5.9,1.15,https://media.api-sports.io/football/teams/495.png,https://media.api-sports.io/football/leagues/135.png,0.0,0.0
56396,Junior Walter Messias,34.0,1991-05-13,Belo Horizonte,Brazil,174,70,https://media.api-sports.io/football/players/56396.png,Genoa,Serie A,Attacker,108,6.85,5.85,2.6,3.37,6.33,1.12,9.25,3.3,8.57,9.69,9.86,10.0,9.93,9.52,1.92,https://media.api-sports.io/football/teams/495.png,https://media.api-sports.io/football/leagues/135.png,0.0,0.0
281096,Patrizio Masini,24.0,2001-01-27,La Spezia,Italy,182,72,https://media.api-sports.io/football/players/281096.png,Genoa,Serie A,Midfielder,950,6.83,5.77,3.41,3.3,4.82,3.57,9.54,7.82,8.92,8.9,9.36,1.99,2.3,9.27,3.06,https://media.api-sports.io/football/teams/495.png,https://media.api-sports.io/football/leagues/135.png,0.0,0.0
281408,Vítor Manuel Carvalho Oliveira,25.0,2000-03-15,Braga,Portugal,178,74,https://media.api-sports.io/football/players/281408.png,Genoa,Serie A,Attacker,766,6.83,4.66,6.43,7.21,2.35,4.97,7.21,7.31,8.88,8.57,8.74,9.08,8.03,8.37,5.24,https://media.api-sports.io/football/teams/495.png,https://media.api-sports.io/football/leagues/135.png,0.2349869451697128,0.1174934725848564
281826,Alessandro Marcandalli,23.0,2002-10-25,Bergamo,Italy,195,80,https://media.api-sports.io/football/players/281826.png,Genoa,Serie A,Defender,686,6.43,6.25,3.94,3.99,3.51,1.39,1.35,4.57,1.63,1.13,1.35,3.58,3.97,3.0,5.76,https://media.api-sports.io/football/teams/495.png,https://media.api-sports.io/football/leagues/135.png,0.0,0.0
284570,Brooke Dion Nelson Norton-Cuffy,21.0,2004-01-12,London,England,181,70,https://media.api-sports.io/football/players/284570.png,Genoa,Serie A,Defender,1260,6.79,5.77,8.2,8.29,1.75,6.71,5.72,3.29,2.74,5.96,5.02,9.16,9.28,4.69,3.37,https://media.api-sports.io/football/teams/495.png,https://media.api-sports.io/football/leagues/135.png,0.07142857142857142,0.07142857142857142
451504,Jeff Ekhator Osayuki,19.0,2006-11-11,,Italy,190,82,https://media.api-sports.io/football/players/451504.png,Genoa,Serie A,Attacker,328,6.38,8.1,6.73,3.37,2.79,4.35,3.61,3.3,5.51,8.84,7.65,5.88,5.2,8.98,2.67,https://media.api-sports.io/football/teams/495.png,https://media.api-sports.io/football/leagues/135.png,0.27439024390243905,0.0
8643,Konan Ignace Jocelyn N’Dri,25.0,2000-10-27,,Côte d'Ivoire,174,73,https://media.api-sports.io/football/players/8643.png,Lecce,Serie A,Attacker,187,6.79,9.39,9.8,3.37,6.53,3.1,9.59,3.3,2.21,9.56,9.46,9.52,7.45,9.59,2.04,https://media.api-sports.io/football/teams/867.png,https://media.api-sports.io/football/leagues/135.png,0.9625668449197861,0.0
31543,Antonino Gallo,25.0,2000-01-05,Palermo,Italy,183,69,https://media.api-sports.io/football/players/31543.png,Lecce,Serie A,Defender,1210,6.75,3.32,3.94,8.39,3.58,8.53,7.33,1.25,2.14,2.38,4.09,6.59,6.9,3.41,8.75,https://media.api-sports.io/football/teams/867.png,https://media.api-sports.io/football/leagues/135.png,0.0,0.0743801652892562
47182,José Antonio Morente Oliva,29.0,1996-12-04,La Línea de la Concepción,Spain,180,76,https://media.api-sports.io/football/players/47182.png,Lecce,Serie A,Attacker,815,6.53,2.11,2.6,3.37,7.38,5.78,6.33,8.4,6.05,4.42,4.66,6.73,6.02,4.9,5.51,https://media.api-sports.io/football/teams/867.png,https://media.api-sports.io/football/leagues/135.png,0.0,0.0
56459,Wladimiro Falcone,30.0,1995-04-12,Roma,Italy,195,85,https://media.api-sports.io/football/players/56459.png,Lecce,Serie A,Goalkeeper,1350,6.97,5.0,5.06,4.94,2.95,3.85,8.46,5.06,4.49,6.41,7.31,4.17,4.23,8.08,5.77,https://media.api-sports.io/football/teams/867.png,https://media.api-sports.io/football/leagues/135.png,0.0,0.0
161702,Danilo Filipe Melo Veiga,23.0,2002-09-25,Gondomar,Portugal,183,78,https://media.api-sports.io/football/players/161702.png,Lecce,Serie A,Defender,1122,6.65,2.91,3.94,8.46,2.6,7.5,9.06,3.51,3.82,8.53,7.86,9.23,7.62,7.62,4.98,https://media.api-sports.io/football/teams/867.png,https://media.api-sports.io/football/leagues/135.png,0.0,0.08021390374331551
190958,Balthazar Jean Philippe Marie Pierret,25.0,2000-05-15,Cormeilles-en-Parisis,France,186,82,https://media.api-sports.io/football/players/190958.png,Lecce,Serie A,Midfielder,32,6.77,0.92,3.41,3.3,7.29,0.84,9.69,2.18,1.06,8.4,9.85,0.53,1.11,9.89,9.44,https://media.api-sports.io/football/teams/867.png,https://media.api-sports.io/football/leagues/135.png,0.0,0.0
197779,Mohamed Kaba,24.0,2001-10-27,Orléans,France,185,71,https://media.api-sports.io/football/players/197779.png,Lecce,Serie A,Midfielder,280,6.55,7.97,3.41,3.3,2.57,4.01,3.15,2.18,1.06,8.94,8.88,8.41,9.17,8.12,2.22,https://media.api-sports.io/football/teams/867.png,https://media.api-sports.io/football/leagues/135.png,0.0,0.0
203219,Jamil Siebert,23.0,2002-04-02,Düsseldorf,Germany,193,86,https://media.api-sports.io/football/players/203219.png,Lecce,Serie A,Defender,79,5.2,1.41,3.94,3.99,5.1,1.39,0.48,8.87,6.01,0.38,0.25,1.19,1.68,0.84,0.89,https://media.api-sports.io/football/teams/867.png,https://media.api-sports.io/football/leagues/135.png,0.0,0.0
452033,Lorenzo Venturino,19.0,2006-06-22,,Italy,169,57,https://media.api-sports.io/football/players/452033.png,Genoa,Serie A,Attacker,43,6.9,7.62,2.6,3.37,9.69,8.84,1.05,3.3,2.21,5.07,3.93,8.3,8.69,0.83,2.94,https://media.api-sports.io/football/teams/495.png,https://media.api-sports.io/football/leagues/135.png,0.0,0.0
455316,Tiago Gabriel Coelho Oliveira,21.0,2004-12-26,Montauban,Portugal,196,88,https://media.api-sports.io/football/players/455316.png,Lecce,Serie A,Defender,1271,7.09,8.03,8.15,3.99,4.76,1.39,6.88,7.19,6.49,7.52,9.09,2.45,3.53,6.3,5.72,https://media.api-sports.io/football/teams/867.png,https://media.api-sports.io/football/leagues/135.png,0.07081038552321008,0.0
482309,Christ-Owen Kouassi Bathele,22.0,2003-04-15,Paris,France,184,78,https://media.api-sports.io/football/players/482309.png,Lecce,Serie A,Defender,228,6.45,1.41,3.94,3.99,2.02,1.39,9.71,1.25,1.97,5.12,8.7,4.35,1.68,7.55,8.56,https://media.api-sports.io/football/teams/867.png,https://media.api-sports.io/football/leagues/135.png,0.0,0.0
56560,Youssef Maleh,27.0,1998-08-22,Castel San Pietro Terme,Morocco,179,70,https://media.api-sports.io/football/players/56560.png,Lecce,Serie A,Midfielder,41,6.57,0.92,3.41,3.3,5.89,9.29,9.9,2.18,1.06,9.73,9.63,0.53,1.11,8.75,0.12,https://media.api-sports.io/football/teams/867.png,https://media.api-sports.io/football/leagues/135.png,0.0,0.0
270509,Andy Alune Diouf,22.0,2003-05-17,Neuilly-sur-Seine,France,187,82,https://media.api-sports.io/football/players/270509.png,Inter,Serie A,Midfielder,79,6.6,7.48,3.41,3.3,7.41,9.36,7.14,2.18,7.53,8.66,7.07,7.58,1.11,5.65,9.44,https://media.api-sports.io/football/teams/505.png,https://media.api-sports.io/football/leagues/135.png,0.0,0.0
275651,Ange-Yoan Bonny,22.0,2003-10-25,Aubervilliers,France,189,83,https://media.api-sports.io/football/players/275651.png,Inter,Serie A,Attacker,441,7.18,5.58,9.52,9.73,4.76,8.74,4.83,3.3,2.21,4.05,5.85,3.16,2.99,8.79,5.17,https://media.api-sports.io/football/teams/505.png,https://media.api-sports.io/football/leagues/135.png,0.8163265306122449,0.6122448979591837
10077,Luis Henrique Tomaz de Lima,24.0,2001-12-14,João Pessoa,Brazil,181,85,https://media.api-sports.io/football/players/10077.png,Inter,Serie A,Attacker,446,6.69,2.48,2.6,7.96,9.35,7.01,2.72,3.3,6.53,0.31,0.51,2.48,4.25,0.83,8.74,https://media.api-sports.io/football/teams/505.png,https://media.api-sports.io/football/leagues/135.png,0.0,0.20179372197309417
30414,Giovanni Pablo Simeone Baldini,30.0,1995-07-05,Madrid,Argentina,180,81,https://media.api-sports.io/football/players/30414.png,Torino,Serie A,Attacker,786,6.84,8.91,8.33,3.37,3.06,4.8,4.27,3.3,2.21,6.36,5.65,5.78,7.36,7.01,4.46,https://media.api-sports.io/football/teams/503.png,https://media.api-sports.io/football/leagues/135.png,0.45801526717557256,0.0
46988,Josep Martínez Riera,27.0,1998-05-27,Alzira,Spain,191,78,https://media.api-sports.io/football/players/46988.png,Inter,Serie A,Goalkeeper,180,6.7,5.0,5.06,4.94,5.26,3.85,4.1,5.06,4.49,0.64,0.83,4.17,4.23,2.24,5.77,https://media.api-sports.io/football/teams/505.png,https://media.api-sports.io/football/leagues/135.png,0.0,0.0
270507,Cesare Casadei,22.0,2003-01-10,Ravenna,Italy,192,77,https://media.api-sports.io/football/players/270507.png,Torino,Serie A,Midfielder,1132,6.65,7.04,3.41,3.3,4.28,5.72,4.91,5.38,3.72,8.48,9.02,3.33,4.62,4.3,1.39,https://media.api-sports.io/football/teams/503.png,https://media.api-sports.io/football/leagues/135.png,0.0,0.0
336573,Emirhan İlkhan,21.0,2004-06-01,İstanbul,Türkiye,175,67,https://media.api-sports.io/football/players/336573.png,Torino,Serie A,Midfielder,67,6.65,0.92,3.41,3.3,7.71,0.84,0.48,9.83,1.06,1.39,3.55,0.53,1.11,9.68,4.45,https://media.api-sports.io/football/teams/503.png,https://media.api-sports.io/football/leagues/135.png,0.0,0.0
19263,Lloyd Casius Kelly,27.0,1998-10-06,Bristol,England,178,70,https://media.api-sports.io/football/players/19263.png,Juventus,Serie A,Defender,1176,6.88,6.08,8.34,3.99,8.34,4.33,4.47,5.04,1.73,6.39,6.66,6.06,7.91,3.87,2.96,https://media.api-sports.io/football/teams/496.png,https://media.api-sports.io/football/leagues/135.png,0.07653061224489796,0.0
22174,Adrien Fidele Tamèze Aoutsa,31.0,1994-02-04,Lille,France,180,78,https://media.api-sports.io/football/players/22174.png,Torino,Serie A,Midfielder,681,6.51,2.44,3.41,3.3,5.28,3.33,1.61,8.68,9.0,1.71,2.1,1.69,1.11,3.4,6.11,https://media.api-sports.io/football/teams/503.png,https://media.api-sports.io/football/leagues/135.png,0.0,0.0
30642,Alberto Andrea Paleari,33.0,1992-08-29,Giussano,Italy,193,88,https://media.api-sports.io/football/players/30642.png,Torino,Serie A,Goalkeeper,540,7.35,5.0,5.06,4.94,4.94,3.85,4.1,5.06,4.49,4.49,3.14,4.17,4.23,2.24,5.77,https://media.api-sports.io/football/teams/503.png,https://media.api-sports.io/football/leagues/135.png,0.0,0.0
30670,Michele Di Gregorio,28.0,1997-07-27,Milan,Italy,187,82,https://media.api-sports.io/football/players/30670.png,Juventus,Serie A,Goalkeeper,1176,6.99,5.0,5.06,4.94,1.92,3.85,4.1,5.06,4.49,3.21,3.97,9.23,9.23,7.31,5.77,https://media.api-sports.io/football/teams/496.png,https://media.api-sports.io/football/leagues/135.png,0.0,0.0
138777,Faustino Adebola Rasheed Anjorin,24.0,2001-11-23,Poole,England,185,73,https://media.api-sports.io/football/players/138777.png,Torino,Serie A,Midfielder,129,6.38,0.92,3.41,3.3,1.34,0.84,1.47,9.27,8.56,8.24,6.77,7.11,8.41,3.61,0.9,https://media.api-sports.io/football/teams/503.png,https://media.api-sports.io/football/leagues/135.png,0.0,0.0
349232,Ali Dembélé,21.0,2004-01-05,Villepinte,France,185,69,https://media.api-sports.io/football/players/349232.png,Torino,Serie A,Defender,12,6.5,10.0,3.94,3.99,0.5,1.39,0.48,1.25,0.75,9.6,9.28,9.98,1.68,0.84,9.48,https://media.api-sports.io/football/teams/503.png,https://media.api-sports.io/football/leagues/135.png,0.0,0.0
383006,Alieu Eybi Njie,20.0,2005-05-14,Stora Tuna,Sweden,171,60,https://media.api-sports.io/football/players/383006.png,Torino,Serie A,Attacker,21,6.4,9.76,2.6,3.37,0.37,1.12,1.05,3.3,2.21,7.99,4.08,0.65,1.09,0.83,0.17,https://media.api-sports.io/football/teams/503.png,https://media.api-sports.io/football/leagues/135.png,0.0,0.0
6221,Lautaro Rodrigo Valenti,26.0,1999-01-14,Rosario,Argentina,188,80,https://media.api-sports.io/football/players/6221.png,Parma,Serie A,Defender,947,6.72,7.09,3.94,3.99,3.63,7.67,6.23,7.64,6.68,3.87,2.81,5.05,4.57,4.21,5.55,https://media.api-sports.io/football/teams/523.png,https://media.api-sports.io/football/leagues/135.png,0.0,0.0
30420,Enrico Del Prato,26.0,1999-11-10,Bergamo,Italy,183,76,https://media.api-sports.io/football/players/30420.png,Parma,Serie A,Defender,1305,6.8,8.58,8.03,3.99,2.91,2.81,4.83,4.09,2.64,1.42,2.12,3.29,3.49,3.58,7.62,https://media.api-sports.io/football/teams/523.png,https://media.api-sports.io/football/leagues/135.png,0.06896551724137931,0.0
323369,Mathias Johan Fjørtoft Løvik,22.0,2003-12-06,,Norway,183,78,https://media.api-sports.io/football/players/323369.png,Parma,Serie A,Midfielder,479,6.48,3.3,3.41,3.3,1.39,2.62,6.43,2.18,7.46,3.57,2.32,7.07,3.83,2.07,8.36,https://media.api-sports.io/football/teams/523.png,https://media.api-sports.io/football/leagues/135.png,0.0,0.0
628,Adrián Bernabé García,24.0,2001-05-26,Barcelona,Spain,170,66,https://media.api-sports.io/football/players/628.png,Parma,Serie A,Midfielder,1204,7,8.17,8.17,3.3,6.28,7.7,3.03,7.13,3.57,2.86,3.57,5.97,5.72,8.14,8.46,https://media.api-sports.io/football/teams/523.png,https://media.api-sports.io/football/leagues/135.png,0.14950166112956811,0.0
6409,Nahuel Estévez Álvarez,30.0,1995-11-14,Buenos Aires,Argentina,181,77,https://media.api-sports.io/football/players/6409.png,Parma,Serie A,Midfielder,548,6.85,4.08,3.41,3.3,5.11,5.04,4.47,5.44,2.93,4.67,7.35,1.1,1.11,5.71,6.45,https://media.api-sports.io/football/teams/523.png,https://media.api-sports.io/football/leagues/135.png,0.0,0.0
40592,Adrian Dawid Benedyczak,25.0,2000-11-24,Kamień Pomorski,Poland,191,78,https://media.api-sports.io/football/players/40592.png,Parma,Serie A,Attacker,362,6.62,5.03,6.5,8.47,2.82,9.15,6.5,3.3,2.21,5.78,6.6,1.9,1.09,4.56,3.23,https://media.api-sports.io/football/teams/523.png,https://media.api-sports.io/football/leagues/135.png,0.24861878453038672,0.24861878453038672
48193,Pontus Skule Erik Almqvist,26.0,1999-07-10,Nyköping,Sweden,183,67,https://media.api-sports.io/football/players/48193.png,Parma,Serie A,Attacker,351,6.69,0.8,2.6,3.37,3.81,8.4,8.06,3.3,8.44,7.24,7.93,7.28,6.16,9.01,4.76,https://media.api-sports.io/football/teams/523.png,https://media.api-sports.io/football/leagues/135.png,0.0,0.0
56473,Matteo Gabbia,26.0,1999-10-21,Busto Arsizio,Italy,185,78,https://media.api-sports.io/football/players/56473.png,AC Milan,Serie A,Defender,1320,6.94,7.14,3.94,3.99,7.21,3.29,1.06,5.64,2.36,1.05,2.38,2.4,1.68,2.76,6.78,https://media.api-sports.io/football/teams/489.png,https://media.api-sports.io/football/leagues/135.png,0.0,0.0
91358,Emanuele Valeri,27.0,1998-12-07,Roma,Italy,180,78,https://media.api-sports.io/football/players/91358.png,Parma,Serie A,Midfielder,772,6.94,4.57,3.41,7.59,1.08,9.49,6.05,4.84,5.72,3.67,3.37,3.99,5.18,5.18,7.29,https://media.api-sports.io/football/teams/523.png,https://media.api-sports.io/football/leagues/135.png,0.0,0.11658031088082901
161569,Oliver Sørensen Jensen,23.0,2002-03-10,Nørre Aaby,Denmark,184,78,https://media.api-sports.io/football/players/161569.png,Parma,Serie A,Midfielder,818,6.41,5.13,3.41,3.3,1.74,2.86,2.08,2.18,4.74,3.25,1.71,5.35,2.76,4.79,5.11,https://media.api-sports.io/football/teams/523.png,https://media.api-sports.io/football/leagues/135.png,0.0,0.0
180762,Edoardo Corvi,24.0,2001-03-23,Parma,Italy,187,77,https://media.api-sports.io/football/players/180762.png,Parma,Serie A,Goalkeeper,360,6.65,5.0,5.06,4.94,4.17,3.85,4.1,5.06,4.49,6.99,5.32,4.17,4.23,7.63,5.77,https://media.api-sports.io/football/teams/523.png,https://media.api-sports.io/football/leagues/135.png,0.0,0.0
292172,Mateo Pellegrino Casalánguida,24.0,2001-10-22,Valencia,Argentina,193,85,https://media.api-sports.io/football/players/292172.png,Parma,Serie A,Attacker,1285,6.76,4.93,6.87,3.37,1.6,4.46,2.79,8.74,4.66,8.23,8.3,3.1,4.97,7.38,2.11,https://media.api-sports.io/football/teams/523.png,https://media.api-sports.io/football/leagues/135.png,0.2801556420233463,0.0
362752,Christian Nahuel Ordoñez,21.0,2004-07-24,Moreno,Argentina,177,65,https://media.api-sports.io/football/players/362752.png,Parma,Serie A,Attacker,381,6.3,1.6,2.6,3.37,2.62,2.41,5.41,9.66,7.14,2.79,1.84,3.03,3.44,2.79,2.84,https://media.api-sports.io/football/teams/523.png,https://media.api-sports.io/football/leagues/135.png,0.0,0.0
30394,Pietro Terracciano,35.0,1990-03-08,San Felice a Cancello,Italy,193,85,https://media.api-sports.io/football/players/30394.png,AC Milan,Serie A,Goalkeeper,124,7.05,5.0,5.06,4.94,0.77,3.85,4.1,5.06,4.49,0.64,0.83,4.17,4.23,2.24,5.77,https://media.api-sports.io/football/teams/489.png,https://media.api-sports.io/football/leagues/135.png,0.0,0.0
30919,Matteo Bianchetti,32.0,1993-03-17,Como,Italy,189,81,https://media.api-sports.io/football/players/30919.png,Cremonese,Serie A,Defender,1135,6.81,4.23,3.94,9.3,5.43,3.44,6.9,7.26,2.33,5.31,6.2,2.55,1.68,4.57,5.07,https://media.api-sports.io/football/teams/520.png,https://media.api-sports.io/football/leagues/135.png,0.0,0.15859030837004406
127035,Federico Baschirotto,29.0,1996-09-20,Isola della Scala,Italy,184,90,https://media.api-sports.io/football/players/127035.png,Cremonese,Serie A,Defender,1350,6.85,7.0,8.92,3.99,5.05,1.39,2.04,8.52,4.59,2.64,1.97,1.19,1.68,1.75,3.93,https://media.api-sports.io/football/teams/520.png,https://media.api-sports.io/football/leagues/135.png,0.13333333333333333,0.0
264705,Ardon Jashari,23.0,2002-07-30,Cham,Switzerland,181,81,https://media.api-sports.io/football/players/264705.png,AC Milan,Serie A,Midfielder,16,6.9,0.92,3.41,3.3,9.98,0.84,9.69,2.18,1.06,9.88,9.98,0.53,1.11,10.0,0.04,https://media.api-sports.io/football/teams/489.png,https://media.api-sports.io/football/leagues/135.png,0.0,0.0
330437,Alejandro Jiménez Sánchez,20.0,2005-05-08,Madrid,Spain,177,73,https://media.api-sports.io/football/players/330437.png,AC Milan,Serie A,Defender,45,6.7,1.41,3.94,3.99,4.44,9.93,0.48,1.25,0.75,9.88,9.87,10.0,10.0,9.35,9.48,https://media.api-sports.io/football/teams/489.png,https://media.api-sports.io/football/leagues/135.png,0.0,0.0
374359,Davide Bartesaghi,20.0,2005-12-29,Erba,Italy,193,86,https://media.api-sports.io/football/players/374359.png,AC Milan,Serie A,Defender,822,7.06,8.61,9.5,3.99,2.43,9.62,5.1,4.06,2.09,2.86,2.33,7.19,6.78,5.5,7.52,https://media.api-sports.io/football/teams/489.png,https://media.api-sports.io/football/leagues/135.png,0.21897810218978103,0.0
396380,Zachary Athekame,21.0,2004-12-13,,Switzerland,181,74,https://media.api-sports.io/football/players/396380.png,AC Milan,Serie A,Defender,122,6.67,9.71,9.93,3.99,4.38,7.58,4.18,1.25,3.45,8.63,7.84,6.18,1.68,5.34,0.94,https://media.api-sports.io/football/teams/489.png,https://media.api-sports.io/football/leagues/135.png,0.7377049180327869,0.0
556,Mile Svilar,26.0,1999-08-27,Antwerpen,Serbia,189,77,https://media.api-sports.io/football/players/556.png,AS Roma,Serie A,Goalkeeper,1260,7.28,5.0,5.06,4.94,5.77,3.85,8.97,5.06,4.49,4.49,4.36,4.17,4.23,8.21,5.77,https://media.api-sports.io/football/teams/497.png,https://media.api-sports.io/football/leagues/135.png,0.0,0.0
6383,Martín Ismael Payero,27.0,1998-09-11,Pascanas,Argentina,183,80,https://media.api-sports.io/football/players/6383.png,Cremonese,Serie A,Midfielder,808,6.58,7.38,7.8,3.3,2.91,2.4,4.62,2.18,5.53,8.68,8.31,8.85,8.8,8.85,0.76,https://media.api-sports.io/football/teams/520.png,https://media.api-sports.io/football/leagues/135.png,0.11138613861386139,0.0
30397,Federico Ceccherini,33.0,1992-05-11,Livorno,Italy,187,72,https://media.api-sports.io/football/players/30397.png,Cremonese,Serie A,Defender,205,6.78,9.52,3.94,3.99,5.79,1.39,7.49,9.28,9.52,7.81,9.01,4.74,6.81,7.98,6.01,https://media.api-sports.io/football/teams/520.png,https://media.api-sports.io/football/leagues/135.png,0.0,0.0
30775,Giuseppe Pezzella,28.0,1997-11-29,Napoli,Italy,185,81,https://media.api-sports.io/football/players/30775.png,Cremonese,Serie A,Midfielder,812,6.67,2.76,3.41,7.48,1.32,3.47,4.57,9.14,1.06,3.15,3.74,3.86,3.62,3.42,5.67,https://media.api-sports.io/football/teams/520.png,https://media.api-sports.io/football/leagues/135.png,0.0,0.11083743842364532
30848,David Chidozie Okereke,28.0,1997-08-29,Lagos,Nigeria,182,75,https://media.api-sports.io/football/players/30848.png,Cremonese,Serie A,Attacker,81,6.45,0.8,2.6,3.37,0.54,1.12,5.99,9.8,2.21,9.13,7.43,2.76,1.09,0.83,9.39,https://media.api-sports.io/football/teams/520.png,https://media.api-sports.io/football/leagues/135.png,0.0,0.0
30915,Marco Silvestri,34.0,1991-03-02,Castelnovo nè Monti,Italy,191,80,https://media.api-sports.io/football/players/30915.png,Cremonese,Serie A,Goalkeeper,360,6.85,5.0,5.06,4.94,7.44,3.85,4.1,5.06,4.49,4.49,5.32,4.17,4.23,2.24,5.77,https://media.api-sports.io/football/teams/520.png,https://media.api-sports.io/football/leagues/135.png,0.0,0.0
31021,Alberto Grassi,30.0,1995-03-07,Brescia,Italy,183,75,https://media.api-sports.io/football/players/31021.png,Cremonese,Serie A,Midfielder,429,6.66,2.2,3.41,3.3,7.46,0.84,3.89,8.07,9.17,1.88,4.84,3.23,5.43,7.98,8.06,https://media.api-sports.io/football/teams/520.png,https://media.api-sports.io/football/leagues/135.png,0.0,0.0
31211,Jari Vandeputte,29.0,1996-02-14,Gent,Belgium,177,69,https://media.api-sports.io/football/players/31211.png,Cremonese,Serie A,Midfielder,1043,6.96,4.18,3.41,9.51,6.31,9.71,5.31,4.65,5.48,3.35,3.42,4.77,4.28,7.07,5.6,https://media.api-sports.io/football/teams/520.png,https://media.api-sports.io/football/leagues/135.png,0.0,0.3451581975071908
31436,Federico Bonazzoli,28.0,1997-05-21,Manerbio,Italy,185,79,https://media.api-sports.io/football/players/31436.png,Cremonese,Serie A,Attacker,792,7.04,7.47,9.01,7.14,7.01,2.86,5.17,3.3,6.12,1.5,4.52,2.04,2.79,8.74,7.52,https://media.api-sports.io/football/teams/520.png,https://media.api-sports.io/football/leagues/135.png,0.5681818181818181,0.11363636363636365
31853,Manuel De Luca,27.0,1998-07-17,Bolzano,Italy,192,79,https://media.api-sports.io/football/players/31853.png,Cremonese,Serie A,Attacker,19,6.7,9.97,10.0,3.37,5.88,1.12,1.05,3.3,2.21,9.93,9.4,0.65,1.09,9.8,0.41,https://media.api-sports.io/football/teams/520.png,https://media.api-sports.io/football/leagues/135.png,4.7368421052631575,0.0
126889,Michele Collocolo,26.0,1999-11-08,Taranto,Italy,188,,https://media.api-sports.io/football/players/126889.png,Cremonese,Serie A,Midfielder,286,6.4,2.64,3.41,3.3,3.62,3.92,1.96,7.21,2.81,0.76,1.34,1.39,3.45,3.25,8.06,https://media.api-sports.io/football/teams/520.png,https://media.api-sports.io/football/leagues/135.png,0.0,0.0
342651,Romano Floriani Mussolini,22.0,2003-01-27,Roma,Italy,188,72,https://media.api-sports.io/football/players/342651.png,Cremonese,Serie A,Defender,593,6.6,5.05,3.94,3.99,0.55,7.64,5.24,3.89,2.84,7.21,5.17,8.44,5.72,4.45,2.98,https://media.api-sports.io/football/teams/520.png,https://media.api-sports.io/football/leagues/135.png,0.0,0.0
361412,Dachi Lordkipanidze,20.0,2005-03-08,Tiflis,Georgia,186,70,https://media.api-sports.io/football/players/361412.png,Cremonese,Serie A,Midfielder,28,6.3,0.92,3.41,3.3,1.08,0.84,0.48,2.18,9.83,7.95,1.91,0.53,1.11,0.76,9.44,https://media.api-sports.io/football/teams/520.png,https://media.api-sports.io/football/leagues/135.png,0.0,0.0
385788,Francesco Folino,23.0,2002-01-23,Ferrara,Italy,192,,https://media.api-sports.io/football/players/385788.png,Cremonese,Serie A,Defender,58,6.84,9.76,9.98,3.99,0.46,1.39,0.48,9.71,0.75,8.03,8.31,1.19,1.68,8.63,2.3,https://media.api-sports.io/football/teams/520.png,https://media.api-sports.io/football/leagues/135.png,1.5517241379310345,0.0
227,José Ángel Esmoris Tasende,28.0,1997-01-04,Coristanco,Spain,175,69,https://media.api-sports.io/football/players/227.png,AS Roma,Serie A,Midfielder,391,6.9,5.31,3.41,3.3,6.99,4.28,5.5,2.18,3.62,1.91,1.93,2.71,1.11,2.44,6.8,https://media.api-sports.io/football/teams/497.png,https://media.api-sports.io/football/leagues/135.png,0.0,0.0
30498,Lorenzo De Silvestri,37.0,1988-05-23,Roma,Italy,186,84,https://media.api-sports.io/football/players/30498.png,Bologna,Serie A,Defender,289,6.67,1.41,3.94,3.99,2.74,9.04,0.99,6.11,4.62,0.29,0.53,1.19,1.68,2.52,2.22,https://media.api-sports.io/football/teams/500.png,https://media.api-sports.io/football/leagues/135.png,0.0,0.0
31099,Nicolò Casale,27.0,1998-02-14,Negrar,Italy,191,84,https://media.api-sports.io/football/players/31099.png,Bologna,Serie A,Defender,241,6.48,8.51,3.94,3.99,5.48,1.39,1.03,7.04,5.89,7.31,6.59,1.19,1.68,5.41,2.48,https://media.api-sports.io/football/teams/500.png,https://media.api-sports.io/football/leagues/135.png,0.0,0.0
288769,Tommaso Baldanzi,22.0,2003-03-23,,Italy,176,63,https://media.api-sports.io/football/players/288769.png,AS Roma,Serie A,Midfielder,357,6.68,8.51,3.41,3.3,2.86,7.09,2.98,2.18,3.94,7.29,6.67,4.72,1.11,9.71,2.08,https://media.api-sports.io/football/teams/497.png,https://media.api-sports.io/football/leagues/135.png,0.0,0.0
323936,Matías Soulé Malvano,22.0,2003-04-15,Mar del Plata,Argentina,182,76,https://media.api-sports.io/football/players/323936.png,AS Roma,Serie A,Attacker,1000,7.27,6.46,7.52,7.93,8.95,8.81,3.01,6.97,6.26,2.55,4.42,7.86,7.31,7.74,8.67,https://media.api-sports.io/football/teams/497.png,https://media.api-sports.io/football/leagues/135.png,0.36,0.18
342019,Daniele Ghilardi,22.0,2003-01-06,,Italy,189,77,https://media.api-sports.io/football/players/342019.png,AS Roma,Serie A,Defender,26,6.2,1.41,3.94,3.99,0.67,1.39,0.48,1.25,9.86,7.69,0.25,1.19,1.68,0.84,0.1,https://media.api-sports.io/football/teams/497.png,https://media.api-sports.io/football/leagues/135.png,0.0,0.0
30542,Jens Odgaard,26.0,1999-03-31,Hillerød,Denmark,188,83,https://media.api-sports.io/football/players/30542.png,Bologna,Serie A,Midfielder,671,6.63,8.92,9.56,7.85,0.51,5.6,3.4,2.18,2.52,7.87,5.79,6.16,5.7,7.65,2.37,https://media.api-sports.io/football/teams/500.png,https://media.api-sports.io/football/leagues/135.png,0.40238450074515647,0.13412816691505217
31098,Federico Ravaglia,26.0,1999-11-11,Bologna,Italy,196,88,https://media.api-sports.io/football/players/31098.png,Bologna,Serie A,Goalkeeper,456,7.4,5.0,5.06,4.94,9.49,3.85,4.1,5.06,9.87,9.1,8.08,9.74,9.74,9.36,5.77,https://media.api-sports.io/football/teams/500.png,https://media.api-sports.io/football/leagues/135.png,0.0,0.0
128461,Nadir Zortea,26.0,1999-06-19,Feltre,Italy,175,70,https://media.api-sports.io/football/players/128461.png,Bologna,Serie A,Defender,678,7,8.75,3.94,3.99,4.57,9.35,7.15,3.63,4.57,7.43,7.38,9.21,9.18,6.35,5.67,https://media.api-sports.io/football/teams/500.png,https://media.api-sports.io/football/leagues/135.png,0.0,0.0
311067,Santiago Thomas Castro,21.0,2004-09-18,San Martín,Argentina,180,80,https://media.api-sports.io/football/players/311067.png,Bologna,Serie A,Attacker,887,6.88,7.14,7.93,7.04,1.39,5.99,2.76,7.14,2.21,3.23,4.05,2.79,4.59,5.75,3.47,https://media.api-sports.io/football/teams/500.png,https://media.api-sports.io/football/leagues/135.png,0.4058624577226606,0.10146561443066515
322630,Giovanni Fabbian,22.0,2003-01-14,Camposampiero,Italy,186,75,https://media.api-sports.io/football/players/322630.png,Bologna,Serie A,Midfielder,430,6.42,7.85,3.41,3.3,0.83,1.93,1.34,2.18,3.45,5.73,6.43,3.15,2.69,9.39,3.2,https://media.api-sports.io/football/teams/500.png,https://media.api-sports.io/football/leagues/135.png,0.0,0.0
347265,Benjamín Domínguez,22.0,2003-09-19,La Plata,Argentina,172,68,https://media.api-sports.io/football/players/347265.png,Bologna,Serie A,Attacker,240,6.53,5.14,2.6,9.12,4.13,4.0,8.23,3.3,8.28,6.9,7.11,8.27,6.53,8.4,6.39,https://media.api-sports.io/football/teams/500.png,https://media.api-sports.io/football/leagues/135.png,0.0,0.375
446089,Massimo Pessina,18.0,2007-12-25,,Italy,200,85,https://media.api-sports.io/football/players/446089.png,Bologna,Serie A,Goalkeeper,82,6.9,5.0,5.06,4.94,5.51,3.85,4.1,5.06,4.49,0.64,0.83,4.17,4.23,2.24,5.77,https://media.api-sports.io/football/teams/500.png,https://media.api-sports.io/football/leagues/135.png,0.0,0.0
2215,Armand Laurienté,27.0,1998-12-04,Gonesse,France,171,59,https://media.api-sports.io/football/players/2215.png,Sassuolo,Serie A,Attacker,817,6.86,7.21,7.35,8.13,6.56,8.3,5.1,3.3,4.46,2.07,1.67,5.37,3.3,4.46,5.92,https://media.api-sports.io/football/teams/488.png,https://media.api-sports.io/football/leagues/135.png,0.33047735618115054,0.22031823745410034
30519,Stefano Turati,24.0,2001-09-05,Milano,Italy,188,84,https://media.api-sports.io/football/players/30519.png,Sassuolo,Serie A,Goalkeeper,90,6.2,5.0,5.06,4.94,0.51,3.85,4.1,5.06,4.49,8.21,9.04,4.17,4.23,2.24,5.77,https://media.api-sports.io/football/teams/488.png,https://media.api-sports.io/football/leagues/135.png,0.0,0.0
30556,Filippo Romagna,28.0,1997-05-26,Fano,Italy,186,75,https://media.api-sports.io/football/players/30556.png,Sassuolo,Serie A,Defender,203,6.63,6.73,3.94,3.99,7.52,1.39,1.15,9.3,8.97,0.67,0.94,1.19,1.68,3.37,9.48,https://media.api-sports.io/football/teams/488.png,https://media.api-sports.io/football/leagues/135.png,0.0,0.0
30849,Nicholas Pierini,27.0,1998-08-06,Parma,Italy,176,70,https://media.api-sports.io/football/players/30849.png,Sassuolo,Serie A,Attacker,79,6.5,0.8,2.6,3.37,8.33,9.8,6.09,3.3,9.3,6.05,7.62,7.45,6.62,9.18,6.33,https://media.api-sports.io/football/teams/488.png,https://media.api-sports.io/football/leagues/135.png,0.0,0.0
31094,Andrea Pinamonti,26.0,1999-05-19,Cles,Italy,188,72,https://media.api-sports.io/football/players/31094.png,Sassuolo,Serie A,Attacker,1224,6.61,8.16,6.94,7.59,1.77,3.91,3.33,6.7,2.21,1.77,2.74,1.29,1.09,4.3,8.28,https://media.api-sports.io/football/teams/488.png,https://media.api-sports.io/football/leagues/135.png,0.29411764705882354,0.14705882352941177
31440,Luca Moro,24.0,2001-01-25,Monselice,Italy,189,,https://media.api-sports.io/football/players/31440.png,Sassuolo,Serie A,Attacker,59,6.5,9.29,2.6,3.37,2.65,7.48,7.45,3.3,9.76,9.05,9.63,0.65,1.09,9.76,1.26,https://media.api-sports.io/football/teams/488.png,https://media.api-sports.io/football/leagues/135.png,0.0,0.0
68407,Andrea Ghion,25.0,2000-02-23,Mantua,Italy,174,,https://media.api-sports.io/football/players/68407.png,Sassuolo,Serie A,Midfielder,9,6.6,0.92,3.41,3.3,0.23,0.84,9.93,2.18,1.06,5.01,9.55,0.53,1.11,0.76,9.44,https://media.api-sports.io/football/teams/488.png,https://media.api-sports.io/football/leagues/135.png,0.0,0.0
135526,Josh Thomas Doig,23.0,2002-05-18,Edinburgh,Scotland,189,71,https://media.api-sports.io/football/players/135526.png,Sassuolo,Serie A,Defender,974,6.71,4.66,3.94,3.99,2.69,7.91,6.35,6.95,8.05,6.51,6.23,8.41,7.6,6.97,5.7,https://media.api-sports.io/football/teams/488.png,https://media.api-sports.io/football/leagues/135.png,0.0,0.0
291780,Daniel Boloca,27.0,1998-12-22,Chieri,Romania,188,80,https://media.api-sports.io/football/players/291780.png,Sassuolo,Serie A,Midfielder,135,6.45,8.09,3.41,3.3,5.18,4.16,3.35,2.18,8.26,0.83,1.22,5.06,5.67,3.45,9.44,https://media.api-sports.io/football/teams/488.png,https://media.api-sports.io/football/leagues/135.png,0.0,0.0
343562,Luca Lipani,20.0,2005-05-18,Genova,Italy,185,65,https://media.api-sports.io/football/players/343562.png,Sassuolo,Serie A,Midfielder,112,6.3,0.92,3.41,3.3,8.63,4.91,9.34,2.18,5.62,9.34,5.32,3.03,6.45,0.76,0.2,https://media.api-sports.io/football/teams/488.png,https://media.api-sports.io/football/leagues/135.png,0.0,0.0
774,Juan Guilherme Nunes Jesus,34.0,1991-06-10,Belo Horizonte,Brazil,185,83,https://media.api-sports.io/football/players/774.png,Napoli,Serie A,Defender,629,6.75,1.41,3.94,3.99,9.74,3.37,6.68,3.8,7.74,5.34,3.68,1.19,1.68,1.83,0.77,https://media.api-sports.io/football/teams/492.png,https://media.api-sports.io/football/leagues/135.png,0.0,0.0
342035,Cristian Volpato,22.0,2003-11-15,,Italy,187,,https://media.api-sports.io/football/players/342035.png,Sassuolo,Serie A,Midfielder,479,6.8,6.75,8.53,9.88,3.5,8.85,1.59,5.82,2.25,6.87,2.67,9.49,9.39,1.56,3.11,https://media.api-sports.io/football/teams/488.png,https://media.api-sports.io/football/leagues/135.png,0.1878914405010438,0.7515657620041752
656,Oumar Mickaël Solet Bomawoko,25.0,2000-02-07,Melun,France,192,88,https://media.api-sports.io/football/players/656.png,Udinese,Serie A,Defender,1320,7.16,7.58,3.94,8.2,8.61,7.4,6.85,5.64,6.56,5.48,6.47,7.57,8.34,6.54,5.91,https://media.api-sports.io/football/teams/494.png,https://media.api-sports.io/football/leagues/135.png,0.0,0.06818181818181818
19185,Keinan Vincent Joseph Davis,27.0,1998-02-13,,England,191,68,https://media.api-sports.io/football/players/19185.png,Udinese,Serie A,Attacker,848,6.93,7.38,8.03,8.03,2.48,7.35,4.01,3.3,2.21,6.87,8.27,4.69,7.07,7.82,2.89,https://media.api-sports.io/football/teams/494.png,https://media.api-sports.io/football/leagues/135.png,0.4245283018867924,0.2122641509433962
36916,Kingsley Osezele Ehizibue,30.0,1995-05-25,München,Netherlands,189,78,https://media.api-sports.io/football/players/36916.png,Udinese,Serie A,Midfielder,577,6.52,2.0,3.41,3.3,1.03,1.78,4.25,2.18,3.64,2.54,3.2,3.55,3.37,7.11,2.42,https://media.api-sports.io/football/teams/494.png,https://media.api-sports.io/football/leagues/135.png,0.0,0.0
197830,Răzvan Sergiu Sava,23.0,2002-06-21,Timișoara,Romania,195,84,https://media.api-sports.io/football/players/197830.png,Udinese,Serie A,Goalkeeper,540,6.7,5.0,5.06,4.94,1.28,3.85,4.1,5.06,4.49,1.28,0.83,4.17,4.23,2.24,5.77,https://media.api-sports.io/football/teams/494.png,https://media.api-sports.io/football/leagues/135.png,0.0,0.0
281495,Thomas Thiesson Kristensen,23.0,2002-01-17,Aarhus,Denmark,198,85,https://media.api-sports.io/football/players/281495.png,Udinese,Serie A,Defender,540,7.03,5.53,9.13,3.99,6.11,5.24,2.3,8.29,4.98,4.88,6.42,1.19,1.68,3.68,8.26,https://media.api-sports.io/football/teams/494.png,https://media.api-sports.io/football/leagues/135.png,0.16666666666666669,0.0
315249,Nicolò Bertola,22.0,2003-03-23,,Italy,185,79,https://media.api-sports.io/football/players/315249.png,Udinese,Serie A,Defender,782,6.79,7.74,3.94,8.92,5.34,6.78,7.45,7.36,7.4,5.82,6.95,6.68,7.0,5.1,5.02,https://media.api-sports.io/football/teams/494.png,https://media.api-sports.io/football/leagues/135.png,0.0,0.11508951406649617
341912,Giuseppe Ambrosino Di Bruttopilo,22.0,2003-09-10,Procida,Italy,187,76,https://media.api-sports.io/football/players/341912.png,Napoli,Serie A,Attacker,31,6.6,0.8,2.6,3.37,0.78,1.12,1.05,9.97,2.21,8.2,9.05,6.53,9.39,8.88,1.36,https://media.api-sports.io/football/teams/492.png,https://media.api-sports.io/football/leagues/135.png,0.0,0.0
347395,Antonio Vergara,22.0,2003-01-16,Frattaminore,Italy,182,70,https://media.api-sports.io/football/players/347395.png,Napoli,Serie A,Defender,636,7.09,8.41,8.97,9.71,4.9,9.71,1.71,3.75,2.72,1.11,0.89,8.85,8.27,3.25,8.49,https://media.api-sports.io/football/teams/492.png,https://media.api-sports.io/football/leagues/135.png,0.14150943396226415,0.2830188679245283
347644,Arthur Atta,22.0,2003-01-14,Rennes,France,189,77,https://media.api-sports.io/football/players/347644.png,Udinese,Serie A,Midfielder,1109,6.92,8.31,7.29,8.24,4.13,8.24,2.3,4.52,3.74,7.68,7.38,9.34,9.63,6.99,7.36,https://media.api-sports.io/football/teams/494.png,https://media.api-sports.io/football/leagues/135.png,0.0811541929666366,0.1623083859332732
388547,Luca Marianucci,21.0,2004-07-23,Livorno,Italy,186,75,https://media.api-sports.io/football/players/388547.png,Napoli,Serie A,Defender,90,6.9,1.41,3.94,3.99,10.0,8.41,6.59,1.25,4.98,0.49,0.84,1.19,1.68,0.84,5.28,https://media.api-sports.io/football/teams/492.png,https://media.api-sports.io/football/leagues/135.png,0.0,0.0
541,Jurgen Ekkelenkamp,25.0,2000-04-05,Zeist,Netherlands,188,83,https://media.api-sports.io/football/players/541.png,Udinese,Serie A,Midfielder,661,6.59,7.75,8.04,3.3,1.69,8.26,6.8,6.72,4.91,1.98,3.33,3.62,4.11,3.55,5.92,https://media.api-sports.io/football/teams/494.png,https://media.api-sports.io/football/leagues/135.png,0.1361573373676248,0.0
1134,Vakoun Issouf Bayo,28.0,1997-01-10,Daloa,Côte d'Ivoire,184,72,https://media.api-sports.io/football/players/1134.png,Udinese,Serie A,Attacker,284,6.43,9.46,2.6,8.95,6.94,3.47,3.98,3.3,2.21,6.7,6.73,1.56,1.09,3.4,4.63,https://media.api-sports.io/football/teams/494.png,https://media.api-sports.io/football/leagues/135.png,0.0,0.31690140845070425
15909,Martin Sønder Frese,27.0,1998-01-04,Rødovre,Denmark,179,75,https://media.api-sports.io/football/players/15909.png,Verona,Serie A,Defender,1072,6.77,8.56,3.94,3.99,1.61,9.3,9.38,4.81,4.21,6.2,7.72,3.53,1.68,4.35,1.71,https://media.api-sports.io/football/teams/504.png,https://media.api-sports.io/football/leagues/135.png,0.0,0.0
18797,Christian Kabasele,34.0,1991-02-24,Lubumbashi,Belgium,187,84,https://media.api-sports.io/football/players/18797.png,Udinese,Serie A,Defender,840,6.82,3.99,8.77,3.99,1.59,3.08,1.13,7.69,6.97,4.77,5.69,1.19,1.68,6.62,3.37,https://media.api-sports.io/football/teams/494.png,https://media.api-sports.io/football/leagues/135.png,0.10714285714285715,0.0
22007,Hassane Kamara,31.0,1994-03-05,Saint Denis,Côte d'Ivoire,168,67,https://media.api-sports.io/football/players/22007.png,Udinese,Serie A,Defender,689,6.84,9.23,3.94,9.11,2.26,8.94,7.0,2.81,7.09,2.45,3.75,6.66,6.37,5.62,7.55,https://media.api-sports.io/football/teams/494.png,https://media.api-sports.io/football/leagues/135.png,0.0,0.13062409288824384
30611,Lorenzo Montipò,29.0,1996-02-20,Novara,Italy,191,82,https://media.api-sports.io/football/players/30611.png,Verona,Serie A,Goalkeeper,1357,6.68,5.0,5.06,4.94,1.79,8.21,4.1,5.06,4.49,2.18,2.56,8.59,8.72,5.64,5.77,https://media.api-sports.io/football/teams/504.png,https://media.api-sports.io/football/leagues/135.png,0.0,0.0
142442,Rui Manuel Muati Modesto,26.0,1999-10-07,Vendas Novas,Angola,181,72,https://media.api-sports.io/football/players/142442.png,Udinese,Serie A,Midfielder,116,6.87,5.89,3.41,9.9,4.25,8.09,9.51,2.18,5.45,7.65,6.41,7.65,1.11,0.76,9.44,https://media.api-sports.io/football/teams/494.png,https://media.api-sports.io/football/leagues/135.png,0.0,0.7758620689655172
182560,Oier Zarraga Egaña,26.0,1999-01-04,Getxo,Spain,175,76,https://media.api-sports.io/football/players/182560.png,Udinese,Serie A,Midfielder,203,6.54,3.74,3.41,3.3,3.37,2.89,1.78,8.14,6.31,5.87,3.45,3.4,4.38,2.32,2.74,https://media.api-sports.io/football/teams/494.png,https://media.api-sports.io/football/leagues/135.png,0.0,0.0
330599,Iker Bravo Solanilla,20.0,2005-01-13,Sant Cugat del Vallès,Spain,182,75,https://media.api-sports.io/football/players/330599.png,Udinese,Serie A,Attacker,191,6.7,1.8,8.37,3.37,3.2,7.04,3.1,3.3,2.21,1.12,0.61,1.33,1.09,2.11,5.2,https://media.api-sports.io/football/teams/494.png,https://media.api-sports.io/football/leagues/135.png,0.47120418848167545,0.0
1090,Antoine Joseph Emmanuel Bernede,26.0,1999-05-26,Paris,France,178,73,https://media.api-sports.io/football/players/1090.png,Verona,Serie A,Midfielder,1106,6.7,4.43,7.31,6.99,3.35,5.33,8.58,7.33,4.69,6.67,5.89,5.92,6.5,4.06,1.27,https://media.api-sports.io/football/teams/504.png,https://media.api-sports.io/football/leagues/135.png,0.081374321880651,0.081374321880651
22239,Cheikh Ahmet Tidiane Niasse,25.0,2000-01-19,Gossas,Senegal,188,73,https://media.api-sports.io/football/players/22239.png,Verona,Serie A,Midfielder,365,6.54,2.36,3.41,3.3,3.11,5.89,7.48,9.41,8.8,8.62,7.75,2.84,6.2,8.24,0.81,https://media.api-sports.io/football/teams/504.png,https://media.api-sports.io/football/leagues/135.png,0.0,0.0
37437,Abdoulrahmane Harroui,27.0,1998-01-13,Leiden,Morocco,182,76,https://media.api-sports.io/football/players/37437.png,Verona,Serie A,Midfielder,156,6.4,4.51,3.41,3.3,2.2,0.84,8.39,2.18,1.06,4.83,3.63,6.14,5.11,2.91,1.56,https://media.api-sports.io/football/teams/504.png,https://media.api-sports.io/football/leagues/135.png,0.0,0.0
59421,Daniel Fernando Mosquera Bonilla,26.0,1999-10-20,Itsmina,Colombia,181,75,https://media.api-sports.io/football/players/59421.png,Verona,Serie A,Attacker,338,6.39,6.8,2.6,9.56,3.61,6.7,6.8,9.49,7.47,9.18,6.5,6.63,7.24,3.84,2.07,https://media.api-sports.io/football/teams/504.png,https://media.api-sports.io/football/leagues/135.png,0.0,0.5325443786982248
153408,Daniel Oladele Akinbiyi Oyegoke,22.0,2003-01-03,,England,188,63,https://media.api-sports.io/football/players/153408.png,Verona,Serie A,Defender,27,6.6,9.95,3.94,3.99,0.58,1.39,0.48,1.25,0.75,9.16,1.97,9.64,9.95,0.84,9.48,https://media.api-sports.io/football/teams/504.png,https://media.api-sports.io/football/leagues/135.png,0.0,0.0
236955,Amin Sarr,24.0,2001-03-11,Malmö,Sweden,188,83,https://media.api-sports.io/football/players/236955.png,Verona,Serie A,Attacker,384,6.57,2.82,2.6,3.37,6.43,7.69,7.67,3.3,7.11,9.46,8.71,6.05,3.4,7.86,3.61,https://media.api-sports.io/football/teams/504.png,https://media.api-sports.io/football/leagues/135.png,0.0,0.0
303362,Rafik Belghali,23.0,2002-06-07,Leuven,Algeria,186,73,https://media.api-sports.io/football/players/303362.png,Verona,Serie A,Defender,1112,6.77,7.19,9.09,3.99,0.7,8.97,3.17,4.04,4.74,6.11,3.27,9.66,9.71,3.12,4.81,https://media.api-sports.io/football/teams/504.png,https://media.api-sports.io/football/leagues/135.png,0.16187050359712232,0.0
312615,Giovane Santana do Nascimento,22.0,2003-11-24,,Brazil,183,84,https://media.api-sports.io/football/players/312615.png,Verona,Serie A,Attacker,1184,6.67,7.76,6.29,8.89,4.97,7.86,3.06,6.73,5.2,7.89,5.71,7.93,8.27,3.61,6.29,https://media.api-sports.io/football/teams/504.png,https://media.api-sports.io/football/leagues/135.png,0.22804054054054054,0.30405405405405406
134,Juan Miranda González,25.0,2000-01-19,Olivares,Spain,185,76,https://media.api-sports.io/football/players/134.png,Bologna,Serie A,Defender,1002,7.1,5.82,8.56,3.99,6.66,9.83,5.31,3.08,6.25,3.73,5.31,5.87,5.41,7.52,5.34,https://media.api-sports.io/football/teams/500.png,https://media.api-sports.io/football/leagues/135.png,0.08982035928143711,0.0
2057,Franco Damián Vázquez,36.0,1989-02-22,Córdoba,Argentina,187,82,https://media.api-sports.io/football/players/2057.png,Cremonese,Serie A,Attacker,466,6.75,7.18,6.02,9.22,8.67,8.23,9.73,8.13,7.82,8.54,8.88,5.58,5.82,8.84,5.48,https://media.api-sports.io/football/teams/520.png,https://media.api-sports.io/football/leagues/135.png,0.19313304721030042,0.38626609442060084
6662,Santiago Daniel Pierotti,24.0,2001-04-03,Pilar,Argentina,189,69,https://media.api-sports.io/football/players/6662.png,Lecce,Serie A,Attacker,826,6.44,3.27,2.6,3.37,5.44,4.63,9.35,8.37,6.84,8.33,7.38,7.35,6.97,2.35,1.63,https://media.api-sports.io/football/teams/867.png,https://media.api-sports.io/football/leagues/135.png,0.0,0.0
25061,Armel Bella-Kotchap,24.0,2001-12-11,Paris,Germany,190,87,https://media.api-sports.io/football/players/25061.png,Verona,Serie A,Defender,698,6.73,3.2,3.94,3.99,1.78,3.15,2.56,8.94,9.5,4.09,6.68,3.56,3.94,7.06,1.59,https://media.api-sports.io/football/teams/504.png,https://media.api-sports.io/football/leagues/135.png,0.0,0.0
42006,Al Moatasembellah Ali Mohamed Al Musrati,29.0,1996-04-06,Misurata,Libya,189,80,https://media.api-sports.io/football/players/42006.png,Verona,Serie A,Midfielder,274,6.57,2.74,3.41,9.39,7.65,7.19,5.88,9.1,2.93,4.91,2.03,1.52,1.11,0.76,2.15,https://media.api-sports.io/football/teams/504.png,https://media.api-sports.io/football/leagues/135.png,0.0,0.3284671532846715
278095,Jonathan David Henry Rowe,22.0,2003-04-30,London,England,178,74,https://media.api-sports.io/football/players/278095.png,Bologna,Serie A,Attacker,293,6.61,7.89,2.6,3.37,7.45,3.37,8.16,3.3,7.93,7.07,8.57,9.22,9.49,8.2,4.8,https://media.api-sports.io/football/teams/500.png,https://media.api-sports.io/football/leagues/135.png,0.0,0.0
281291,Edoardo Iannoni,24.0,2001-04-11,,Italy,185,,https://media.api-sports.io/football/players/281291.png,Sassuolo,Serie A,Midfielder,83,6.58,9.54,9.93,3.3,7.38,0.84,0.48,2.18,1.06,9.32,2.0,8.63,1.11,0.76,0.17,https://media.api-sports.io/football/teams/488.png,https://media.api-sports.io/football/leagues/135.png,1.0843373493975905,0.0
354533,Jayden Osei Addai,20.0,2005-08-26,,Netherlands,175,74,https://media.api-sports.io/football/players/354533.png,Como,Serie A,Attacker,555,6.83,4.86,8.57,3.37,5.37,3.54,4.8,7.86,5.99,3.57,3.03,7.79,7.18,6.56,3.88,https://media.api-sports.io/football/teams/895.png,https://media.api-sports.io/football/leagues/135.png,0.4864864864864865,0.0
881,Hans Nicolussi Caviglia,25.0,2000-06-18,Aosta,Italy,180,76,https://media.api-sports.io/football/players/881.png,Fiorentina,Serie A,Midfielder,571,6.81,3.94,3.41,8.14,7.6,7.68,5.65,2.18,2.84,5.62,5.75,3.57,3.47,8.8,1.74,https://media.api-sports.io/football/teams/502.png,https://media.api-sports.io/football/leagues/135.png,0.0,0.1576182136602452
161859,Gaetano Pio Oristanio,23.0,2002-09-28,Vallo della Lucania,Italy,175,62,https://media.api-sports.io/football/players/161859.png,Parma,Serie A,Midfielder,243,6.7,8.46,3.41,3.3,0.32,7.9,4.03,2.18,1.06,7.51,8.92,7.43,7.65,9.58,4.01,https://media.api-sports.io/football/teams/523.png,https://media.api-sports.io/football/leagues/135.png,0.0,0.0
181218,Álex Sala Herrero,24.0,2001-04-09,Barcelona,Spain,185,77,https://media.api-sports.io/football/players/181218.png,Lecce,Serie A,Midfielder,128,6.45,8.37,3.41,9.85,3.99,4.38,8.23,2.18,9.56,8.4,5.5,2.76,1.11,6.7,0.88,https://media.api-sports.io/football/teams/867.png,https://media.api-sports.io/football/leagues/135.png,0.0,0.703125
203483,Abdoulaye Niakhate N'Diaye,23.0,2002-04-10,Boune,Senegal,185,75,https://media.api-sports.io/football/players/203483.png,Parma,Serie A,Defender,496,6.43,8.49,3.94,3.99,7.4,3.56,7.91,3.12,9.09,8.94,9.13,1.19,1.68,7.93,1.54,https://media.api-sports.io/football/teams/523.png,https://media.api-sports.io/football/leagues/135.png,0.0,0.0
336928,Manuel Valletta,31.0,1992-06-15,,Luxembourg,,,https://media.api-sports.io/football/players/336928.png,AC Milan,Serie A,Attacker,9,6.3,10.0,2.6,3.37,0.54,1.12,1.05,3.3,2.21,9.13,0.26,0.65,1.09,0.83,9.39,https://media.api-sports.io/football/teams/489.png,https://media.api-sports.io/football/leagues/135.png,0.0,0.0
383018,Marco Palestra,20.0,2005-03-03,Buccinasco,Italy,186,80,https://media.api-sports.io/football/players/383018.png,Cagliari,Serie A,Midfielder,1174,7.1,3.79,3.41,8.85,1.64,5.48,6.11,4.47,5.35,6.94,8.85,8.61,9.1,9.51,4.03,https://media.api-sports.io/football/teams/490.png,https://media.api-sports.io/football/leagues/135.png,0.0,0.22998296422487222
428237,Mariano Troilo,22.0,2003-06-22,,Argentina,191,86,https://media.api-sports.io/football/players/428237.png,Parma,Serie A,Defender,255,6.58,1.41,3.94,3.99,6.59,7.48,2.68,6.73,1.9,9.3,9.42,7.1,9.06,9.47,0.99,https://media.api-sports.io/football/teams/523.png,https://media.api-sports.io/football/leagues/135.png,0.0,0.0
435548,Mateus Henrique Vanelli Lusuardi,21.0,2004-01-08,Porto Alegre,Brazil,190,,https://media.api-sports.io/football/players/435548.png,Pisa,Serie A,Defender,199,6.6,6.88,3.94,3.99,3.22,6.13,1.92,9.9,0.75,6.61,6.03,6.63,6.97,0.84,1.56,https://media.api-sports.io/football/teams/801.png,https://media.api-sports.io/football/leagues/135.png,0.0,0.0
499380,Sascha Britschgi,19.0,2006-08-27,,Switzerland,182,78,https://media.api-sports.io/football/players/499380.png,Parma,Serie A,Defender,919,6.69,6.2,3.94,9.42,0.53,7.43,7.31,3.87,1.95,4.57,3.12,5.6,4.69,7.26,7.21,https://media.api-sports.io/football/teams/523.png,https://media.api-sports.io/football/leagues/135.png,0.0,0.19586507072905332
849,Mattia Perin,33.0,1992-11-10,Latina,Italy,188,85,https://media.api-sports.io/football/players/849.png,Juventus,Serie A,Goalkeeper,180,6.45,5.0,5.06,4.94,0.26,3.85,4.1,5.06,4.49,0.64,0.83,4.17,4.23,2.24,5.77,https://media.api-sports.io/football/teams/496.png,https://media.api-sports.io/football/leagues/135.png,0.0,0.0
21090,Diego Carlos Santos Silva,32.0,1993-03-15,Barra Bonita,Brazil,186,79,https://media.api-sports.io/football/players/21090.png,Como,Serie A,Defender,937,6.95,2.98,3.94,3.99,8.65,3.68,5.02,7.14,3.22,3.82,4.74,1.19,1.68,2.98,3.1,https://media.api-sports.io/football/teams/895.png,https://media.api-sports.io/football/leagues/135.png,0.0,0.0
41964,José Pedro da Silva Figueiredo Freitas,28.0,1997-06-06,Guimarães,Portugal,187,84,https://media.api-sports.io/football/players/41964.png,Cagliari,Serie A,Defender,360,6.52,1.41,3.94,3.99,7.86,1.39,2.3,9.15,3.62,5.7,3.57,1.19,1.68,8.52,3.59,https://media.api-sports.io/football/teams/490.png,https://media.api-sports.io/football/leagues/135.png,0.0,0.0
162032,Miguel Gutiérrez Ortega,24.0,2001-07-27,Madrid,Spain,180,73,https://media.api-sports.io/football/players/162032.png,Napoli,Serie A,Defender,310,6.7,8.99,3.94,3.99,5.46,9.74,6.8,1.25,6.18,5.65,6.56,8.09,5.6,9.4,6.08,https://media.api-sports.io/football/teams/492.png,https://media.api-sports.io/football/leagues/135.png,0.0,0.0
362061,Benjamin Cremaschi,20.0,2005-03-02,Miami,USA,180,72,https://media.api-sports.io/football/players/362061.png,Parma,Serie A,Midfielder,14,6.7,0.92,3.41,3.3,0.17,0.84,9.78,9.98,1.06,9.62,8.03,0.53,1.11,0.76,9.44,https://media.api-sports.io/football/teams/523.png,https://media.api-sports.io/football/leagues/135.png,0.0,0.0
387128,Sebastian Otoa,21.0,2004-05-13,,Denmark,188,75,https://media.api-sports.io/football/players/387128.png,Genoa,Serie A,Defender,224,6.47,1.41,3.94,3.99,0.72,1.39,1.55,9.88,3.86,5.77,3.7,1.19,1.68,3.08,3.89,https://media.api-sports.io/football/teams/495.png,https://media.api-sports.io/football/leagues/135.png,0.0,0.0
156490,Niels Patrick Nkounkou,25.0,2000-11-01,Pontoise,France,184,75,https://media.api-sports.io/football/players/156490.png,Torino,Serie A,Defender,283,6.77,5.34,3.94,9.78,1.06,9.06,8.25,1.25,9.23,5.87,6.92,8.8,9.74,4.59,9.48,https://media.api-sports.io/football/teams/503.png,https://media.api-sports.io/football/leagues/135.png,0.0,0.31802120141342755
364600,İsak Vural,19.0,2006-05-28,Stockholm,Türkiye,175,,https://media.api-sports.io/football/players/364600.png,Pisa,Serie A,Midfielder,352,6.74,4.16,3.41,3.3,1.25,3.22,3.13,9.45,2.43,8.26,8.95,8.26,8.14,9.73,2.03,https://media.api-sports.io/football/teams/801.png,https://media.api-sports.io/football/leagues/135.png,0.0,0.0
403300,Lorran Lucas Pereira de Sousa,19.0,2006-07-04,Rio de Janeiro,Brazil,182,72,https://media.api-sports.io/football/players/403300.png,Pisa,Serie A,Midfielder,50,6.83,9.1,10.0,3.3,8.44,8.7,5.22,2.18,9.88,7.8,9.43,9.78,9.95,7.8,9.44,https://media.api-sports.io/football/teams/801.png,https://media.api-sports.io/football/leagues/135.png,1.8,0.0
422156,Matteo Palma,17.0,2008-03-13,Berlin,Germany,194,,https://media.api-sports.io/football/players/422156.png,Udinese,Serie A,Defender,97,6.4,1.41,3.94,3.99,4.4,1.39,5.94,7.99,9.13,6.31,8.49,1.19,1.68,0.84,1.44,https://media.api-sports.io/football/teams/494.png,https://media.api-sports.io/football/leagues/135.png,0.0,0.0
1841,Patricio Gabarrón Gil,32.0,1993-04-17,Mula,Spain,184,72,https://media.api-sports.io/football/players/1841.png,Lazio,Serie A,Defender,102,6.78,1.41,3.94,3.99,9.57,1.39,1.78,7.81,8.92,6.83,4.71,1.19,1.68,0.84,1.68,https://media.api-sports.io/football/teams/487.png,https://media.api-sports.io/football/leagues/135.png,0.0,0.0
31678,Jean-Daniel Dave Lewis Akpa Akpro,33.0,1992-10-11,Toulouse,Côte d'Ivoire,180,70,https://media.api-sports.io/football/players/31678.png,Verona,Serie A,Midfielder,494,6.53,3.2,3.41,3.3,0.78,4.47,9.06,7.62,9.61,9.22,8.75,7.33,6.89,1.54,0.64,https://media.api-sports.io/football/teams/504.png,https://media.api-sports.io/football/leagues/135.png,0.0,0.0
126980,Tommaso Barbieri,23.0,2002-08-26,Magenta,Italy,181,59,https://media.api-sports.io/football/players/126980.png,Cremonese,Serie A,Defender,736,6.91,5.91,3.94,8.99,0.77,7.02,9.42,6.9,5.82,8.8,7.93,8.32,7.14,8.44,1.51,https://media.api-sports.io/football/teams/520.png,https://media.api-sports.io/football/leagues/135.png,0.0,0.12228260869565218
237249,Mikayil Ngor Faye,21.0,2004-07-14,Sédhiou,Senegal,186,81,https://media.api-sports.io/football/players/237249.png,Cremonese,Serie A,Defender,202,6.94,1.41,3.94,3.99,3.37,6.06,8.44,7.84,9.54,8.2,8.35,6.56,8.61,8.1,8.33,https://media.api-sports.io/football/teams/520.png,https://media.api-sports.io/football/leagues/135.png,0.0,0.0
364415,Jesús Santiago Pérez,21.0,2004-05-25,Cartagena,Spain,192,78,https://media.api-sports.io/football/players/364415.png,Verona,Serie A,Midfielder,11,6.9,10.0,3.41,3.3,9.05,9.95,9.99,2.18,1.06,9.94,10.0,9.8,9.98,9.95,9.44,https://media.api-sports.io/football/teams/504.png,https://media.api-sports.io/football/leagues/135.png,0.0,0.0
368260,Gift Emmanuel Orban,23.0,2002-07-17,Benue,Nigeria,178,73,https://media.api-sports.io/football/players/368260.png,Verona,Serie A,Attacker,893,6.62,9.49,7.89,7.01,1.46,5.31,2.38,3.3,5.78,1.8,1.77,3.44,3.71,2.76,5.61,https://media.api-sports.io/football/teams/504.png,https://media.api-sports.io/football/leagues/135.png,0.40313549832026874,0.10078387458006718
415155,Juan Martín Rodríguez Camejo,20.0,2005-05-30,San Ramón,Uruguay,190,80,https://media.api-sports.io/football/players/415155.png,Cagliari,Serie A,Defender,156,6.85,1.41,3.94,3.99,2.4,1.39,9.66,8.92,8.83,8.08,9.28,5.58,7.79,0.84,1.77,https://media.api-sports.io/football/teams/490.png,https://media.api-sports.io/football/leagues/135.png,0.0,0.0
1208,Hernani Azevedo Júnior,31.0,1994-03-27,São Gonçalo do Sapucaí,Brazil,188,77,https://media.api-sports.io/football/players/1208.png,Parma,Serie A,Midfielder,69,6.65,0.92,3.41,3.3,3.57,7.14,3.23,2.18,8.15,8.55,9.16,4.84,1.11,9.63,1.16,https://media.api-sports.io/football/teams/523.png,https://media.api-sports.io/football/leagues/135.png,0.0,0.0
311071,Nicolás Valentini,24.0,2001-04-06,Junín,Argentina,184,79,https://media.api-sports.io/football/players/311071.png,Verona,Serie A,Defender,451,6.75,8.77,3.94,3.99,0.62,6.92,6.49,5.99,0.75,4.21,4.64,1.19,1.68,3.03,2.86,https://media.api-sports.io/football/teams/504.png,https://media.api-sports.io/football/leagues/135.png,0.0,0.0
400948,Assane Diao Diaoune,20.0,2005-09-07,Ndongane,Spain,185,80,https://media.api-sports.io/football/players/400948.png,Como,Serie A,Attacker,279,6.42,2.91,2.6,3.37,8.1,1.12,2.48,3.3,5.92,6.29,5.82,8.98,8.57,9.05,4.39,https://media.api-sports.io/football/teams/895.png,https://media.api-sports.io/football/leagues/135.png,0.0,0.0
181808,Fabio Miretti,22.0,2003-08-03,Pinerolo,Italy,179,75,https://media.api-sports.io/football/players/181808.png,Juventus,Serie A,Midfielder,66,6.78,8.25,3.41,3.3,9.8,9.88,9.87,2.18,1.06,9.58,9.61,5.21,1.11,6.58,1.06,https://media.api-sports.io/football/teams/496.png,https://media.api-sports.io/football/leagues/135.png,0.0,0.0
191979,Jacob Axel Per Ondrejka,23.0,2002-09-02,,Sweden,180,73,https://media.api-sports.io/football/players/191979.png,Parma,Serie A,Attacker,123,6.63,4.9,2.6,3.37,4.39,3.88,1.05,3.3,8.21,2.21,4.32,8.44,8.76,5.43,7.76,https://media.api-sports.io/football/teams/523.png,https://media.api-sports.io/football/leagues/135.png,0.0,0.0
183848,Julen Agirrezabala Astúlez,25.0,2000-12-26,San Sebastián,Spain,187,80,https://media.api-sports.io/football/players/183848.png,Athletic Club,La Liga,Goalkeeper,450,6.360000,5.0,5.06,4.94,5.13,9.62,4.1,5.06,4.49,5.45,6.03,4.17,4.23,2.24,5.77,https://media.api-sports.io/football/teams/531.png,https://media.api-sports.io/football/leagues/140.png,0.0,0.0
184194,Álex Forés Mendoza,24.0,2001-04-12,Real,Spain,179,67,https://media.api-sports.io/football/players/184194.png,Villarreal,La Liga,Attacker,77,6.450000,8.44,2.6,3.37,4.08,1.12,1.05,3.3,2.21,0.37,1.04,5.65,8.93,0.83,6.07,https://media.api-sports.io/football/teams/533.png,https://media.api-sports.io/football/leagues/140.png,0.0,0.0
313025,Hugo Rincón Lumbreras,22.0,2003-01-27,Valtierra,Spain,183,75,https://media.api-sports.io/football/players/313025.png,Athletic Club,La Liga,Defender,194,6.275000,9.11,3.94,3.99,1.23,9.25,1.18,7.99,4.54,6.31,2.84,7.88,9.38,6.32,2.88,https://media.api-sports.io/football/teams/531.png,https://media.api-sports.io/football/leagues/140.png,0.0,0.0
6638,Facundo Tomás Garcés,26.0,1999-09-05,Santa Fe,Argentina,191,82,https://media.api-sports.io/football/players/6638.png,Alaves,La Liga,Defender,540,6.68,8.87,3.94,3.99,3.05,1.39,4.38,9.35,4.15,3.97,3.57,1.19,1.68,2.66,4.13,https://media.api-sports.io/football/teams/542.png,https://media.api-sports.io/football/leagues/140.png,0.0,0.0
18740,Jonathan Castro Otto,31.0,1994-03-03,Vigo,Spain,175,70,https://media.api-sports.io/football/players/18740.png,Alaves,La Liga,Defender,1429,6.8,4.38,3.94,3.99,7.55,7.09,7.67,3.17,8.32,5.62,5.26,6.51,8.15,5.89,3.99,https://media.api-sports.io/football/teams/542.png,https://media.api-sports.io/football/leagues/140.png,0.0,0.0
47013,Rafael Mir Vicente,28.0,1997-06-18,Murcia,Spain,191,86,https://media.api-sports.io/football/players/47013.png,Sevilla,La Liga,Attacker,317,7.060000,8.3,9.56,3.37,4.66,1.12,3.78,8.78,7.72,2.86,2.21,2.18,2.52,7.07,2.31,https://media.api-sports.io/football/teams/536.png,https://media.api-sports.io/football/leagues/140.png,0.8517350157728707,0.0
47353,Antonio Sivera Salvá,29.0,1996-08-11,Jávea,Spain,184,75,https://media.api-sports.io/football/players/47353.png,Alaves,La Liga,Goalkeeper,1447,7.04,5.0,5.06,4.94,0.9,3.85,8.21,5.06,4.49,3.72,4.49,4.17,4.23,2.24,1.54,https://media.api-sports.io/football/teams/542.png,https://media.api-sports.io/football/leagues/140.png,0.0,0.0
162032,Miguel Gutiérrez Ortega,24.0,2001-07-27,Madrid,Spain,180,73,https://media.api-sports.io/football/players/162032.png,Girona,La Liga,Defender,0,,1.41,3.94,3.99,0.05,1.39,0.48,1.25,0.75,0.11,0.25,1.19,1.68,0.84,9.48,https://media.api-sports.io/football/teams/547.png,https://media.api-sports.io/football/leagues/140.png,0.0,0.0
184420,Carlos Romero Serrano,24.0,2001-10-29,Torrent,Spain,180,73,https://media.api-sports.io/football/players/184420.png,Villarreal,La Liga,Defender,450,7.200000,6.37,9.35,9.45,1.15,7.84,8.7,6.01,4.98,7.16,6.51,9.57,9.5,4.42,3.93,https://media.api-sports.io/football/teams/533.png,https://media.api-sports.io/football/leagues/140.png,0.2,0.2
184459,Alejandro San Cristóbal Sánchez,28.0,1997-01-18,Madrid,Spain,177,72,https://media.api-sports.io/football/players/184459.png,Getafe,La Liga,Attacker,179,6.53,1.92,2.6,3.37,7.11,5.26,8.5,3.3,2.21,2.65,1.73,3.74,3.67,0.83,6.96,https://media.api-sports.io/football/teams/546.png,https://media.api-sports.io/football/leagues/140.png,0.0,0.0
187987,Ramón Terrats Espacio,25.0,2000-10-18,Barcelona,Spain,181,71,https://media.api-sports.io/football/players/187987.png,Villarreal,La Liga,Midfielder,88,6.575000,6.99,3.41,3.3,1.81,6.14,9.36,2.18,1.06,9.78,9.71,9.14,9.73,8.48,2.03,https://media.api-sports.io/football/teams/533.png,https://media.api-sports.io/football/leagues/140.png,0.0,0.0
439305,Lancinet Kourouma Kourouma,21.0,2004-03-30,Conakry,Guinea,180 cm,,https://media.api-sports.io/football/players/439305.png,Girona,La Liga,Midfielder,37,6.33,0.92,3.41,3.3,0.34,0.84,0.48,2.18,9.72,1.83,0.26,0.53,1.11,0.76,9.44,https://media.api-sports.io/football/teams/547.png,https://media.api-sports.io/football/leagues/140.png,0.0,0.0
143,Carles Aleña Castillo,27.0,1998-01-05,Mataró,Spain,180,70,https://media.api-sports.io/football/players/143.png,Alaves,La Liga,Midfielder,877,6.64,6.09,3.41,9.32,6.14,7.33,4.87,6.01,2.76,4.89,4.87,3.94,4.13,7.36,3.57,https://media.api-sports.io/football/teams/542.png,https://media.api-sports.io/football/leagues/140.png,0.0,0.30786773090079816
760,Mariano Díaz Mejía,32.0,1993-08-01,Barcelona,Dominican Republic,180,76,https://media.api-sports.io/football/players/760.png,Alaves,La Liga,Attacker,277,6.39,5.54,2.6,3.37,0.95,3.57,5.54,9.05,2.21,8.37,5.34,1.6,2.7,0.83,0.61,https://media.api-sports.io/football/teams/542.png,https://media.api-sports.io/football/leagues/140.png,0.0,0.0
6085,Carlos Nahuel Benavídez Protesoni,27.0,1998-03-30,Montevideo,Uruguay,185,76,https://media.api-sports.io/football/players/6085.png,Alaves,La Liga,Midfielder,56,6.63,8.7,3.41,3.3,4.91,8.19,4.36,9.88,1.06,9.12,8.03,5.84,1.11,7.25,0.68,https://media.api-sports.io/football/teams/542.png,https://media.api-sports.io/football/leagues/140.png,0.0,0.0
6233,Facundo Nahuel Tenaglia,29.0,1996-02-21,Saladillo,Argentina,180,73,https://media.api-sports.io/football/players/6233.png,Alaves,La Liga,Defender,1357,6.99,7.45,7.93,3.99,3.97,3.75,3.89,8.05,6.83,2.84,4.59,6.01,6.47,8.03,8.1,https://media.api-sports.io/football/teams/542.png,https://media.api-sports.io/football/leagues/140.png,0.06632277081798084,0.0
47181,Antonio Martínez López,28.0,1997-06-30,Murcia,Spain,187,83,https://media.api-sports.io/football/players/47181.png,Alaves,La Liga,Attacker,928,6.77,6.67,6.05,6.94,4.52,2.59,4.18,7.01,5.71,7.89,9.32,3.2,4.42,4.93,5.78,https://media.api-sports.io/football/teams/542.png,https://media.api-sports.io/football/leagues/140.png,0.1939655172413793,0.09698275862068965
47309,Ander Guevara Lajo,28.0,1997-07-07,Vitoria,Spain,180,73,https://media.api-sports.io/football/players/47309.png,Alaves,La Liga,Midfielder,365,6.64,2.36,8.91,3.3,8.26,3.11,2.03,6.44,7.82,7.78,5.01,6.11,7.21,2.52,2.93,https://media.api-sports.io/football/teams/542.png,https://media.api-sports.io/football/leagues/140.png,0.24657534246575344,0.0
104821,Jon Guridi Aldalur,30.0,1995-02-28,Azpeitia,Spain,179,64,https://media.api-sports.io/football/players/104821.png,Alaves,La Liga,Midfielder,394,6.41,5.23,3.41,3.3,4.99,0.84,2.57,2.18,2.32,5.4,3.79,6.99,6.92,2.4,4.33,https://media.api-sports.io/football/teams/542.png,https://media.api-sports.io/football/leagues/140.png,0.0,0.0
128951,Víctor Parada González,23.0,2002-04-04,Madrid,Spain,185,76,https://media.api-sports.io/football/players/128951.png,Alaves,La Liga,Defender,769,6.48,5.72,3.94,8.94,1.35,7.88,2.64,3.44,2.28,4.38,3.46,6.11,7.07,5.14,2.76,https://media.api-sports.io/football/teams/542.png,https://media.api-sports.io/football/leagues/140.png,0.0,0.11703511053315994
139001,Pablo Ibáñez Lumbreras,27.0,1998-09-20,,Spain,179,74,https://media.api-sports.io/football/players/139001.png,Alaves,La Liga,Midfielder,919,6.69,7.21,7.73,3.3,6.7,3.72,5.82,7.95,6.82,9.24,9.05,9.02,8.88,9.44,1.98,https://media.api-sports.io/football/teams/542.png,https://media.api-sports.io/football/leagues/140.png,0.09793253536452666,0.0
162686,Antonio Blanco Conde,25.0,2000-07-23,Montalbán,Spain,176,70,https://media.api-sports.io/football/players/162686.png,Alaves,La Liga,Midfielder,1215,6.84,4.72,3.41,6.75,9.27,3.28,7.68,7.76,9.41,6.8,6.55,3.45,6.23,4.65,1.96,https://media.api-sports.io/football/teams/542.png,https://media.api-sports.io/football/leagues/140.png,0.0,0.07407407407407407
183751,Abderrahmane Rebbach,27.0,1998-08-11,Blida,Algeria,176,68,https://media.api-sports.io/football/players/183751.png,Alaves,La Liga,Attacker,680,6.65,7.24,2.6,3.37,7.31,7.99,9.32,3.3,8.84,6.43,6.46,6.87,5.61,6.77,1.33,https://media.api-sports.io/football/teams/542.png,https://media.api-sports.io/football/leagues/140.png,0.0,0.0
187214,Carlos Vicente Robles,26.0,1999-04-23,Zaragoza,Spain,179,72,https://media.api-sports.io/football/players/187214.png,Alaves,La Liga,Midfielder,910,6.86,5.37,9.51,3.3,4.16,8.63,7.11,5.94,3.81,7.46,7.56,7.92,4.69,9.05,5.97,https://media.api-sports.io/football/teams/542.png,https://media.api-sports.io/football/leagues/140.png,0.3956043956043956,0.0
266658,Calebe Gonçalves Ferreira da Silva,25.0,2000-04-30,Ribeirão Preto,Brazil,173,67,https://media.api-sports.io/football/players/266658.png,Alaves,La Liga,Midfielder,464,6.76,2.1,3.41,3.3,6.06,7.46,9.24,5.87,6.72,8.97,9.39,9.65,9.46,9.12,1.86,https://media.api-sports.io/football/teams/542.png,https://media.api-sports.io/football/leagues/140.png,0.0,0.0
286611,Pablo Cuñat Campos,23.0,2002-04-28,Valencia,Spain,188,78,https://media.api-sports.io/football/players/286611.png,Levante,La Liga,Goalkeeper,180,7.75,5.0,5.06,4.94,3.4,3.85,4.1,5.06,4.49,8.21,9.04,4.17,4.23,2.24,5.77,https://media.api-sports.io/football/teams/539.png,https://media.api-sports.io/football/leagues/140.png,0.0,0.0
361384,Youssef Enríquez Lekhedim,20.0,2005-10-07,Madrid,Morocco,175,68,https://media.api-sports.io/football/players/361384.png,Alaves,La Liga,Defender,684,6.6,6.27,3.94,3.99,4.16,7.81,3.05,2.84,3.77,4.86,2.43,8.68,7.43,4.76,2.16,https://media.api-sports.io/football/teams/542.png,https://media.api-sports.io/football/leagues/140.png,0.0,0.0
734,Adrián de la Fuente Barquilla,26.0,1999-02-26,El Escorial,Spain,179,77,https://media.api-sports.io/football/players/734.png,Levante,La Liga,Defender,859,6.62,6.51,3.94,3.99,4.47,5.87,2.6,7.6,6.8,1.27,2.04,2.62,3.8,2.55,6.25,https://media.api-sports.io/football/teams/539.png,https://media.api-sports.io/football/leagues/140.png,0.0,0.0
1118,Jeremy Isaiah Richard Toljan,31.0,1994-08-08,Stuttgart,Germany,182,74,https://media.api-sports.io/football/players/1118.png,Levante,La Liga,Defender,1278,6.51,4.77,8.12,9.21,1.39,8.08,7.57,4.16,5.94,2.79,2.24,4.59,1.68,5.53,5.36,https://media.api-sports.io/football/teams/539.png,https://media.api-sports.io/football/leagues/140.png,0.07042253521126761,0.14084507042253522
46790,Víctor García Raja,28.0,1997-09-16,Valencia,Spain,180,79,https://media.api-sports.io/football/players/46790.png,Levante,La Liga,Midfielder,273,6.7,5.11,3.41,3.3,2.67,5.95,5.98,7.38,9.66,7.95,8.24,9.21,9.44,6.36,3.3,https://media.api-sports.io/football/teams/539.png,https://media.api-sports.io/football/leagues/140.png,0.0,0.0
46941,Unai Elgezabal Udondo,32.0,1993-04-25,Urduliz,Spain,185,74,https://media.api-sports.io/football/players/46941.png,Levante,La Liga,Defender,933,6.56,3.7,3.94,3.99,3.87,3.7,1.51,9.69,1.71,3.05,4.04,1.19,1.68,3.56,4.76,https://media.api-sports.io/football/teams/539.png,https://media.api-sports.io/football/leagues/140.png,0.0,0.0
47225,Roger Brugué Ayguadé,29.0,1996-11-04,Báscara,Spain,173,68,https://media.api-sports.io/football/players/47225.png,Levante,La Liga,Midfielder,900,6.33,8.02,3.41,7.33,0.73,3.81,2.16,4.79,3.25,5.94,3.47,6.77,6.82,3.99,5.79,https://media.api-sports.io/football/teams/539.png,https://media.api-sports.io/football/leagues/140.png,0.0,0.1
47467,José Luis Morales Nogales,38.0,1987-07-23,Madrid,Spain,180,70,https://media.api-sports.io/football/players/47467.png,Levante,La Liga,Attacker,293,6.65,6.7,7.07,3.37,7.99,7.55,7.55,3.3,8.81,2.24,5.37,8.2,9.25,1.77,7.99,https://media.api-sports.io/football/teams/539.png,https://media.api-sports.io/football/leagues/140.png,0.30716723549488056,0.0
64309,Manuel Sánchez de la Peña,25.0,2000-08-24,Madrid,Spain,171,70,https://media.api-sports.io/football/players/64309.png,Levante,La Liga,Defender,1216,6.58,4.93,8.27,8.37,1.3,7.21,8.82,3.37,5.38,6.03,5.6,7.96,7.81,5.82,6.83,https://media.api-sports.io/football/teams/539.png,https://media.api-sports.io/football/leagues/140.png,0.07401315789473684,0.07401315789473684
104832,Diego Varela Pampín,25.0,2000-03-15,Oleiros,Spain,173,65,https://media.api-sports.io/football/players/104832.png,Levante,La Liga,Defender,117,6.4,1.41,3.94,3.99,4.78,7.69,9.13,1.25,9.57,8.44,9.4,8.2,9.47,8.57,2.38,https://media.api-sports.io/football/teams/539.png,https://media.api-sports.io/football/leagues/140.png,0.0,0.0
104949,Pablo Martínez Andrés,27.0,1998-02-22,Madrid,Spain,182,74,https://media.api-sports.io/football/players/104949.png,Levante,La Liga,Midfielder,525,6.87,6.36,3.41,8.31,3.59,6.85,3.47,9.58,7.11,3.45,3.03,5.7,7.41,1.91,2.98,https://media.api-sports.io/football/teams/539.png,https://media.api-sports.io/football/leagues/140.png,0.0,0.17142857142857143
106727,Oriol Rey Erenas,27.0,1998-02-25,Barcelona,Spain,177,71,https://media.api-sports.io/football/players/106727.png,Levante,La Liga,Midfielder,746,6.71,4.01,3.41,3.3,5.55,1.98,5.26,6.38,5.16,0.56,1.74,1.08,2.37,3.74,4.52,https://media.api-sports.io/football/teams/539.png,https://media.api-sports.io/football/leagues/140.png,0.0,0.0
182150,Sergio Lozano Lluch,26.0,1999-03-24,Benimuslem,Spain,175,70,https://media.api-sports.io/football/players/182150.png,Levante,La Liga,Midfielder,11,6.5,0.92,3.41,3.3,9.05,0.84,9.99,2.18,1.06,9.94,9.93,10.0,1.11,0.76,9.44,https://media.api-sports.io/football/teams/539.png,https://media.api-sports.io/football/leagues/140.png,0.0,0.0
182770,Carlos Álvarez Rivera,22.0,2003-08-06,Sanlúcar la Mayor,Spain,167,75,https://media.api-sports.io/football/players/182770.png,Levante,La Liga,Midfielder,1044,6.81,5.27,8.42,7.14,4.08,8.31,3.18,2.18,4.03,5.53,4.21,8.09,6.36,8.68,6.22,https://media.api-sports.io/football/teams/539.png,https://media.api-sports.io/football/leagues/140.png,0.17241379310344826,0.08620689655172413
192032,Iván Romero de Ávila Araque,24.0,2001-04-10,La Solana,Spain,172,72,https://media.api-sports.io/football/players/192032.png,Levante,La Liga,Attacker,901,7.02,7.31,7.86,3.37,3.44,4.69,4.73,8.2,5.02,7.01,8.06,6.8,7.62,9.08,4.59,https://media.api-sports.io/football/teams/539.png,https://media.api-sports.io/football/leagues/140.png,0.3995560488346282,0.0
408320,Jorge Cabello Trujillo,21.0,2004-04-25,,Spain,180,71,https://media.api-sports.io/football/players/408320.png,Levante,La Liga,Defender,364,6.36,1.41,3.94,3.99,1.56,1.39,5.43,8.22,0.75,3.51,4.88,5.17,7.2,5.38,6.8,https://media.api-sports.io/football/teams/539.png,https://media.api-sports.io/football/leagues/140.png,0.0,0.0
421807,Matías Agustín Moreno,22.0,2003-09-24,,Argentina,193,81,https://media.api-sports.io/football/players/421807.png,Levante,La Liga,Defender,793,6.77,3.1,3.94,3.99,3.15,4.25,1.95,7.28,8.34,1.9,1.88,3.46,3.87,2.74,5.79,https://media.api-sports.io/football/teams/539.png,https://media.api-sports.io/football/leagues/140.png,0.0,0.0
30510,Alejandro Berenguer Remiro,30.0,1995-07-04,Pamplona,Spain,175,73,https://media.api-sports.io/football/players/30510.png,Athletic Club,La Liga,Midfielder,1116,6.79,7.65,7.26,8.22,3.45,9.12,2.76,2.18,3.3,8.31,6.58,7.68,7.92,8.58,6.58,https://media.api-sports.io/football/teams/531.png,https://media.api-sports.io/football/leagues/140.png,0.08064516129032258,0.16129032258064516
47007,Íñigo Ruíz de Galarreta Etxeberria,32.0,1993-08-06,Donostia,Spain,175,69,https://media.api-sports.io/football/players/47007.png,Athletic Club,La Liga,Midfielder,989,7.07,3.18,3.41,3.3,7.85,3.96,8.44,5.67,4.62,7.9,9.07,6.82,9.0,7.87,1.1,https://media.api-sports.io/football/teams/531.png,https://media.api-sports.io/football/leagues/140.png,0.0,0.0
47273,Yuri Berchiche Izeta,35.0,1990-02-10,Zarautz,Spain,181,79,https://media.api-sports.io/football/players/47273.png,Athletic Club,La Liga,Defender,1356,6.97,6.95,3.94,3.99,6.23,6.9,4.13,2.5,5.55,4.59,6.44,4.4,5.32,8.32,7.0,https://media.api-sports.io/football/teams/531.png,https://media.api-sports.io/football/leagues/140.png,0.0,0.0
47291,Gorka Guruzeta Rodríguez,29.0,1996-09-12,San Sebastián,Spain,188,77,https://media.api-sports.io/football/players/47291.png,Athletic Club,La Liga,Attacker,950,6.35,8.52,5.34,3.37,4.59,5.0,3.81,3.3,5.65,6.63,6.43,4.25,3.47,5.99,3.2,https://media.api-sports.io/football/teams/531.png,https://media.api-sports.io/football/leagues/140.png,0.09473684210526316,0.0
47299,Andoni Gorosabel Espinosa,29.0,1996-08-04,Arrasate,Spain,174,70,https://media.api-sports.io/football/players/47299.png,Athletic Club,La Liga,Defender,339,6.5,4.45,3.94,9.66,3.17,9.16,7.15,1.25,1.66,6.95,6.75,7.64,5.32,7.19,8.08,https://media.api-sports.io/football/teams/531.png,https://media.api-sports.io/football/leagues/140.png,0.0,0.2654867256637168
47418,Mikel Vesga Arruti,32.0,1993-04-08,Vitoria-Gasteiz,Spain,191,83,https://media.api-sports.io/football/players/47418.png,Athletic Club,La Liga,Midfielder,246,6.59,5.53,3.41,3.3,8.36,2.52,9.22,2.18,9.76,9.14,8.8,4.16,6.14,6.87,2.57,https://media.api-sports.io/football/teams/531.png,https://media.api-sports.io/football/leagues/140.png,0.0,0.0
84086,Roberto Navarro Muñoz,23.0,2002-04-12,Barcelona,Spain,178,65,https://media.api-sports.io/football/players/84086.png,Athletic Club,La Liga,Midfielder,535,6.68,8.19,9.63,3.3,2.44,8.41,1.42,5.55,3.96,8.07,4.33,8.58,8.7,7.43,3.84,https://media.api-sports.io/football/teams/531.png,https://media.api-sports.io/football/leagues/140.png,0.5046728971962616,0.0
182181,Jesús Areso Blanco,26.0,1999-07-02,Cascante,Spain,182,81,https://media.api-sports.io/football/players/182181.png,Athletic Club,La Liga,Defender,967,6.76,2.96,3.94,8.58,2.64,8.73,2.91,5.1,5.26,3.7,4.13,8.61,8.97,2.88,3.82,https://media.api-sports.io/football/teams/531.png,https://media.api-sports.io/football/leagues/140.png,0.0,0.09307135470527406
332309,Alejandro Rego Mora,22.0,2003-06-11,Bilbao,Spain,192,,https://media.api-sports.io/football/players/332309.png,Athletic Club,La Liga,Midfielder,362,6.77,5.62,8.95,3.3,6.19,5.99,9.44,8.36,9.32,4.69,5.6,3.79,2.91,1.61,0.78,https://media.api-sports.io/football/teams/531.png,https://media.api-sports.io/football/leagues/140.png,0.24861878453038672,0.0
336998,Adama Boiro Boiro,23.0,2002-06-22,Dakar,Senegal,183,75,https://media.api-sports.io/football/players/336998.png,Athletic Club,La Liga,Defender,196,6.48,1.41,3.94,3.99,6.18,8.1,5.89,5.04,4.51,1.68,2.67,4.88,1.68,3.49,9.48,https://media.api-sports.io/football/teams/531.png,https://media.api-sports.io/football/leagues/140.png,0.0,0.0
383780,Mikel Jauregizar Alboniga,22.0,2003-11-13,Bilbao,Spain,177,74,https://media.api-sports.io/football/players/383780.png,Athletic Club,La Liga,Midfielder,1469,6.84,4.03,6.82,3.3,6.8,4.5,6.67,2.18,9.14,4.6,4.43,3.01,3.35,5.13,5.77,https://media.api-sports.io/football/teams/531.png,https://media.api-sports.io/football/leagues/140.png,0.06126616746085772,0.0
450497,Carlos Espí Escrihuela,20.0,2005-07-24,,Spain,185,90,https://media.api-sports.io/football/players/450497.png,Levante,La Liga,Attacker,77,6.38,3.76,2.6,3.37,4.69,1.12,9.05,3.3,2.21,9.08,7.79,8.88,8.93,4.25,6.07,https://media.api-sports.io/football/teams/539.png,https://media.api-sports.io/football/leagues/140.png,0.0,0.0
433,Marcos do Nascimento Teixeira,29.0,1996-06-05,Londrina,Brazil,185,80,https://media.api-sports.io/football/players/433.png,Sevilla,La Liga,Defender,875,6.69,7.98,3.94,3.99,4.98,1.39,2.93,5.41,2.02,7.88,7.79,2.6,3.75,9.3,1.03,https://media.api-sports.io/football/teams/536.png,https://media.api-sports.io/football/leagues/140.png,0.0,0.0
21004,Lucien Jefferson Agoumé,23.0,2002-02-09,Yaoundé,France,185,72,https://media.api-sports.io/football/players/21004.png,Sevilla,La Liga,Midfielder,965,6.89,2.08,7.65,8.51,7.09,5.53,6.36,4.74,7.75,3.03,4.45,2.32,3.06,2.84,3.15,https://media.api-sports.io/football/teams/536.png,https://media.api-sports.io/football/leagues/140.png,0.09326424870466321,0.18652849740932642
47276,Íñigo Lekue Martínez,32.0,1993-05-04,Bilbao,Spain,180,70,https://media.api-sports.io/football/players/47276.png,Athletic Club,La Liga,Defender,264,6.6,5.6,3.94,3.99,2.5,1.39,9.52,1.25,1.85,8.89,5.53,9.45,8.1,0.84,3.02,https://media.api-sports.io/football/teams/531.png,https://media.api-sports.io/football/leagues/140.png,0.0,0.0
182772,Juan Luis Sánchez Velasco,22.0,2003-08-15,Montequinto,Spain,183,68,https://media.api-sports.io/football/players/182772.png,Sevilla,La Liga,Defender,857,6.68,5.3,3.94,8.76,3.73,8.2,8.17,1.25,2.56,9.18,9.11,8.89,8.75,9.66,4.87,https://media.api-sports.io/football/teams/536.png,https://media.api-sports.io/football/leagues/140.png,0.0,0.10501750291715285
183776,Urko Iruretagoiena Lertxundi,26.0,1999-09-29,Aia,Spain,175,70,https://media.api-sports.io/football/players/183776.png,Athletic Club,La Liga,Attacker,52,6.46,9.8,2.6,3.37,9.25,8.1,7.98,3.3,2.21,8.71,5.27,7.55,8.23,0.83,0.9,https://media.api-sports.io/football/teams/531.png,https://media.api-sports.io/football/leagues/140.png,0.0,0.0
185398,Isaac Romero Bernal,25.0,2000-05-18,Lebrija,Spain,184,70,https://media.api-sports.io/football/players/185398.png,Sevilla,La Liga,Attacker,663,6.51,6.97,7.96,3.37,3.4,3.13,5.88,3.3,2.21,5.51,3.54,7.01,3.83,3.95,3.13,https://media.api-sports.io/football/teams/536.png,https://media.api-sports.io/football/leagues/140.png,0.40723981900452494,0.0
195923,José Ángel Carmona Navarro,23.0,2002-01-29,El Viso del Alcor,Spain,184,80,https://media.api-sports.io/football/players/195923.png,Sevilla,La Liga,Defender,1188,6.84,6.06,8.32,9.57,4.52,6.95,8.56,4.45,5.5,8.61,8.92,8.03,8.39,9.11,1.95,https://media.api-sports.io/football/teams/536.png,https://media.api-sports.io/football/leagues/140.png,0.07575757575757576,0.2272727272727273
286593,Nicolás Serrano Galdeano,22.0,2003-03-05,Pamplona,Spain,181,72,https://media.api-sports.io/football/players/286593.png,Athletic Club,La Liga,Attacker,163,6.47,0.8,2.6,3.37,8.64,5.78,5.95,3.3,2.21,7.48,5.92,8.5,8.06,7.65,2.53,https://media.api-sports.io/football/teams/531.png,https://media.api-sports.io/football/leagues/140.png,0.0,0.0
297311,Enrique Jesús Salas Valiente,23.0,2002-04-23,Morón de la Frontera,Spain,188,80,https://media.api-sports.io/football/players/297311.png,Sevilla,La Liga,Defender,405,7.22,6.75,3.94,3.99,9.64,4.13,8.85,9.35,7.15,8.97,9.59,3.41,1.68,6.13,3.19,https://media.api-sports.io/football/teams/536.png,https://media.api-sports.io/football/leagues/140.png,0.0,0.0
338902,Andrés López Gallo,22.0,2003-05-26,Riotorto,Spain,188,83,https://media.api-sports.io/football/players/338902.png,Sevilla,La Liga,Defender,607,6.98,7.79,3.94,3.99,8.87,3.39,6.97,8.99,6.37,6.59,7.19,5.67,5.65,7.12,5.0,https://media.api-sports.io/football/teams/536.png,https://media.api-sports.io/football/leagues/140.png,0.0,0.0
47329,Adrià Giner Pedrosa,27.0,1998-05-13,Barcelona,Spain,176,69,https://media.api-sports.io/football/players/47329.png,Sevilla,La Liga,Defender,13,6.9,1.41,3.94,3.99,4.64,9.98,9.93,1.25,0.75,9.38,10.0,1.19,1.68,10.0,9.48,https://media.api-sports.io/football/teams/536.png,https://media.api-sports.io/football/leagues/140.png,0.0,0.0
47435,Francisco José Beltrán Peinado,26.0,1999-02-03,Madrid,Spain,170,66,https://media.api-sports.io/football/players/47435.png,Celta Vigo,La Liga,Midfielder,479,6.6,5.67,3.41,3.3,8.78,1.91,1.93,7.8,8.19,0.98,0.73,1.64,3.83,2.07,2.35,https://media.api-sports.io/football/teams/538.png,https://media.api-sports.io/football/leagues/140.png,0.0,0.0
122734,Ferran Jutglà Blanch,26.0,1999-02-01,Sant Julià de Vilatorta,Spain,176,75,https://media.api-sports.io/football/players/122734.png,Celta Vigo,La Liga,Attacker,655,6.72,8.4,6.77,7.38,5.34,6.33,4.27,7.48,4.63,2.82,2.65,5.95,4.52,6.12,5.88,https://media.api-sports.io/football/teams/538.png,https://media.api-sports.io/football/leagues/140.png,0.2748091603053435,0.13740458015267176
162126,Gerard Fernández Castellano,23.0,2002-10-04,L'Hospitalet de Llobregat,Spain,172,66,https://media.api-sports.io/football/players/162126.png,Sevilla,La Liga,Attacker,521,6.74,3.13,5.85,3.37,8.78,8.03,5.0,3.3,2.21,6.94,8.84,8.64,8.5,9.46,5.41,https://media.api-sports.io/football/teams/536.png,https://media.api-sports.io/football/leagues/140.png,0.1727447216890595,0.0
269163,Williot Theo Swedberg,21.0,2004-02-01,Stockholm,Sweden,187,78,https://media.api-sports.io/football/players/269163.png,Celta Vigo,La Liga,Attacker,367,6.7,3.91,9.35,3.37,2.96,2.45,8.71,8.54,2.21,6.77,6.19,4.83,5.92,8.13,1.12,https://media.api-sports.io/football/teams/538.png,https://media.api-sports.io/football/leagues/140.png,0.7356948228882834,0.0
313651,Hugo Sotelo Gómez,22.0,2003-12-19,Vigo,Spain,180,75,https://media.api-sports.io/football/players/313651.png,Celta Vigo,La Liga,Midfielder,772,6.99,2.27,3.41,7.59,9.49,8.83,6.05,8.88,8.58,1.17,1.64,1.2,1.11,4.08,2.44,https://media.api-sports.io/football/teams/538.png,https://media.api-sports.io/football/leagues/140.png,0.0,0.11658031088082901
329722,Yoel Lago Amil,21.0,2004-03-25,Mondariz,Spain,185,70,https://media.api-sports.io/football/players/329722.png,Celta Vigo,La Liga,Defender,335,6.7,1.41,3.94,3.99,7.62,4.71,6.08,8.63,3.89,2.62,2.93,3.61,5.38,5.77,2.04,https://media.api-sports.io/football/teams/538.png,https://media.api-sports.io/football/leagues/140.png,0.0,0.0
331607,Manuel Bueno Sebastián,21.0,2004-07-27,Jerez de la Frontera,Spain,178,73,https://media.api-sports.io/football/players/331607.png,Sevilla,La Liga,Midfielder,74,6.77,7.73,3.41,3.3,8.46,9.58,0.48,2.18,1.06,0.27,0.94,0.53,1.11,6.09,9.44,https://media.api-sports.io/football/teams/536.png,https://media.api-sports.io/football/leagues/140.png,0.0,0.0
351913,Jones El Abdellaoui,19.0,2006-01-12,,Norway,184,72,https://media.api-sports.io/football/players/351913.png,Celta Vigo,La Liga,Attacker,183,6.63,8.67,8.66,3.37,5.65,7.31,3.23,3.3,7.28,4.56,3.27,7.48,7.55,3.57,8.44,https://media.api-sports.io/football/teams/538.png,https://media.api-sports.io/football/leagues/140.png,0.4918032786885246,0.0
384135,Javier Rodríguez Galiano,22.0,2003-06-26,Pontevedra,Spain,178,70,https://media.api-sports.io/football/players/384135.png,Celta Vigo,La Liga,Defender,972,6.72,4.71,3.94,3.99,9.28,6.63,6.37,4.31,5.19,4.5,4.11,4.98,4.5,7.0,5.12,https://media.api-sports.io/football/teams/538.png,https://media.api-sports.io/football/leagues/140.png,0.0,0.0
18867,Diego Rico Salguero,32.0,1993-02-23,Burgos,Spain,183,76,https://media.api-sports.io/football/players/18867.png,Getafe,La Liga,Defender,1228,6.61,5.89,3.94,3.99,1.63,6.44,7.98,2.91,8.46,7.5,7.02,6.39,4.9,8.8,3.65,https://media.api-sports.io/football/teams/546.png,https://media.api-sports.io/football/leagues/140.png,0.0,0.0
47085,Luis Milla Manzanares,31.0,1994-10-07,Madrid,Spain,175,67,https://media.api-sports.io/football/players/47085.png,Getafe,La Liga,Midfielder,1305,6.96,3.01,3.41,9.68,6.43,9.27,3.5,6.75,6.7,3.4,4.5,4.89,5.38,6.65,6.6,https://media.api-sports.io/football/teams/546.png,https://media.api-sports.io/football/leagues/140.png,0.0,0.41379310344827586
47247,David Soria Solís,32.0,1993-04-04,Madrid,Spain,192,83,https://media.api-sports.io/football/players/47247.png,Getafe,La Liga,Goalkeeper,1440,7.13,5.0,5.06,4.94,3.59,7.88,4.1,5.06,4.49,1.54,2.31,4.17,4.23,4.62,5.77,https://media.api-sports.io/football/teams/546.png,https://media.api-sports.io/football/leagues/140.png,0.0,0.0
47250,Djené Dakonam Ortega,34.0,1991-12-31,Lomé,Togo,178,71,https://media.api-sports.io/football/players/47250.png,Getafe,La Liga,Defender,1134,6.63,3.41,3.94,3.99,1.27,2.91,3.97,4.59,3.8,3.0,3.32,3.49,5.13,4.06,4.01,https://media.api-sports.io/football/teams/546.png,https://media.api-sports.io/football/leagues/140.png,0.0,0.0
119742,Juan Antonio Iglesias Sánchez,27.0,1998-07-03,Valladolid,Spain,187,77,https://media.api-sports.io/football/players/119742.png,Getafe,La Liga,Defender,1280,6.77,3.94,8.1,3.99,0.89,5.38,9.16,3.27,2.4,8.87,8.8,8.75,8.53,9.5,1.85,https://media.api-sports.io/football/teams/546.png,https://media.api-sports.io/football/leagues/140.png,0.0703125,0.0
157988,Sergio Carreira Vilariño,25.0,2000-10-13,Vigo,Spain,170,70,https://media.api-sports.io/football/players/157988.png,Celta Vigo,La Liga,Defender,1103,6.92,4.3,8.46,8.49,7.28,5.19,5.0,1.25,5.53,4.74,5.19,9.09,9.09,8.46,8.0,https://media.api-sports.io/football/teams/538.png,https://media.api-sports.io/football/leagues/140.png,0.08159564823209428,0.08159564823209428
179955,Javier Rueda García,23.0,2002-05-08,Alozaina,Spain,177,74,https://media.api-sports.io/football/players/179955.png,Celta Vigo,La Liga,Defender,592,6.96,7.91,8.99,9.88,3.8,6.98,3.77,5.0,7.36,6.17,3.97,9.28,9.35,6.27,0.87,https://media.api-sports.io/football/teams/538.png,https://media.api-sports.io/football/leagues/140.png,0.15202702702702703,0.4560810810810811
182638,Manuel Fernández Arroyo,24.0,2001-04-23,Ferrol,Spain,,,https://media.api-sports.io/football/players/182638.png,Celta Vigo,La Liga,Defender,560,6.65,5.4,3.94,3.99,8.8,3.46,5.6,3.0,4.71,1.63,2.74,4.0,4.3,6.62,5.46,https://media.api-sports.io/football/teams/538.png,https://media.api-sports.io/football/leagues/140.png,0.0,0.0
286559,Carlos Domínguez Cáceres,24.0,2001-02-11,Vigo,Spain,187,81,https://media.api-sports.io/football/players/286559.png,Celta Vigo,La Liga,Defender,435,6.87,3.86,3.94,3.99,9.13,3.88,7.72,7.55,2.91,3.25,5.5,4.52,1.68,2.09,3.68,https://media.api-sports.io/football/teams/538.png,https://media.api-sports.io/football/leagues/140.png,0.0,0.0
320517,Pablo Durán Fernández,24.0,2001-05-25,Tomiño,Spain,176,72,https://media.api-sports.io/football/players/320517.png,Celta Vigo,La Liga,Attacker,654,6.71,3.95,6.8,3.37,4.83,2.24,6.45,3.3,6.6,1.87,3.44,3.81,3.95,3.47,4.86,https://media.api-sports.io/football/teams/538.png,https://media.api-sports.io/football/leagues/140.png,0.27522935779816515,0.0
329720,Hugo Álvarez Antúnez,22.0,2003-07-02,Ourense,Spain,176,72,https://media.api-sports.io/football/players/329720.png,Celta Vigo,La Liga,Midfielder,351,6.76,2.4,9.05,3.3,6.16,8.68,5.16,2.18,5.38,1.74,3.15,6.28,4.82,6.28,4.79,https://media.api-sports.io/football/teams/538.png,https://media.api-sports.io/football/leagues/140.png,0.25641025641025644,0.0
333502,Miguel Román González,23.0,2002-12-26,Vigo,Spain,178,70,https://media.api-sports.io/football/players/333502.png,Celta Vigo,La Liga,Midfielder,461,6.81,5.94,8.63,3.3,7.75,5.84,7.27,8.9,5.57,3.11,2.2,4.38,2.64,2.98,1.03,https://media.api-sports.io/football/teams/538.png,https://media.api-sports.io/football/leagues/140.png,0.19522776572668113,0.0
343205,Mario Martín Rielves,21.0,2004-03-05,Sonseca,Spain,178,74,https://media.api-sports.io/football/players/343205.png,Getafe,La Liga,Midfielder,1001,6.53,3.77,8.46,3.3,1.78,2.08,5.98,4.72,2.54,9.39,8.39,6.31,6.04,5.89,0.93,https://media.api-sports.io/football/teams/546.png,https://media.api-sports.io/football/leagues/140.png,0.1798201798201798,0.0
394573,Adrian Liso Lahoz,20.0,2005-04-02,Zaragoza,Spain,182,70,https://media.api-sports.io/football/players/394573.png,Getafe,La Liga,Attacker,1058,6.62,3.1,6.6,3.37,1.56,2.35,5.75,6.84,4.93,7.14,5.2,4.8,4.46,6.87,3.1,https://media.api-sports.io/football/teams/546.png,https://media.api-sports.io/football/leagues/140.png,0.2551984877126654,0.0
439617,Ismael Bekhoucha Lemlal,21.0,2004-11-20,Madrid,Morocco,176,69,https://media.api-sports.io/football/players/439617.png,Getafe,La Liga,Defender,108,6.95,1.41,3.94,10.0,0.26,7.93,9.86,1.25,8.65,9.9,9.78,9.33,9.52,9.64,0.22,https://media.api-sports.io/football/teams/546.png,https://media.api-sports.io/football/leagues/140.png,0.0,0.8333333333333333
471478,David Cordón Mancha,18.0,2007-10-16,Huelva,Spain,182,,https://media.api-sports.io/football/players/471478.png,Getafe,La Liga,Defender,429,6.44,6.54,3.94,3.99,1.71,5.89,8.92,3.25,2.98,8.92,8.05,9.45,9.54,2.14,0.5,https://media.api-sports.io/football/teams/546.png,https://media.api-sports.io/football/leagues/140.png,0.0,0.0
11346,Matías Ezequiel Dituro Curto,38.0,1987-05-08,Bigand,Argentina,191,86,https://media.api-sports.io/football/players/11346.png,Elche,La Liga,Goalkeeper,540,7.45,5.0,5.06,4.94,10.0,9.94,4.1,5.06,4.49,7.56,6.86,4.17,4.23,8.78,5.77,https://media.api-sports.io/football/teams/797.png,https://media.api-sports.io/football/leagues/140.png,0.0,0.0
46711,Aleix Febas Pérez,29.0,1996-02-02,Lleida,Spain,171,61,https://media.api-sports.io/football/players/46711.png,Elche,La Liga,Midfielder,1440,7.19,4.4,6.85,3.3,9.24,4.99,6.89,2.18,3.9,7.14,8.63,7.78,8.83,9.54,7.33,https://media.api-sports.io/football/teams/797.png,https://media.api-sports.io/football/leagues/140.png,0.0625,0.0
46771,Jairo Izquierdo González,32.0,1993-10-22,Santa Cruz de Tenerife,Spain,165,64,https://media.api-sports.io/football/players/46771.png,Elche,La Liga,Defender,25,6.7,1.41,3.94,3.99,5.91,1.39,0.48,1.25,0.75,0.44,0.25,1.19,1.68,0.84,9.48,https://media.api-sports.io/football/teams/797.png,https://media.api-sports.io/football/leagues/140.png,0.0,0.0
47306,Alejandro Sola López-Ocaña,26.0,1999-06-09,San Sebastián,Spain,178,75,https://media.api-sports.io/football/players/47306.png,Getafe,La Liga,Midfielder,12,6.7,0.92,3.41,3.3,0.09,0.84,0.48,2.18,1.06,9.9,9.88,9.96,1.11,9.98,9.44,https://media.api-sports.io/football/teams/546.png,https://media.api-sports.io/football/leagues/140.png,0.0,0.0
47378,Pedro Bigas Rigo,35.0,1990-05-15,Palma de Mallorca,Spain,181,83,https://media.api-sports.io/football/players/47378.png,Elche,La Liga,Defender,993,6.9,3.56,3.94,8.56,9.33,4.74,6.25,7.43,7.93,3.1,4.28,2.98,1.68,6.75,6.44,https://media.api-sports.io/football/teams/797.png,https://media.api-sports.io/football/leagues/140.png,0.0,0.09063444108761329
126640,David Affengruber,24.0,2001-03-19,Scheibbs,Austria,185,79,https://media.api-sports.io/football/players/126640.png,Elche,La Liga,Defender,1291,6.92,3.92,3.94,3.99,8.85,3.99,7.36,6.66,8.44,4.83,6.71,2.81,4.16,7.4,4.93,https://media.api-sports.io/football/teams/797.png,https://media.api-sports.io/football/leagues/140.png,0.0,0.0
157146,Léo Pétrot,28.0,1997-04-15,Firminy,France,188,80,https://media.api-sports.io/football/players/157146.png,Elche,La Liga,Defender,509,6.51,3.51,3.94,3.99,7.16,5.43,7.74,3.05,3.35,4.16,4.76,5.35,6.17,1.9,3.7,https://media.api-sports.io/football/teams/797.png,https://media.api-sports.io/football/leagues/140.png,0.0,0.0
161963,Germán Valera Karabinaite,23.0,2002-03-16,Murcia,Spain,170,68,https://media.api-sports.io/football/players/161963.png,Elche,La Liga,Attacker,1092,7.03,1.85,5.82,7.76,9.29,6.94,8.96,7.93,7.33,3.44,7.3,5.92,6.7,8.5,7.21,https://media.api-sports.io/football/teams/797.png,https://media.api-sports.io/football/leagues/140.png,0.16483516483516483,0.16483516483516483
182661,Álvaro Núñez Cobo,25.0,2000-07-07,Bilbao,Spain,174,60,https://media.api-sports.io/football/players/182661.png,Elche,La Liga,Defender,1409,6.94,2.86,3.94,9.06,7.79,8.25,3.68,4.47,5.22,2.57,2.79,7.93,8.63,6.56,7.91,https://media.api-sports.io/football/teams/797.png,https://media.api-sports.io/football/leagues/140.png,0.0,0.127750177430802
187318,Marc Aguado Pallares,25.0,2000-02-22,Zaragoza,Spain,178,68,https://media.api-sports.io/football/players/187318.png,Elche,La Liga,Midfielder,1010,6.81,0.92,3.41,3.3,8.51,1.71,4.11,9.51,9.44,0.37,1.47,0.53,1.11,5.84,7.46,https://media.api-sports.io/football/teams/797.png,https://media.api-sports.io/football/leagues/140.png,0.0,0.0
309364,Coba Gomes da Costa,23.0,2002-07-26,La Mojonera,Spain,182,73,https://media.api-sports.io/football/players/309364.png,Getafe,La Liga,Attacker,324,6.64,3.4,2.6,3.37,8.44,5.9,9.25,3.3,5.54,9.25,9.59,9.25,9.29,2.99,3.4,https://media.api-sports.io/football/teams/546.png,https://media.api-sports.io/football/leagues/140.png,0.0,0.0
341371,Rodrigo Mendoza Martinez Moya,20.0,2005-03-15,,Spain,182,72,https://media.api-sports.io/football/players/341371.png,Elche,La Liga,Attacker,646,6.61,2.21,5.58,3.37,9.52,6.39,6.53,3.3,6.63,5.0,4.78,6.6,7.79,6.36,3.37,https://media.api-sports.io/football/teams/797.png,https://media.api-sports.io/football/leagues/140.png,0.1393188854489164,0.0
343202,Álvaro Daniel Rodríguez Muñoz,21.0,2004-07-14,Palamós,Uruguay,192,81,https://media.api-sports.io/football/players/343202.png,Elche,La Liga,Attacker,671,6.81,9.08,6.7,8.64,5.51,7.65,2.14,3.3,4.56,8.03,8.67,7.89,8.64,7.48,5.02,https://media.api-sports.io/football/teams/797.png,https://media.api-sports.io/football/leagues/140.png,0.26825633383010433,0.26825633383010433
448243,Ali Houary Jeddoub,20.0,2005-08-05,Orihuela,Morocco,178,74,https://media.api-sports.io/football/players/448243.png,Elche,La Liga,Midfielder,125,6.4,5.48,3.41,3.3,5.53,0.84,8.36,2.18,5.12,9.02,5.72,7.31,6.06,6.82,0.34,https://media.api-sports.io/football/teams/797.png,https://media.api-sports.io/football/leagues/140.png,0.0,0.0
1439,Héctor Bellerín Moruno,30.0,1995-03-19,Barcelona,Spain,178,74,https://media.api-sports.io/football/players/1439.png,Real Betis,La Liga,Defender,1013,6.72,4.47,3.94,9.35,6.27,9.4,3.0,2.55,2.93,1.51,1.27,6.13,6.85,1.71,6.59,https://media.api-sports.io/football/teams/543.png,https://media.api-sports.io/football/leagues/140.png,0.0,0.17769002961500494
1561,Marc Bartra Aregall,34.0,1991-01-15,Sant Jaume dels Domenys,Spain,184,70,https://media.api-sports.io/football/players/1561.png,Real Betis,La Liga,Defender,915,7.05,6.23,8.73,3.99,7.04,3.03,9.09,8.2,8.0,6.42,7.43,3.1,3.73,5.07,7.84,https://media.api-sports.io/football/teams/543.png,https://media.api-sports.io/football/leagues/140.png,0.09836065573770492,0.0
8746,Bambo Diaby Diaby,28.0,1997-12-17,Mataró,Spain,186,81,https://media.api-sports.io/football/players/8746.png,Elche,La Liga,Defender,56,6.45,1.41,3.94,3.99,5.87,1.39,0.48,1.25,0.75,4.63,5.69,1.19,1.68,9.83,2.12,https://media.api-sports.io/football/teams/797.png,https://media.api-sports.io/football/leagues/140.png,0.0,0.0
47119,Aitor Ruibal García,29.0,1996-03-22,Sallent de Llobregat,Spain,176,74,https://media.api-sports.io/football/players/47119.png,Real Betis,La Liga,Midfielder,548,6.76,8.07,8.31,3.3,3.18,8.34,5.88,5.44,5.77,5.11,3.77,4.91,4.67,5.71,6.45,https://media.api-sports.io/football/teams/543.png,https://media.api-sports.io/football/leagues/140.png,0.16423357664233576,0.0
119223,Mourad Daoudi El Ghezouani,27.0,1998-05-27,Balsapintada,Spain,189,85,https://media.api-sports.io/football/players/119223.png,Elche,La Liga,Attacker,50,6.65,0.8,2.6,3.37,6.97,8.44,9.9,3.3,2.21,7.59,9.76,0.65,1.09,6.65,3.81,https://media.api-sports.io/football/teams/797.png,https://media.api-sports.io/football/leagues/140.png,0.0,0.0
162058,Víctor Chust García,25.0,2000-03-05,Valencia,Spain,182,77,https://media.api-sports.io/football/players/162058.png,Elche,La Liga,Defender,867,6.95,5.14,3.94,3.99,8.68,3.92,8.29,7.57,2.96,3.99,5.84,3.85,4.81,5.26,2.22,https://media.api-sports.io/football/teams/797.png,https://media.api-sports.io/football/leagues/140.png,0.0,0.0
189866,John Chetauya Nwankwo Donald Okeh,25.0,2000-09-25,Murcia,Spain,182,78,https://media.api-sports.io/football/players/189866.png,Elche,La Liga,Defender,220,6.63,9.47,9.81,3.99,6.08,1.39,9.3,4.71,4.04,9.45,8.87,9.0,8.51,8.82,0.58,https://media.api-sports.io/football/teams/797.png,https://media.api-sports.io/football/leagues/140.png,0.40909090909090906,0.0
195100,Natan Bernardo de Souza,24.0,2001-02-06,Itapecerica da Serra,Brazil,188,92,https://media.api-sports.io/football/players/195100.png,Real Betis,La Liga,Defender,1320,6.77,6.47,3.94,3.99,6.25,4.76,1.37,5.14,6.15,4.04,4.38,3.25,4.11,3.98,7.26,https://media.api-sports.io/football/teams/543.png,https://media.api-sports.io/football/leagues/140.png,0.0,0.0
271580,Martim Carvalho Neto,22.0,2003-01-14,Viana do Castelo,Portugal,185,82,https://media.api-sports.io/football/players/271580.png,Elche,La Liga,Midfielder,622,6.7,6.89,3.41,9.77,7.48,7.78,2.22,5.21,1.06,4.96,3.96,8.46,9.34,2.93,2.86,https://media.api-sports.io/football/teams/797.png,https://media.api-sports.io/football/leagues/140.png,0.0,0.4340836012861737
286084,Sergi Altimira Clavell,24.0,2001-08-25,Cardedeu,Spain,188,80,https://media.api-sports.io/football/players/286084.png,Real Betis,La Liga,Midfielder,522,7.12,3.01,8.42,8.34,8.83,4.23,9.39,8.63,9.63,6.04,8.53,2.15,3.64,6.04,6.22,https://media.api-sports.io/football/teams/543.png,https://media.api-sports.io/football/leagues/140.png,0.17241379310344826,0.17241379310344826
311345,Federico Redondo Solari,22.0,2003-01-18,Madrid,Argentina,188,78,https://media.api-sports.io/football/players/311345.png,Elche,La Liga,Midfielder,48,6.58,0.92,3.41,3.3,6.77,0.84,0.48,2.18,9.93,0.59,2.95,0.53,1.11,7.95,2.4,https://media.api-sports.io/football/teams/797.png,https://media.api-sports.io/football/leagues/140.png,0.0,0.0
46799,Eduardo Expósito Jaén,29.0,1996-08-01,Barcelona,Spain,178,68,https://media.api-sports.io/football/players/46799.png,Espanyol,La Liga,Midfielder,1048,7.23,6.38,3.41,9.73,5.48,9.8,3.84,4.62,4.94,3.81,5.06,5.48,7.43,7.02,7.6,https://media.api-sports.io/football/teams/540.png,https://media.api-sports.io/football/leagues/140.png,0.0,0.42938931297709926
46990,Álvaro Vallés Rosa,28.0,1997-07-25,La Rinconada,Spain,190,78,https://media.api-sports.io/football/players/46990.png,Real Betis,La Liga,Goalkeeper,720,6.74,5.0,5.06,4.94,4.17,3.85,4.1,5.06,4.49,8.21,6.15,9.62,9.62,2.24,5.77,https://media.api-sports.io/football/teams/543.png,https://media.api-sports.io/football/leagues/140.png,0.0,0.0
47249,Leandro Daniel Cabrera Sasía,34.0,1991-06-17,Montevideo,Uruguay,190,80,https://media.api-sports.io/football/players/47249.png,Espanyol,La Liga,Defender,1350,7.06,8.94,8.92,3.99,4.62,5.24,1.49,6.86,4.33,4.28,4.69,2.74,4.01,3.05,6.54,https://media.api-sports.io/football/teams/540.png,https://media.api-sports.io/football/leagues/140.png,0.13333333333333333,0.0
47349,Javier Puado Díaz,27.0,1998-05-25,Barcelona,Spain,177,69,https://media.api-sports.io/football/players/47349.png,Espanyol,La Liga,Midfielder,666,6.56,9.44,9.17,3.3,1.93,7.41,1.27,5.13,3.33,1.52,0.78,5.89,4.94,4.03,5.06,https://media.api-sports.io/football/teams/540.png,https://media.api-sports.io/football/leagues/140.png,0.2702702702702703,0.0
47478,Fernando Calero Villa,30.0,1995-09-14,Boecillo,Spain,183,71,https://media.api-sports.io/football/players/47478.png,Espanyol,La Liga,Defender,927,7.01,7.16,3.94,3.99,7.64,3.0,3.73,9.83,6.23,1.85,1.68,3.75,3.7,2.0,8.58,https://media.api-sports.io/football/teams/540.png,https://media.api-sports.io/football/leagues/140.png,0.0,0.0
47579,Luis Ezequiel Ávila,31.0,1994-02-06,Rosario,Argentina,172,81,https://media.api-sports.io/football/players/47579.png,Real Betis,La Liga,Attacker,53,6.5,0.8,2.6,3.37,5.92,1.12,1.05,3.3,2.21,1.43,5.15,0.65,1.09,6.39,0.99,https://media.api-sports.io/football/teams/543.png,https://media.api-sports.io/football/leagues/140.png,0.0,0.0
127426,Pol Lozano Vizuete,26.0,1999-10-06,Sant Quirze del Vallès,Spain,177,62,https://media.api-sports.io/football/players/127426.png,Espanyol,La Liga,Midfielder,1101,6.63,2.32,7.33,3.3,5.06,3.62,3.25,4.55,6.38,3.77,1.54,1.49,1.11,5.28,0.73,https://media.api-sports.io/football/teams/540.png,https://media.api-sports.io/football/leagues/140.png,0.08174386920980926,0.0
182674,Jofre Carreras Pagès,24.0,2001-06-17,Girona,Spain,175,68,https://media.api-sports.io/football/players/182674.png,Espanyol,La Liga,Midfielder,315,6.62,2.56,3.41,3.3,0.46,5.16,3.75,2.18,4.3,7.56,7.46,8.31,7.73,9.34,2.98,https://media.api-sports.io/football/teams/540.png,https://media.api-sports.io/football/leagues/140.png,0.0,0.0
334574,Ángel Ortiz Monterrey,21.0,2004-07-25,,Spain,167,60,https://media.api-sports.io/football/players/334574.png,Real Betis,La Liga,Attacker,119,6.57,0.8,2.6,3.37,8.03,1.12,9.8,3.3,9.73,4.18,6.77,3.78,7.69,2.86,4.9,https://media.api-sports.io/football/teams/543.png,https://media.api-sports.io/football/leagues/140.png,0.0,0.0
355004,Diego Valentín Gómez,22.0,2003-06-26,San Miguel,Argentina,180,76,https://media.api-sports.io/football/players/355004.png,Real Betis,La Liga,Defender,813,6.87,9.04,8.82,3.99,5.31,6.03,8.41,5.72,5.87,8.17,8.39,6.29,8.03,4.01,2.67,https://media.api-sports.io/football/teams/543.png,https://media.api-sports.io/football/leagues/140.png,0.11070110701107011,0.0
443163,Pablo García Fernández,19.0,2006-08-15,Sevilla,Spain,175,67,https://media.api-sports.io/football/players/443163.png,Real Betis,La Liga,Attacker,285,6.49,8.74,2.6,3.37,5.41,3.44,9.56,3.3,8.96,6.5,7.72,8.91,7.96,8.27,4.66,https://media.api-sports.io/football/teams/543.png,https://media.api-sports.io/football/leagues/140.png,0.0,0.0
47256,Miguel Ángel Rubio Lestan,27.0,1998-03-11,Leganés,Spain,191,86,https://media.api-sports.io/football/players/47256.png,Espanyol,La Liga,Defender,148,7,7.91,9.88,3.99,1.73,1.39,0.48,9.93,0.75,1.18,4.25,5.77,7.88,4.47,9.48,https://media.api-sports.io/football/teams/540.png,https://media.api-sports.io/football/leagues/140.png,0.6081081081081081,0.0
47396,Enrique García Martínez,36.0,1989-11-25,Motilla del Palancar,Spain,186,79,https://media.api-sports.io/football/players/47396.png,Espanyol,La Liga,Attacker,631,6.68,8.61,8.1,3.37,4.63,7.14,4.9,7.55,5.68,8.3,8.4,4.29,4.63,7.45,2.79,https://media.api-sports.io/football/teams/540.png,https://media.api-sports.io/football/leagues/140.png,0.42789223454833597,0.0
47398,Pere Milla Peña,33.0,1992-09-23,Lleida,Spain,184,72,https://media.api-sports.io/football/players/47398.png,Espanyol,La Liga,Midfielder,1017,6.96,9.88,9.58,3.3,1.49,8.78,5.77,6.65,6.28,5.55,6.16,3.35,4.35,7.19,7.48,https://media.api-sports.io/football/teams/540.png,https://media.api-sports.io/football/leagues/140.png,0.44247787610619466,0.0
162012,Matteo Ruggeri,23.0,2002-07-11,San Giovanni Bianco,Italy,187,69,https://media.api-sports.io/football/players/162012.png,Atletico Madrid,La Liga,Defender,639,6.75,4.77,3.94,3.99,6.03,7.45,9.21,2.88,4.23,7.02,6.54,8.25,5.55,1.8,2.74,https://media.api-sports.io/football/teams/530.png,https://media.api-sports.io/football/leagues/140.png,0.0,0.0
184407,José Salinas Morán,25.0,2000-09-30,,Spain,179,69,https://media.api-sports.io/football/players/184407.png,Espanyol,La Liga,Defender,142,6.72,1.41,3.94,3.99,4.23,9.66,3.39,6.25,0.75,6.63,6.18,7.52,9.25,9.25,0.34,https://media.api-sports.io/football/teams/540.png,https://media.api-sports.io/football/leagues/140.png,0.0,0.0
199824,Rubén Sánchez Sáez,24.0,2001-02-04,Barcelona,Spain,185,73,https://media.api-sports.io/football/players/199824.png,Espanyol,La Liga,Defender,337,6.81,4.5,3.94,3.99,4.13,6.54,2.74,8.56,8.41,8.34,8.85,9.59,9.9,8.75,8.05,https://media.api-sports.io/football/teams/540.png,https://media.api-sports.io/football/leagues/140.png,0.0,0.0
273732,Tyrhys Dolan,24.0,2001-12-28,,England,170,,https://media.api-sports.io/football/players/273732.png,Espanyol,La Liga,Attacker,1071,6.71,2.79,2.6,7.79,4.73,6.46,8.54,3.3,6.7,4.83,6.16,7.21,6.87,6.73,4.08,https://media.api-sports.io/football/teams/540.png,https://media.api-sports.io/football/leagues/140.png,0.0,0.16806722689075632
297742,Antoniu Roca Vives,23.0,2002-05-09,Martorell,Spain,180,65,https://media.api-sports.io/football/players/297742.png,Espanyol,La Liga,Attacker,99,6.43,0.8,2.6,3.37,6.22,8.47,9.76,3.3,2.21,8.13,9.29,8.74,9.2,8.55,0.82,https://media.api-sports.io/football/teams/540.png,https://media.api-sports.io/football/leagues/140.png,0.0,0.0
312990,Roberto Fernández Jaén,23.0,2002-07-03,Puente Genil,Spain,186,78,https://media.api-sports.io/football/players/312990.png,Espanyol,La Liga,Attacker,1126,6.73,5.92,7.21,7.65,1.26,5.03,2.45,7.72,5.41,5.48,4.56,2.07,2.18,7.21,4.56,https://media.api-sports.io/football/teams/540.png,https://media.api-sports.io/football/leagues/140.png,0.3197158081705151,0.15985790408525755
158,Paulo Dino Gazzaniga Farias,33.0,1992-01-02,Murphy,Argentina,195,90,https://media.api-sports.io/football/players/158.png,Girona,La Liga,Goalkeeper,1303,7.03,5.0,5.06,4.94,6.41,3.85,4.1,5.06,4.49,2.82,1.79,9.1,4.23,6.15,0.9,https://media.api-sports.io/football/teams/547.png,https://media.api-sports.io/football/leagues/140.png,0.0,0.0
47334,David López Silva,36.0,1989-10-09,Barcelona,Spain,185,81,https://media.api-sports.io/football/players/47334.png,Girona,La Liga,Defender,202,6.53,6.8,3.94,3.99,9.66,1.39,1.83,4.98,0.75,0.53,1.2,4.83,6.88,0.84,8.33,https://media.api-sports.io/football/teams/547.png,https://media.api-sports.io/football/leagues/140.png,0.0,0.0
47566,Javier Galán Gil,31.0,1994-11-19,Badajoz,Spain,170,70,https://media.api-sports.io/football/players/47566.png,Atletico Madrid,La Liga,Defender,147,6.52,1.41,3.94,3.99,2.45,9.01,3.22,1.25,2.88,8.56,8.12,9.3,9.23,9.15,3.73,https://media.api-sports.io/football/teams/530.png,https://media.api-sports.io/football/leagues/140.png,0.0,0.0
283668,Arnau Martínez López,22.0,2003-04-25,Barcelona,Spain,182,72,https://media.api-sports.io/football/players/283668.png,Girona,La Liga,Defender,955,6.81,7.07,8.7,8.61,7.09,4.83,8.61,5.12,8.73,6.85,8.03,6.8,7.67,8.34,7.5,https://media.api-sports.io/football/teams/547.png,https://media.api-sports.io/football/leagues/140.png,0.0942408376963351,0.0942408376963351
295793,Marc Pubill Pagès,22.0,2003-06-20,Terrassa,Spain,190,86,https://media.api-sports.io/football/players/295793.png,Atletico Madrid,La Liga,Defender,294,7.28,5.1,3.94,9.74,7.72,7.04,5.89,9.66,9.64,8.27,9.66,3.8,1.68,7.76,5.76,https://media.api-sports.io/football/teams/530.png,https://media.api-sports.io/football/leagues/140.png,0.0,0.30612244897959184
1700,Iván Martín Núñez,26.0,1999-02-14,Bilbao,Spain,178,70,https://media.api-sports.io/football/players/1700.png,Girona,La Liga,Midfielder,1131,6.91,2.3,3.41,6.94,8.31,4.87,7.19,4.5,4.6,5.26,6.89,6.19,7.11,6.94,4.87,https://media.api-sports.io/football/teams/547.png,https://media.api-sports.io/football/leagues/140.png,0.0,0.07957559681697612
11379,Augusto Martín Batalla Barga,29.0,1996-04-30,Buenos Aires,Argentina,186,87,https://media.api-sports.io/football/players/11379.png,Rayo Vallecano,La Liga,Goalkeeper,1350,7.13,5.0,5.06,4.94,6.54,8.53,8.46,5.06,4.49,6.41,6.86,8.85,8.97,7.12,5.77,https://media.api-sports.io/football/teams/728.png,https://media.api-sports.io/football/leagues/140.png,0.0,0.0
18895,Florian Grégoire Claude Lejeune,34.0,1991-05-20,Paris,France,189,89,https://media.api-sports.io/football/players/18895.png,Rayo Vallecano,La Liga,Defender,1341,6.87,9.28,3.94,3.99,8.41,6.25,5.79,6.92,5.1,3.27,2.57,3.22,4.04,1.78,1.9,https://media.api-sports.io/football/teams/728.png,https://media.api-sports.io/football/leagues/140.png,0.0,0.0
47520,Cristian Portugués Manzanera,33.0,1992-05-21,Murcia,Spain,167,66,https://media.api-sports.io/football/players/47520.png,Girona,La Liga,Attacker,473,6.56,3.61,2.6,3.37,1.63,3.23,4.66,8.06,6.43,0.88,0.99,1.53,1.09,2.89,6.26,https://media.api-sports.io/football/teams/547.png,https://media.api-sports.io/football/leagues/140.png,0.0,0.0
162434,Alejandro Francés Torrijo,23.0,2002-08-01,Zaragoza,Spain,181,70,https://media.api-sports.io/football/players/162434.png,Girona,La Liga,Defender,349,6.59,7.38,3.94,3.99,6.8,7.72,2.56,3.56,5.34,2.0,2.02,5.29,5.24,7.06,3.32,https://media.api-sports.io/football/teams/547.png,https://media.api-sports.io/football/leagues/140.png,0.0,0.0
306727,Jhon Elmer Solis Romero,21.0,2004-10-03,Guacarí,Colombia,189,80,https://media.api-sports.io/football/players/306727.png,Girona,La Liga,Midfielder,365,6.44,5.6,3.41,3.3,5.35,2.0,1.15,6.44,5.23,4.35,2.47,7.89,6.2,7.53,8.58,https://media.api-sports.io/football/teams/547.png,https://media.api-sports.io/football/leagues/140.png,0.0,0.0
339105,Joel Roca Casals,20.0,2005-06-07,Camprodon,Spain,176,72,https://media.api-sports.io/football/players/339105.png,Girona,La Liga,Midfielder,706,6.65,8.34,7.95,3.3,0.76,5.31,3.08,4.91,2.15,9.07,8.9,9.73,9.66,9.41,6.92,https://media.api-sports.io/football/teams/547.png,https://media.api-sports.io/football/leagues/140.png,0.1274787535410765,0.0
414359,Vitor de Oliveira Nunes dos Reis,19.0,2006-01-12,São José dos Campos,Brazil,186,67,https://media.api-sports.io/football/players/414359.png,Girona,La Liga,Defender,1248,6.83,3.27,3.94,3.99,7.74,4.06,2.4,9.78,4.3,4.71,5.89,2.86,3.61,4.3,6.66,https://media.api-sports.io/football/teams/547.png,https://media.api-sports.io/football/leagues/140.png,0.0,0.0
432476,Vladyslav Krapyvtsov,20.0,2005-06-25,Kharkiv,Ukraine,188,70,https://media.api-sports.io/football/players/432476.png,Girona,La Liga,Goalkeeper,135,7.2,5.0,5.06,4.94,1.54,3.85,4.1,5.06,4.49,6.03,6.86,4.17,4.23,9.87,5.77,https://media.api-sports.io/football/teams/547.png,https://media.api-sports.io/football/leagues/140.png,0.0,0.0
52,Sergio Camello Pérez,24.0,2001-02-10,Madrid,Spain,177,69,https://media.api-sports.io/football/players/52.png,Rayo Vallecano,La Liga,Attacker,262,6.3,6.16,2.6,3.37,5.58,5.48,2.59,3.3,6.16,3.78,3.71,6.97,7.36,6.46,6.8,https://media.api-sports.io/football/teams/728.png,https://media.api-sports.io/football/leagues/140.png,0.0,0.0
46759,Luis Alfonso Espino García,33.0,1992-01-05,San Jacinto,Uruguay,172,71,https://media.api-sports.io/football/players/46759.png,Rayo Vallecano,La Liga,Defender,212,6.74,8.92,9.83,3.99,6.44,9.09,3.44,1.25,2.04,9.23,5.29,9.35,8.56,5.99,0.72,https://media.api-sports.io/football/teams/728.png,https://media.api-sports.io/football/leagues/140.png,0.4245283018867924,0.0
46887,Pedro Díaz Fanjul,27.0,1998-06-05,Siero,Spain,180,75,https://media.api-sports.io/football/players/46887.png,Rayo Vallecano,La Liga,Midfielder,774,6.5,7.95,3.41,3.3,4.72,6.19,4.84,2.18,2.35,1.96,1.76,4.33,5.13,1.96,7.31,https://media.api-sports.io/football/teams/728.png,https://media.api-sports.io/football/leagues/140.png,0.0,0.0
47109,Óscar Valentín Martín Luengo,31.0,1994-08-20,Navalmoral de la Mata,Spain,177,72,https://media.api-sports.io/football/players/47109.png,Rayo Vallecano,La Liga,Midfielder,840,6.85,3.59,3.41,3.3,5.7,1.76,8.97,8.73,7.63,5.44,5.53,1.47,1.11,3.28,3.4,https://media.api-sports.io/football/teams/728.png,https://media.api-sports.io/football/leagues/140.png,0.0,0.0
47285,Unai López Cabrera,30.0,1995-10-30,Errenteria,Spain,170,68,https://media.api-sports.io/football/players/47285.png,Rayo Vallecano,La Liga,Midfielder,882,6.84,5.43,3.41,8.68,9.36,8.53,5.48,5.99,7.41,2.42,2.79,3.5,6.01,3.15,2.2,https://media.api-sports.io/football/teams/728.png,https://media.api-sports.io/football/leagues/140.png,0.0,0.20408163265306123
47414,Gerard Gumbau Garriga,31.0,1994-12-18,Campllong,Spain,187,77,https://media.api-sports.io/football/players/47414.png,Rayo Vallecano,La Liga,Midfielder,244,6.53,7.31,3.41,9.56,5.33,7.87,5.53,7.68,3.12,8.02,4.38,6.41,8.61,2.02,0.32,https://media.api-sports.io/football/teams/728.png,https://media.api-sports.io/football/leagues/140.png,0.0,0.36885245901639346
47543,Álvaro García Rivera,33.0,1992-10-27,Utrera,Spain,167,61,https://media.api-sports.io/football/players/47543.png,Rayo Vallecano,La Liga,Midfielder,982,6.72,8.8,9.22,7.2,1.52,6.77,2.42,5.72,4.13,0.64,0.76,2.57,2.59,2.42,6.33,https://media.api-sports.io/football/teams/728.png,https://media.api-sports.io/football/leagues/140.png,0.27494908350305497,0.09164969450101833
47557,Óscar Guido Trejo,37.0,1988-04-26,Santiago del Estero,Argentina,180,79,https://media.api-sports.io/football/players/47557.png,Rayo Vallecano,La Liga,Midfielder,40,6.63,9.63,3.41,3.3,9.95,9.9,7.03,2.18,1.06,9.0,8.41,7.51,1.11,9.78,1.6,https://media.api-sports.io/football/teams/728.png,https://media.api-sports.io/football/leagues/140.png,0.0,0.0
131546,Isaac Palazón Camacho,31.0,1994-12-27,Cieza,Spain,169,71,https://media.api-sports.io/football/players/131546.png,Rayo Vallecano,La Liga,Midfielder,1012,6.58,8.12,7.51,8.36,3.52,7.31,1.05,7.53,1.06,5.16,3.91,6.93,6.77,8.66,3.89,https://media.api-sports.io/football/teams/728.png,https://media.api-sports.io/football/leagues/140.png,0.08893280632411067,0.17786561264822134
162931,Francisco Pérez Martínez,23.0,2002-09-09,Valencia,Spain,175,68,https://media.api-sports.io/football/players/162931.png,Rayo Vallecano,La Liga,Midfielder,530,6.65,7.58,8.39,3.3,1.3,7.48,2.67,2.18,2.98,3.59,2.38,6.43,7.36,4.99,7.16,https://media.api-sports.io/football/teams/728.png,https://media.api-sports.io/football/leagues/140.png,0.16981132075471697,0.0
179139,Leonardo Román Riquelme,25.0,2000-07-06,Ibiza,Spain,189,83,https://media.api-sports.io/football/players/179139.png,Mallorca,La Liga,Goalkeeper,990,7.02,5.0,5.06,4.94,3.97,3.85,4.1,5.06,9.42,1.41,2.12,4.17,4.23,5.0,5.77,https://media.api-sports.io/football/teams/798.png,https://media.api-sports.io/football/leagues/140.png,0.0,0.0
181734,Josep María Chavarría Pérez,27.0,1998-04-10,Figueres,Spain,174,72,https://media.api-sports.io/football/players/181734.png,Rayo Vallecano,La Liga,Defender,1282,7,5.7,8.08,9.18,5.96,8.29,6.83,6.71,5.91,6.08,6.61,8.22,8.44,8.61,3.12,https://media.api-sports.io/football/teams/728.png,https://media.api-sports.io/football/leagues/140.png,0.07020280811232449,0.14040561622464898
314006,Jozhua Vertrouwd,21.0,2004-08-21,Amsterdam,Netherlands,188,73,https://media.api-sports.io/football/players/314006.png,Rayo Vallecano,La Liga,Defender,189,6.43,7.12,3.94,3.99,6.73,8.22,2.12,9.53,7.72,0.62,0.79,1.19,1.68,6.49,5.53,https://media.api-sports.io/football/teams/728.png,https://media.api-sports.io/football/leagues/140.png,0.0,0.0
333292,Pelayo Fernández Balboa,22.0,2003-04-29,Avilés,Spain,190,83,https://media.api-sports.io/football/players/333292.png,Rayo Vallecano,La Liga,Defender,45,6.5,9.86,3.94,3.99,9.41,1.39,6.59,1.25,0.75,9.78,9.52,1.19,1.68,0.84,1.18,https://media.api-sports.io/football/teams/728.png,https://media.api-sports.io/football/leagues/140.png,0.0,0.0
439633,Samuel Becerra Gómez,19.0,2006-06-01,,Spain,,,https://media.api-sports.io/football/players/439633.png,Rayo Vallecano,La Liga,Midfielder,11,6.6,0.92,3.41,3.3,9.93,9.95,0.48,2.18,1.06,2.9,0.26,0.53,1.11,0.76,0.15,https://media.api-sports.io/football/teams/728.png,https://media.api-sports.io/football/leagues/140.png,0.0,0.0
414,Omar Mascarell González,32.0,1993-02-02,Santa Cruz de Tenerife,Spain,181,76,https://media.api-sports.io/football/players/414.png,Mallorca,La Liga,Midfielder,639,7.01,1.98,8.07,7.97,4.69,4.4,5.43,9.66,8.0,1.56,3.69,1.78,3.08,4.18,6.41,https://media.api-sports.io/football/teams/798.png,https://media.api-sports.io/football/leagues/140.png,0.14084507042253522,0.14084507042253522
920,Antonio Latorre Grueso,28.0,1997-11-21,Valencia,Spain,171,64,https://media.api-sports.io/football/players/920.png,Mallorca,La Liga,Defender,167,6.6,1.41,3.94,3.99,2.55,8.56,4.95,5.6,5.7,1.59,1.23,5.38,7.48,0.84,9.48,https://media.api-sports.io/football/teams/798.png,https://media.api-sports.io/football/leagues/140.png,0.0,0.0
1701,Manuel Morlanes Ariño,26.0,1999-01-12,Zaragoza,Spain,178,75,https://media.api-sports.io/football/players/1701.png,Mallorca,La Liga,Midfielder,794,6.72,2.91,7.85,3.3,7.04,6.11,8.51,2.18,7.04,3.86,5.62,2.69,4.43,3.52,5.5,https://media.api-sports.io/football/teams/798.png,https://media.api-sports.io/football/leagues/140.png,0.11335012594458438,0.0
46733,Antonio José Raíllo Arenas,34.0,1991-10-08,Córdoba,Spain,187,80,https://media.api-sports.io/football/players/46733.png,Mallorca,La Liga,Defender,1440,6.86,7.67,3.94,3.99,6.51,4.52,2.3,9.15,3.94,4.33,5.64,1.19,1.68,4.15,4.72,https://media.api-sports.io/football/teams/798.png,https://media.api-sports.io/football/leagues/140.png,0.0,0.0
46742,Daniel José Rodríguez Vázquez,37.0,1988-06-06,Betanzos,Spain,178,71,https://media.api-sports.io/football/players/46742.png,Mallorca,La Liga,Midfielder,68,6.6,0.92,3.41,3.3,1.37,7.24,7.79,2.18,1.06,9.66,9.46,4.98,8.23,9.66,9.44,https://media.api-sports.io/football/teams/798.png,https://media.api-sports.io/football/leagues/140.png,0.0,0.0
47336,Sergi Darder Moll,32.0,1993-12-22,Artà,Spain,180,71,https://media.api-sports.io/football/players/47336.png,Mallorca,La Liga,Midfielder,1197,6.79,7.46,3.41,6.77,4.74,8.51,1.74,6.19,6.45,1.3,2.49,7.95,8.34,5.21,7.92,https://media.api-sports.io/football/teams/798.png,https://media.api-sports.io/football/leagues/140.png,0.0,0.07518796992481203
107194,Antonio Sánchez Navarro,28.0,1997-04-22,Palma de Mallorca,Spain,179,78,https://media.api-sports.io/football/players/107194.png,Mallorca,La Liga,Midfielder,444,6.48,4.84,3.41,3.3,2.69,3.86,1.69,5.97,6.94,4.3,1.39,4.57,5.33,4.96,1.66,https://media.api-sports.io/football/teams/798.png,https://media.api-sports.io/football/leagues/140.png,0.0,0.0
108519,Mateu Jaume Morey Bauzà,25.0,2000-03-02,Petra,Spain,173,67,https://media.api-sports.io/football/players/108519.png,Mallorca,La Liga,Defender,453,6.59,7.84,9.33,3.99,1.03,6.88,7.4,1.25,6.44,8.05,6.01,7.38,8.46,8.29,1.63,https://media.api-sports.io/football/teams/798.png,https://media.api-sports.io/football/leagues/140.png,0.1986754966887417,0.0
152955,Lucas Carl Edvard Bergström,23.0,2002-09-05,Pargas,Finland,205,82,https://media.api-sports.io/football/players/152955.png,Mallorca,La Liga,Goalkeeper,450,7.1,5.0,5.06,4.94,3.72,3.85,4.1,5.06,4.49,9.23,9.04,4.17,4.23,2.24,5.77,https://media.api-sports.io/football/teams/798.png,https://media.api-sports.io/football/leagues/140.png,0.0,0.0
285909,Pablo Torre Carral,22.0,2003-04-03,Santander,Spain,173,65,https://media.api-sports.io/football/players/285909.png,Mallorca,La Liga,Midfielder,641,6.57,4.38,3.41,9.22,6.5,8.95,1.3,6.81,3.48,5.6,2.76,3.72,4.25,8.9,1.64,https://media.api-sports.io/football/teams/798.png,https://media.api-sports.io/football/leagues/140.png,0.0,0.28081123244929795
293604,Javier Llabrés Exposito,23.0,2002-09-11,Binissalem,Spain,174,67,https://media.api-sports.io/football/players/293604.png,Mallorca,La Liga,Attacker,143,6.51,4.08,2.6,3.37,3.84,3.4,6.56,3.3,2.21,3.33,2.82,7.04,4.29,4.63,5.82,https://media.api-sports.io/football/teams/798.png,https://media.api-sports.io/football/leagues/140.png,0.0,0.0
313059,Mateo Joseph Fernández-Regatillo,22.0,2003-10-19,Santander,England,185,74,https://media.api-sports.io/football/players/313059.png,Mallorca,La Liga,Attacker,974,6.69,5.82,5.88,6.84,1.94,3.5,7.07,8.71,8.06,3.84,3.84,4.9,5.24,5.51,7.11,https://media.api-sports.io/football/teams/798.png,https://media.api-sports.io/football/leagues/140.png,0.18480492813141686,0.09240246406570843
335697,David López Guijarro,22.0,2003-02-03,Palma de Mallorca,Spain,195,87,https://media.api-sports.io/football/players/335697.png,Mallorca,La Liga,Defender,62,6.3,1.41,3.94,3.99,1.08,1.39,0.48,9.59,7.96,1.47,0.61,1.19,1.68,8.41,2.62,https://media.api-sports.io/football/teams/798.png,https://media.api-sports.io/football/leagues/140.png,0.0,0.0
411424,Miquel Jan Salas Franch,20.0,2005-08-27,Sabadell,Spain,182,67,https://media.api-sports.io/football/players/411424.png,Mallorca,La Liga,Midfielder,17,6.75,0.92,3.41,3.3,8.58,0.84,0.48,2.18,1.06,9.71,9.9,9.51,9.93,9.85,9.44,https://media.api-sports.io/football/teams/798.png,https://media.api-sports.io/football/leagues/140.png,0.0,0.0
46751,Abdón Roger Prats Bastidas,33.0,1992-12-07,Artá,Spain,181,81,https://media.api-sports.io/football/players/46751.png,Mallorca,La Liga,Attacker,79,6.46,3.57,2.6,3.37,2.24,9.22,1.05,3.3,2.21,4.97,2.24,2.89,6.62,4.18,2.26,https://media.api-sports.io/football/teams/798.png,https://media.api-sports.io/football/leagues/140.png,0.0,0.0
182718,Joan García Pons,24.0,2001-05-04,Sallent,Spain,193,85,https://media.api-sports.io/football/players/182718.png,Barcelona,La Liga,Goalkeeper,990,7.24,5.0,5.06,4.94,2.05,3.85,9.49,5.06,9.42,5.77,6.41,9.36,9.36,6.79,5.77,https://media.api-sports.io/football/teams/529.png,https://media.api-sports.io/football/leagues/140.png,0.0,0.0
482473,Marc Hidalgo Domenech,19.0,2006-12-01,,Spain,182,70,https://media.api-sports.io/football/players/482473.png,Mallorca,La Liga,Attacker,218,6.59,1.7,2.6,9.29,1.19,4.39,6.45,3.3,2.21,1.36,2.69,4.05,3.06,4.52,5.85,https://media.api-sports.io/football/teams/798.png,https://media.api-sports.io/football/leagues/140.png,0.0,0.41284403669724773
491250,Jofre Torrents Salvat,18.0,2007-01-28,La Selva del Camp,Spain,185,75,https://media.api-sports.io/football/players/491250.png,Barcelona,La Liga,Defender,47,6.5,1.41,3.94,3.99,9.04,1.39,9.54,1.25,0.75,9.66,7.62,8.82,1.68,0.84,9.48,https://media.api-sports.io/football/teams/529.png,https://media.api-sports.io/football/leagues/140.png,0.0,0.0
284300,Álvaro Fernández Carreras,22.0,2003-03-23,Ferrol,Spain,186,78,https://media.api-sports.io/football/players/284300.png,Real Madrid,La Liga,Defender,1341,7.07,4.52,7.96,8.15,9.18,8.77,4.21,3.22,8.27,5.91,5.41,8.37,8.08,8.49,7.74,https://media.api-sports.io/football/teams/541.png,https://media.api-sports.io/football/leagues/140.png,0.06711409395973154,0.06711409395973154
336711,Gonzalo García Torres,21.0,2004-03-24,Madrid,Spain,182,74,https://media.api-sports.io/football/players/336711.png,Real Madrid,La Liga,Attacker,195,6.52,6.73,2.6,3.37,6.19,6.87,8.2,3.3,7.07,2.41,8.16,2.35,3.37,3.3,9.39,https://media.api-sports.io/football/teams/541.png,https://media.api-sports.io/football/leagues/140.png,0.0,0.0
445973,Antonio Fernández Casino,17.0,2008-07-15,Rubí,Spain,174,73,https://media.api-sports.io/football/players/445973.png,Barcelona,La Liga,Attacker,45,6.5,0.8,2.6,3.37,2.99,8.71,1.05,3.3,2.21,0.14,0.26,0.65,1.09,0.83,9.39,https://media.api-sports.io/football/teams/529.png,https://media.api-sports.io/football/leagues/140.png,0.0,0.0
491087,Pedro Fernández Sarmiento,17.0,2008-01-12,,Spain,182,68,https://media.api-sports.io/football/players/491087.png,Barcelona,La Liga,Midfielder,90,6.6,0.92,3.41,3.3,7.68,9.02,2.16,2.18,1.06,8.11,9.23,9.07,9.88,4.88,6.37,https://media.api-sports.io/football/teams/529.png,https://media.api-sports.io/football/leagues/140.png,0.0,0.0
1825,Lucas Torró Marset,31.0,1994-07-19,Cocentaina,Spain,190,77,https://media.api-sports.io/football/players/1825.png,Osasuna,La Liga,Midfielder,1075,6.83,3.52,3.41,7.02,5.75,2.42,4.65,6.54,8.66,6.23,9.19,1.22,2.56,6.19,3.45,https://media.api-sports.io/football/teams/727.png,https://media.api-sports.io/football/leagues/140.png,0.0,0.08372093023255814
21701,Valentin André Henri Rosier,29.0,1996-08-19,Montauban,France,175,71,https://media.api-sports.io/football/players/21701.png,Osasuna,La Liga,Midfielder,635,6.63,3.57,3.41,8.01,5.09,3.55,4.23,5.18,8.63,2.49,3.4,4.25,5.97,3.68,4.84,https://media.api-sports.io/football/teams/727.png,https://media.api-sports.io/football/leagues/140.png,0.0,0.14173228346456693
46646,Sergio Herrera Pirón,32.0,1993-06-05,Miranda de Ebro,Spain,192,82,https://media.api-sports.io/football/players/46646.png,Osasuna,La Liga,Goalkeeper,1440,7.39,5.0,5.06,4.94,3.08,3.85,4.1,5.06,4.49,5.26,5.32,4.17,4.23,7.63,5.77,https://media.api-sports.io/football/teams/727.png,https://media.api-sports.io/football/leagues/140.png,0.0,0.0
46658,Rubén García Santos,32.0,1993-07-14,Valencia,Spain,171,72,https://media.api-sports.io/football/players/46658.png,Osasuna,La Liga,Attacker,726,6.85,2.65,5.48,9.46,8.74,8.2,9.42,3.3,7.99,4.52,6.09,3.61,3.64,6.02,7.28,https://media.api-sports.io/football/teams/727.png,https://media.api-sports.io/football/leagues/140.png,0.12396694214876033,0.49586776859504134
46662,Jon Moncayola Tollar,27.0,1998-05-13,Garinoain,Spain,189,86,https://media.api-sports.io/football/players/46662.png,Osasuna,La Liga,Midfielder,1396,6.96,2.71,3.41,7.73,7.21,6.63,4.67,5.84,5.4,1.2,1.96,2.13,3.59,2.35,7.21,https://media.api-sports.io/football/teams/727.png,https://media.api-sports.io/football/leagues/140.png,0.0,0.12893982808022922
46967,Juan Cruz Álvaro Armada,33.0,1992-07-28,Madrid,Spain,180,79,https://media.api-sports.io/football/players/46967.png,Osasuna,La Liga,Defender,584,6.54,3.37,3.94,3.99,1.68,5.02,1.32,6.08,2.21,0.34,0.65,4.95,5.77,1.85,7.69,https://media.api-sports.io/football/teams/727.png,https://media.api-sports.io/football/leagues/140.png,0.0,0.0
47533,Alejandro Catena Marugán,31.0,1994-10-28,Madrid,Spain,194,82,https://media.api-sports.io/football/players/47533.png,Osasuna,La Liga,Defender,1350,6.95,7.48,8.92,8.12,5.67,6.2,3.14,8.08,5.96,5.58,5.14,3.17,3.43,3.85,1.73,https://media.api-sports.io/football/teams/727.png,https://media.api-sports.io/football/leagues/140.png,0.13333333333333333,0.06666666666666667
47574,Moisés Gómez Bordonado,31.0,1994-06-23,Rojales,Spain,176,71,https://media.api-sports.io/football/players/47574.png,Osasuna,La Liga,Midfielder,814,6.94,3.72,3.41,3.3,9.46,4.67,2.1,2.18,4.79,2.13,4.23,4.57,4.33,8.34,4.56,https://media.api-sports.io/football/teams/727.png,https://media.api-sports.io/football/leagues/140.png,0.0,0.0
67939,Aimar Oroz Huarte,24.0,2001-11-27,Pamplona,Spain,177,72,https://media.api-sports.io/football/players/67939.png,Osasuna,La Liga,Attacker,690,6.94,1.97,2.6,7.31,9.05,9.12,7.82,7.43,7.41,5.27,6.97,7.69,8.16,7.28,7.59,https://media.api-sports.io/football/teams/727.png,https://media.api-sports.io/football/leagues/140.png,0.0,0.13043478260869565
181259,Abel Bretones Cruz,25.0,2000-08-21,Langreo,Spain,188,78,https://media.api-sports.io/football/players/181259.png,Osasuna,La Liga,Midfielder,1252,6.84,4.47,7.04,3.3,1.76,3.64,5.6,7.56,6.89,2.29,4.62,6.09,6.99,5.75,7.53,https://media.api-sports.io/football/teams/727.png,https://media.api-sports.io/football/leagues/140.png,0.0718849840255591,0.0
279822,Flavien Enzo Thiedort Boyomo,24.0,2001-10-07,Toulouse,Cameroon,180,70,https://media.api-sports.io/football/players/279822.png,Osasuna,La Liga,Defender,1417,6.91,2.84,7.91,3.99,4.74,4.62,8.2,6.68,2.12,4.3,4.86,3.94,4.62,1.97,3.46,https://media.api-sports.io/football/teams/727.png,https://media.api-sports.io/football/leagues/140.png,0.06351446718419196,0.0
338751,Víctor Muñoz Villanueva,22.0,2003-07-13,Barcelona,Spain,173,70,https://media.api-sports.io/football/players/338751.png,Osasuna,La Liga,Attacker,1138,6.71,6.92,5.71,6.77,3.54,3.78,3.95,3.3,4.86,5.82,5.24,9.39,9.05,6.22,6.5,https://media.api-sports.io/football/teams/727.png,https://media.api-sports.io/football/leagues/140.png,0.15817223198594024,0.07908611599297012
341640,Raúl Asencio del Rosario,22.0,2003-02-13,Las Palmas de Gran Canaria,Spain,184,79,https://media.api-sports.io/football/players/341640.png,Real Madrid,La Liga,Defender,680,6.78,8.73,3.94,3.99,8.29,5.77,2.68,8.49,3.12,2.04,2.19,2.72,1.68,7.57,6.63,https://media.api-sports.io/football/teams/541.png,https://media.api-sports.io/football/leagues/140.png,0.0,0.0
1708,Daniel Raba Antolín,30.0,1995-10-29,Santander,Spain,184,76,https://media.api-sports.io/football/players/1708.png,Valencia,La Liga,Attacker,275,6.5,4.29,2.6,8.98,8.23,3.61,8.91,3.3,9.49,3.47,2.62,7.18,5.95,1.84,3.3,https://media.api-sports.io/football/teams/532.png,https://media.api-sports.io/football/leagues/140.png,0.0,0.32727272727272727
46667,Enrique Barja Alfonso,28.0,1997-04-01,Pamplona,Spain,178,69,https://media.api-sports.io/football/players/46667.png,Osasuna,La Liga,Attacker,168,6.42,0.8,2.6,3.37,4.01,5.58,3.42,3.3,2.21,5.75,2.74,8.37,6.33,3.89,6.7,https://media.api-sports.io/football/teams/727.png,https://media.api-sports.io/football/leagues/140.png,0.0,0.0
46933,Luis Jesús Rioja González,32.0,1993-10-16,Las Cabezas de San Juan,Spain,175,68,https://media.api-sports.io/football/players/46933.png,Valencia,La Liga,Midfielder,1014,6.75,6.5,7.48,9.07,2.71,6.58,2.89,2.18,5.06,3.18,3.86,7.41,8.0,7.46,8.63,https://media.api-sports.io/football/teams/532.png,https://media.api-sports.io/football/leagues/140.png,0.08875739644970415,0.2662721893491124
47251,Dimitri Christophe Foulquier,32.0,1993-03-23,Sarcelles,Guadeloupe,183,72,https://media.api-sports.io/football/players/47251.png,Valencia,La Liga,Defender,734,6.47,5.96,3.94,3.99,5.22,4.42,2.86,1.25,4.28,1.25,1.42,6.88,7.16,3.61,6.92,https://media.api-sports.io/football/teams/532.png,https://media.api-sports.io/football/leagues/140.png,0.0,0.0
47264,Hugo Duro Perales,26.0,1999-11-10,Getafe,Spain,177,70,https://media.api-sports.io/football/players/47264.png,Valencia,La Liga,Attacker,901,6.76,5.1,8.71,3.37,3.47,4.22,4.42,8.84,5.02,3.1,3.67,2.45,2.21,5.65,8.4,https://media.api-sports.io/football/teams/532.png,https://media.api-sports.io/football/leagues/140.png,0.49944506104328523,0.0
47463,José Luis García Vayá,27.0,1998-08-11,Dénia,Spain,185,73,https://media.api-sports.io/football/players/47463.png,Valencia,La Liga,Midfielder,1059,6.96,4.13,3.41,3.3,9.22,6.36,8.17,5.57,6.65,2.93,5.13,1.81,2.93,3.06,3.72,https://media.api-sports.io/football/teams/532.png,https://media.api-sports.io/football/leagues/140.png,0.0,0.0
146751,Raúl García de Haro,25.0,2000-11-03,Olesa de Montserrat,Spain,192,70,https://media.api-sports.io/football/players/146751.png,Osasuna,La Liga,Attacker,587,6.67,8.37,7.04,3.37,3.78,4.08,7.01,7.65,8.4,6.6,7.99,5.82,6.36,5.03,8.03,https://media.api-sports.io/football/teams/727.png,https://media.api-sports.io/football/leagues/140.png,0.30664395229982966,0.0
162127,Diego López Noguerol,23.0,2002-05-13,Turón,Spain,172,62,https://media.api-sports.io/football/players/162127.png,Valencia,La Liga,Midfielder,1133,6.74,6.43,8.85,3.3,1.42,4.45,1.64,5.35,4.21,5.06,4.06,5.16,4.03,8.29,6.67,https://media.api-sports.io/football/teams/532.png,https://media.api-sports.io/football/leagues/140.png,0.23830538393645193,0.0
181582,José Manuel Arias Copete,26.0,1999-10-10,Écija,Spain,192,73,https://media.api-sports.io/football/players/181582.png,Valencia,La Liga,Defender,1067,6.66,7.31,3.94,3.99,6.97,4.59,3.7,7.99,6.35,2.91,4.01,5.24,6.68,4.98,5.17,https://media.api-sports.io/football/teams/532.png,https://media.api-sports.io/football/leagues/140.png,0.0,0.0
182592,Jorge Herrando Oroz,24.0,2001-02-28,Campanas,Spain,190,78,https://media.api-sports.io/football/players/182592.png,Osasuna,La Liga,Defender,492,6.55,3.58,3.94,3.99,1.54,1.39,8.63,7.93,5.79,5.5,6.31,3.0,4.45,5.31,1.97,https://media.api-sports.io/football/teams/727.png,https://media.api-sports.io/football/leagues/140.png,0.0,0.0
182621,Iker Muñoz Cameros,23.0,2002-11-05,Villafranca,Spain,180,69,https://media.api-sports.io/football/players/182621.png,Osasuna,La Liga,Midfielder,280,6.68,2.69,3.41,3.3,6.11,0.84,5.7,7.31,4.65,6.99,5.32,3.67,5.5,6.31,1.21,https://media.api-sports.io/football/teams/727.png,https://media.api-sports.io/football/leagues/140.png,0.0,0.0
315699,Javier Guerra Moreno,22.0,2003-05-13,Gilet,Spain,187,77,https://media.api-sports.io/football/players/315699.png,Valencia,La Liga,Midfielder,934,6.64,4.55,3.41,8.53,7.24,5.79,2.35,6.97,6.11,4.01,2.64,7.82,7.56,3.89,3.55,https://media.api-sports.io/football/teams/532.png,https://media.api-sports.io/football/leagues/140.png,0.0,0.19271948608137046
333672,César Tárrega Requeni,23.0,2002-02-26,Valencia,Spain,194,78,https://media.api-sports.io/football/players/333672.png,Valencia,La Liga,Defender,1350,6.75,3.79,3.94,3.99,7.33,3.22,4.5,8.29,5.58,3.03,3.17,4.04,5.36,2.66,3.19,https://media.api-sports.io/football/teams/532.png,https://media.api-sports.io/football/leagues/140.png,0.0,0.0
381197,Asier Osambela Larraya,21.0,2004-02-08,Pamplona,Spain,186,75,https://media.api-sports.io/football/players/381197.png,Osasuna,La Liga,Midfielder,221,6.54,3.5,3.41,3.3,6.63,5.01,2.79,8.0,9.1,6.77,6.26,1.76,1.11,0.76,0.49,https://media.api-sports.io/football/teams/727.png,https://media.api-sports.io/football/leagues/140.png,0.0,0.0
21153,Baptiste Santamaría,30.0,1995-03-09,Saint-Doulchard,France,183,81,https://media.api-sports.io/football/players/21153.png,Valencia,La Liga,Midfielder,677,6.82,4.23,7.97,7.8,8.14,3.37,3.33,6.67,4.84,4.03,5.21,5.5,5.65,5.33,2.89,https://media.api-sports.io/football/teams/532.png,https://media.api-sports.io/football/leagues/140.png,0.1329394387001477,0.1329394387001477
41157,Domingos André Ribeiro Almeida,25.0,2000-05-30,Guimarães,Portugal,176,62,https://media.api-sports.io/football/players/41157.png,Valencia,La Liga,Midfielder,566,6.99,2.67,3.41,8.19,7.95,6.41,7.38,2.18,8.02,5.97,7.95,8.39,8.09,9.19,6.65,https://media.api-sports.io/football/teams/532.png,https://media.api-sports.io/football/leagues/140.png,0.0,0.15901060070671377
47303,Aihen Muñoz Capellán,28.0,1997-08-16,San Sebastián,Spain,175,68,https://media.api-sports.io/football/players/47303.png,Real Sociedad,La Liga,Defender,473,6.64,7.69,3.94,3.99,2.07,5.55,9.28,1.25,3.68,7.55,5.96,7.67,4.59,4.23,6.73,https://media.api-sports.io/football/teams/548.png,https://media.api-sports.io/football/leagues/140.png,0.0,0.0
47314,Igor Zubeldia Elorza,28.0,1997-03-30,Azkoitia,Spain,181,73,https://media.api-sports.io/football/players/47314.png,Real Sociedad,La Liga,Defender,1170,6.66,3.34,3.94,8.44,6.92,5.61,3.85,5.58,4.98,5.26,2.7,3.82,3.65,2.21,2.57,https://media.api-sports.io/football/teams/548.png,https://media.api-sports.io/football/leagues/140.png,0.0,0.07692307692307693
162175,Jesús Vázquez Alcalde,22.0,2003-01-02,Mérida,Spain,182,76,https://media.api-sports.io/football/players/162175.png,Valencia,La Liga,Defender,460,6.71,8.65,3.94,3.99,2.31,7.76,8.22,4.54,1.54,9.28,8.68,9.62,9.78,6.68,1.25,https://media.api-sports.io/football/teams/532.png,https://media.api-sports.io/football/leagues/140.png,0.0,0.0
183744,Beñat Turrientes Imaz,23.0,2002-01-31,Beasain,Spain,181,70,https://media.api-sports.io/football/players/183744.png,Real Sociedad,La Liga,Midfielder,286,6.68,7.87,3.41,3.3,4.52,2.32,9.06,9.05,4.57,8.46,9.33,6.5,8.07,7.98,0.71,https://media.api-sports.io/football/teams/548.png,https://media.api-sports.io/football/leagues/140.png,0.0,0.0
290106,Pablo Marín Tejada,22.0,2003-07-03,Logroño,Spain,178,71,https://media.api-sports.io/football/players/290106.png,Real Sociedad,La Liga,Midfielder,585,6.51,4.89,3.41,3.3,2.4,3.02,2.84,5.26,2.74,5.01,4.18,8.51,8.39,4.45,3.61,https://media.api-sports.io/football/teams/548.png,https://media.api-sports.io/football/leagues/140.png,0.0,0.0
47298,Aritz Elustondo Irribaria,31.0,1994-03-28,Beasain,Spain,180,71,https://media.api-sports.io/football/players/47298.png,Real Sociedad,La Liga,Defender,253,6.37,8.44,3.94,3.99,5.6,1.39,7.21,4.21,5.6,8.29,3.39,4.16,1.68,0.84,0.24,https://media.api-sports.io/football/teams/548.png,https://media.api-sports.io/football/leagues/140.png,0.0,0.0
47317,Ander Barrenetxea Muguruza,24.0,2001-12-27,San Sebastián,Spain,175,74,https://media.api-sports.io/football/players/47317.png,Real Sociedad,La Liga,Midfielder,983,6.99,8.78,9.19,9.17,4.67,9.41,1.71,5.7,5.21,8.14,6.28,9.71,9.68,5.97,2.84,https://media.api-sports.io/football/teams/548.png,https://media.api-sports.io/football/leagues/140.png,0.2746693794506612,0.2746693794506612
70500,Sergi Cardona Bermúdez,26.0,1999-07-08,Lloret de Mar,Spain,185,77,https://media.api-sports.io/football/players/70500.png,Villarreal,La Liga,Defender,833,6.73,7.52,3.94,9.47,3.94,8.58,6.39,2.67,9.11,2.5,1.8,5.41,3.85,3.29,3.29,https://media.api-sports.io/football/teams/533.png,https://media.api-sports.io/football/leagues/140.png,0.0,0.2160864345738295
183699,Urko González de Zárate Quirós,24.0,2001-03-20,Vitoria-Gasteiz,Spain,189,83,https://media.api-sports.io/football/players/183699.png,Real Sociedad,La Liga,Midfielder,10,6.6,0.92,3.41,3.3,4.62,0.84,0.48,10.0,1.06,0.11,0.26,0.53,1.11,0.76,9.44,https://media.api-sports.io/football/teams/548.png,https://media.api-sports.io/football/leagues/140.png,0.0,0.0
183748,Jon Karrikaburu Jaimerena,23.0,2002-09-19,Elizondo,Spain,183,82,https://media.api-sports.io/football/players/183748.png,Real Sociedad,La Liga,Attacker,127,6.43,9.12,2.6,3.37,0.75,3.74,4.47,3.3,2.21,6.8,4.97,1.84,1.09,8.71,2.84,https://media.api-sports.io/football/teams/548.png,https://media.api-sports.io/football/leagues/140.png,0.0,0.0
237066,Rafael Marín Zamora,23.0,2002-05-19,Guadajoz,Spain,191,83,https://media.api-sports.io/football/players/237066.png,Villarreal,La Liga,Defender,980,7.22,4.62,8.63,3.99,8.39,3.61,5.55,7.52,4.51,1.92,2.98,1.19,1.68,1.95,6.95,https://media.api-sports.io/football/teams/533.png,https://media.api-sports.io/football/leagues/140.png,0.09183673469387756,0.0
278619,Luíz Lúcio Reis Júnior,24.0,2001-01-14,Picos,Brazil,194,88,https://media.api-sports.io/football/players/278619.png,Villarreal,La Liga,Goalkeeper,1080,7.14,5.0,5.06,4.94,0.38,3.85,4.1,5.06,4.49,4.49,4.23,4.17,4.23,4.87,0.64,https://media.api-sports.io/football/teams/533.png,https://media.api-sports.io/football/leagues/140.png,0.0,0.0
288384,Mikel Goti López,23.0,2002-05-23,Gorliz,Spain,185,75,https://media.api-sports.io/football/players/288384.png,Real Sociedad,La Liga,Midfielder,81,6.03,7.33,3.41,3.3,3.79,0.84,0.48,9.76,1.06,9.76,6.72,8.7,9.36,0.76,0.22,https://media.api-sports.io/football/teams/548.png,https://media.api-sports.io/football/leagues/140.png,0.0,0.0
311773,Álvaro Santiago Mouriño González,23.0,2002-02-13,Montevideo,Uruguay,186,76,https://media.api-sports.io/football/players/311773.png,Villarreal,La Liga,Defender,887,7.1,5.07,3.94,8.73,6.61,5.0,9.74,4.69,7.12,8.85,8.97,6.42,8.29,6.95,1.11,https://media.api-sports.io/football/teams/533.png,https://media.api-sports.io/football/leagues/140.png,0.0,0.10146561443066515
405073,Jon Martín Vicente,19.0,2006-04-23,San Sebastián,Spain,185,83,https://media.api-sports.io/football/players/405073.png,Real Sociedad,La Liga,Defender,720,6.73,6.01,3.94,3.99,7.57,3.11,2.3,8.85,8.49,5.96,7.66,4.28,5.19,2.92,4.39,https://media.api-sports.io/football/teams/548.png,https://media.api-sports.io/football/leagues/140.png,0.0,0.0
46657,Ignacio Vidal Miralles,30.0,1995-01-24,Campello,Spain,180,75,https://media.api-sports.io/football/players/46657.png,Oviedo,La Liga,Defender,981,6.68,5.94,3.94,3.99,3.34,3.58,5.14,3.7,6.95,3.53,4.47,7.79,7.55,8.25,6.35,https://media.api-sports.io/football/teams/718.png,https://media.api-sports.io/football/leagues/140.png,0.0,0.0
46673,Aarón Escandell Banacloche,30.0,1995-09-27,Carcaixent,Spain,185,71,https://media.api-sports.io/football/players/46673.png,Oviedo,La Liga,Goalkeeper,1443,7.66,5.0,5.06,4.94,6.28,3.85,4.1,5.06,4.49,3.08,3.72,8.46,8.59,5.51,5.77,https://media.api-sports.io/football/teams/718.png,https://media.api-sports.io/football/leagues/140.png,0.0,0.0
47541,Santiago Comesaña Veiga,29.0,1996-10-05,Vigo,Spain,188,75,https://media.api-sports.io/football/players/47541.png,Villarreal,La Liga,Midfielder,976,7,8.0,8.48,8.44,8.12,6.38,6.97,9.39,5.94,6.82,7.65,2.62,4.45,6.67,3.25,https://media.api-sports.io/football/teams/533.png,https://media.api-sports.io/football/leagues/140.png,0.18442622950819673,0.18442622950819673
107140,Oier Luengo Redondo,28.0,1997-11-11,Amorebieta-Etxano,Spain,183,82,https://media.api-sports.io/football/players/107140.png,Oviedo,La Liga,Defender,135,6.65,1.41,3.94,3.99,2.14,1.39,9.33,6.43,3.19,0.72,3.57,1.19,1.68,4.83,7.45,https://media.api-sports.io/football/teams/718.png,https://media.api-sports.io/football/leagues/140.png,0.0,0.0
162122,Adrià Altimira Reynaldos,24.0,2001-03-28,Cardedeu,Spain,170,62,https://media.api-sports.io/football/players/162122.png,Villarreal,La Liga,Defender,8,7,1.41,3.94,3.99,9.9,1.39,10.0,1.25,0.75,8.23,9.93,1.19,1.68,0.84,9.48,https://media.api-sports.io/football/teams/533.png,https://media.api-sports.io/football/leagues/140.png,0.0,0.0
182519,Alberto Moleiro González,22.0,2003-09-30,Santa Cruz de Tenerife,Spain,172,67,https://media.api-sports.io/football/players/182519.png,Villarreal,La Liga,Midfielder,912,7.01,9.51,9.78,8.63,1.83,7.6,1.81,7.09,2.69,4.06,3.3,8.36,8.9,5.94,5.26,https://media.api-sports.io/football/teams/533.png,https://media.api-sports.io/football/leagues/140.png,0.5921052631578947,0.19736842105263158
378284,Karl Edouard Blaise Etta Eyong,22.0,2003-10-14,Douala,Cameroon,181,75,https://media.api-sports.io/football/players/378284.png,Villarreal,La Liga,Attacker,257,6.83,7.69,7.45,9.83,0.44,5.51,7.18,3.3,2.21,0.85,1.94,2.62,1.09,5.14,6.73,https://media.api-sports.io/football/teams/533.png,https://media.api-sports.io/football/leagues/140.png,0.35019455252918286,0.7003891050583657
435552,Pau Navarro Badenes,20.0,2005-04-25,La Vilavella,Spain,185,72,https://media.api-sports.io/football/players/435552.png,Villarreal,La Liga,Defender,418,6.84,4.04,3.94,3.99,8.53,4.04,9.83,7.74,3.05,9.54,9.5,4.69,6.71,6.01,0.62,https://media.api-sports.io/football/teams/533.png,https://media.api-sports.io/football/leagues/140.png,0.0,0.0
3608,Kwasi Sibo,27.0,1998-06-24,Wa,Ghana,182,72,https://media.api-sports.io/football/players/3608.png,Oviedo,La Liga,Midfielder,326,6.6,4.35,3.41,3.3,4.96,2.1,7.53,2.18,5.92,3.42,2.14,3.13,4.96,0.76,5.75,https://media.api-sports.io/football/teams/718.png,https://media.api-sports.io/football/leagues/140.png,0.0,0.0
19613,Oviemuno Dominic Ejaria,28.0,1997-11-18,London,England,183,75,https://media.api-sports.io/football/players/19613.png,Oviedo,La Liga,Midfielder,177,6.66,6.94,3.41,3.3,7.87,3.18,6.31,2.18,6.99,9.36,9.29,6.89,7.33,9.17,3.77,https://media.api-sports.io/football/teams/718.png,https://media.api-sports.io/football/leagues/140.png,0.0,0.0
20844,Haissem Hassan,23.0,2002-02-08,Bagnolet,France,178,71,https://media.api-sports.io/football/players/20844.png,Oviedo,La Liga,Midfielder,890,6.81,7.68,3.41,7.38,1.22,4.96,3.69,2.18,2.27,5.35,5.97,9.61,9.76,2.62,8.51,https://media.api-sports.io/football/teams/718.png,https://media.api-sports.io/football/leagues/140.png,0.0,0.10112359550561799
38699,Luka Ilić,26.0,1999-07-02,Niš,Serbia,182,73,https://media.api-sports.io/football/players/38699.png,Oviedo,La Liga,Midfielder,539,6.48,5.21,8.34,3.3,1.98,1.81,3.37,8.44,5.97,5.33,1.42,5.09,2.52,4.91,1.54,https://media.api-sports.io/football/teams/718.png,https://media.api-sports.io/football/leagues/140.png,0.16697588126159554,0.0
46862,Borja Sánchez Laborde,29.0,1996-02-26,Oviedo,Spain,185,80,https://media.api-sports.io/football/players/46862.png,Oviedo,La Liga,Midfielder,13,6.7,0.92,3.41,3.3,9.88,0.84,0.48,2.18,1.06,0.11,0.26,0.53,1.11,0.76,9.44,https://media.api-sports.io/football/teams/718.png,https://media.api-sports.io/football/leagues/140.png,0.0,0.0
46966,Daniel Pedro Calvo San Román,31.0,1994-04-01,Huesca,Spain,190,82,https://media.api-sports.io/football/players/46966.png,Oviedo,La Liga,Defender,707,6.97,1.41,3.94,3.99,5.41,1.39,3.94,5.34,2.5,2.12,4.16,2.69,1.68,2.96,6.71,https://media.api-sports.io/football/teams/718.png,https://media.api-sports.io/football/leagues/140.png,0.0,0.0
182486,Alberto Reina Campos,28.0,1997-09-09,Chiclana de la Frontera,Spain,179,71,https://media.api-sports.io/football/players/182486.png,Oviedo,La Liga,Midfielder,715,6.49,4.96,7.92,3.3,6.33,4.55,6.23,2.18,5.28,4.08,5.99,4.23,6.26,8.44,4.3,https://media.api-sports.io/football/teams/718.png,https://media.api-sports.io/football/leagues/140.png,0.1258741258741259,0.0
266202,Ilyas Chaira,24.0,2001-02-02,Ripoll,Morocco,179,,https://media.api-sports.io/football/players/266202.png,Oviedo,La Liga,Midfielder,794,6.5,8.22,3.41,3.3,1.91,2.47,2.54,7.43,3.01,7.43,2.89,9.12,8.04,5.62,2.25,https://media.api-sports.io/football/teams/718.png,https://media.api-sports.io/football/leagues/140.png,0.0,0.0
385405,Omar Falah Ruiz,22.0,2003-09-09,Gijón,Spain,,,https://media.api-sports.io/football/players/385405.png,Oviedo,La Liga,Defender,13,6.6,1.41,3.94,3.99,6.49,1.39,0.48,1.25,0.75,2.93,0.25,9.95,1.68,0.84,9.48,https://media.api-sports.io/football/teams/718.png,https://media.api-sports.io/football/leagues/140.png,0.0,0.0
402580,Marco Esteban Fernández,19.0,2006-03-01,Oviedo,Spain,183,75,https://media.api-sports.io/football/players/402580.png,Oviedo,La Liga,Defender,45,6.3,1.41,3.94,3.99,0.91,1.39,0.48,1.25,0.75,0.11,0.25,1.19,1.68,0.84,9.48,https://media.api-sports.io/football/teams/718.png,https://media.api-sports.io/football/leagues/140.png,0.0,0.0
30927,Santiago Colombatto,28.0,1997-01-17,Ucacha,Argentina,180,71,https://media.api-sports.io/football/players/30927.png,Oviedo,La Liga,Midfielder,896,6.78,4.79,3.41,7.36,7.51,5.38,4.36,7.16,3.28,3.33,4.57,1.15,2.67,8.83,1.71,https://media.api-sports.io/football/teams/718.png,https://media.api-sports.io/football/leagues/140.png,0.0,0.10044642857142856
46973,José Antonio Ferrández Pomares,36.0,1989-12-03,Crevillente,Spain,175,68,https://media.api-sports.io/football/players/46973.png,Elche,La Liga,Midfielder,306,6.79,4.67,3.41,9.29,5.21,9.73,2.62,2.18,2.67,0.34,0.71,4.45,3.28,3.03,6.96,https://media.api-sports.io/football/teams/797.png,https://media.api-sports.io/football/leagues/140.png,0.0,0.29411764705882354
47429,David Costas Cordal,30.0,1995-03-26,Redondela,Spain,184,71,https://media.api-sports.io/football/players/47429.png,Oviedo,La Liga,Defender,904,6.9,1.41,3.94,3.99,5.38,3.77,4.33,7.86,4.88,1.73,3.25,6.35,7.84,2.03,7.76,https://media.api-sports.io/football/teams/718.png,https://media.api-sports.io/football/leagues/140.png,0.0,0.0
182617,Beñat Prados Díaz,24.0,2001-02-08,Pamplona,Spain,180,72,https://media.api-sports.io/football/players/182617.png,Athletic Club,La Liga,Midfielder,85,6.5,7.1,3.41,3.3,8.39,9.18,8.8,2.18,9.58,8.73,7.92,7.21,7.53,0.76,0.29,https://media.api-sports.io/football/teams/531.png,https://media.api-sports.io/football/leagues/140.png,0.0,0.0
286796,Damián Rodríguez Sousa,22.0,2003-03-17,Ponteareas,Spain,180,75,https://media.api-sports.io/football/players/286796.png,Celta Vigo,La Liga,Midfielder,151,6.4,9.05,3.41,3.3,9.61,6.81,0.48,2.18,4.43,0.24,0.26,2.42,1.11,0.76,2.69,https://media.api-sports.io/football/teams/538.png,https://media.api-sports.io/football/leagues/140.png,0.0,0.0
287654,Jon Gorrotxategi Etxaniz,23.0,2002-09-02,Eibar,Spain,177,,https://media.api-sports.io/football/players/287654.png,Real Sociedad,La Liga,Midfielder,1226,6.77,3.25,7.11,6.7,8.22,3.69,6.58,7.65,9.36,4.45,4.69,1.59,2.44,4.62,4.28,https://media.api-sports.io/football/teams/548.png,https://media.api-sports.io/football/leagues/140.png,0.0734094616639478,0.0734094616639478
332308,Unai Gómez Etxebarria,22.0,2003-05-25,Bermeo,Spain,183,75,https://media.api-sports.io/football/players/332308.png,Athletic Club,La Liga,Midfielder,312,6.49,4.51,3.41,3.3,1.0,5.18,4.77,2.18,1.06,4.83,3.63,5.45,3.19,4.23,8.24,https://media.api-sports.io/football/teams/531.png,https://media.api-sports.io/football/leagues/140.png,0.0,0.0
359603,Luca Warrick Daeovie Koleosho,21.0,2004-09-15,Norwalk,Italy,175,68,https://media.api-sports.io/football/players/359603.png,Espanyol,La Liga,Attacker,60,6.6,0.8,2.6,3.37,8.88,7.4,7.35,3.3,9.66,8.88,8.21,9.97,9.88,0.83,0.51,https://media.api-sports.io/football/teams/540.png,https://media.api-sports.io/football/leagues/140.png,0.0,0.0
47341,Marc Roca Junqué,29.0,1996-11-26,Vilafranca del Penedès,Spain,184,77,https://media.api-sports.io/football/players/47341.png,Real Betis,La Liga,Midfielder,570,6.59,0.92,3.41,3.3,7.58,4.78,6.38,8.26,7.31,2.71,2.18,1.99,3.51,3.96,1.69,https://media.api-sports.io/football/teams/543.png,https://media.api-sports.io/football/leagues/140.png,0.0,0.0
47472,Borja Mayoral Moya,28.0,1997-04-05,Parla,Spain,182,68,https://media.api-sports.io/football/players/47472.png,Getafe,La Liga,Attacker,953,6.78,2.38,7.65,6.9,5.07,2.69,3.13,8.03,6.39,1.26,1.53,1.67,2.86,2.65,8.47,https://media.api-sports.io/football/teams/546.png,https://media.api-sports.io/football/leagues/140.png,0.3777544596012592,0.0944386149003148
47547,Alexandre Moreno Lopera,32.0,1993-06-08,Sant Sadurní d'Anoia,Spain,179,68,https://media.api-sports.io/football/players/47547.png,Girona,La Liga,Defender,1305,6.53,5.64,3.94,8.22,2.24,6.32,2.84,5.19,5.36,3.56,2.21,9.13,9.01,2.79,5.05,https://media.api-sports.io/football/teams/547.png,https://media.api-sports.io/football/leagues/140.png,0.0,0.06896551724137931
162473,Arnau Tenas Ureña,24.0,2001-05-30,Vic,Spain,185,85,https://media.api-sports.io/football/players/162473.png,Villarreal,La Liga,Goalkeeper,270,6.33,5.0,5.06,4.94,2.82,3.85,9.74,5.06,4.49,2.63,3.14,4.17,4.23,2.24,5.77,https://media.api-sports.io/football/teams/533.png,https://media.api-sports.io/football/leagues/140.png,0.0,0.0
297304,Dawda Camara Sankharé,23.0,2002-11-04,Banyoles,Mauritania,178,74,https://media.api-sports.io/football/players/297304.png,Girona,La Liga,Attacker,71,6.5,4.13,2.6,3.37,0.99,9.49,6.6,3.3,9.46,2.76,1.16,0.65,1.09,0.83,1.84,https://media.api-sports.io/football/teams/547.png,https://media.api-sports.io/football/leagues/140.png,0.0,0.0
300885,Nelson Alexander Deossa Suárez,25.0,2000-02-06,Marmato,Colombia,185,71,https://media.api-sports.io/football/players/300885.png,Real Betis,La Liga,Midfielder,212,6.73,7.92,3.41,3.3,5.67,5.11,3.06,2.18,1.06,9.54,9.49,9.32,9.85,9.46,0.42,https://media.api-sports.io/football/teams/543.png,https://media.api-sports.io/football/leagues/140.png,0.0,0.0
41970,David Mota Veiga Teixeira Carmo,26.0,1999-07-19,Aveiro,Portugal,196,84,https://media.api-sports.io/football/players/41970.png,Oviedo,La Liga,Defender,966,6.98,6.97,8.68,3.99,8.17,4.81,3.62,8.81,5.29,5.72,7.21,3.03,4.52,2.4,3.25,https://media.api-sports.io/football/teams/718.png,https://media.api-sports.io/football/leagues/140.png,0.09316770186335405,0.0
119213,Alfonso González Martínez,26.0,1999-05-04,Albacete,Spain,172,60,https://media.api-sports.io/football/players/119213.png,Sevilla,La Liga,Midfielder,310,6.58,8.9,9.29,3.3,0.66,7.81,1.0,2.18,2.62,7.09,3.06,9.25,7.8,7.63,7.04,https://media.api-sports.io/football/teams/536.png,https://media.api-sports.io/football/leagues/140.png,0.2903225806451613,0.0
138776,Largie Ramazani,24.0,2001-02-27,,Belgium,167,55,https://media.api-sports.io/football/players/138776.png,Valencia,La Liga,Attacker,133,6.77,9.73,2.6,9.8,7.76,6.77,6.84,3.3,2.21,9.52,9.4,9.93,9.83,8.47,1.02,https://media.api-sports.io/football/teams/532.png,https://media.api-sports.io/football/leagues/140.png,0.0,0.6766917293233082
181701,Gerard Martín Langreo,23.0,2002-02-26,Esplugues de Llobregat,Spain,186,82,https://media.api-sports.io/football/players/181701.png,Barcelona,La Liga,Defender,832,7.03,3.03,3.94,3.99,9.71,8.0,8.33,2.69,7.63,4.25,7.48,6.25,6.73,5.46,8.44,https://media.api-sports.io/football/teams/529.png,https://media.api-sports.io/football/leagues/140.png,0.0,0.0
182603,Jon Ander Olasagasti Imizcoz,25.0,2000-08-16,San Sebastián,Spain,176,74,https://media.api-sports.io/football/players/182603.png,Levante,La Liga,Midfielder,461,6.72,2.15,3.41,8.58,6.87,4.74,7.27,7.92,6.77,6.75,7.6,2.98,4.01,7.14,2.79,https://media.api-sports.io/football/teams/539.png,https://media.api-sports.io/football/leagues/140.png,0.0,0.19522776572668113
282054,Clemens Riedel,22.0,2003-07-19,Wölfersheim,Germany,186,83,https://media.api-sports.io/football/players/282054.png,Espanyol,La Liga,Defender,509,7.16,5.75,3.94,9.33,6.9,3.51,7.12,5.54,3.35,4.47,5.99,1.19,1.68,2.81,8.12,https://media.api-sports.io/football/teams/540.png,https://media.api-sports.io/football/leagues/140.png,0.0,0.1768172888015717
288800,Iker Benito Sánchez,23.0,2002-08-10,Miranda de Ebro,Spain,176,71,https://media.api-sports.io/football/players/288800.png,Osasuna,La Liga,Attacker,163,6.96,3.3,8.98,3.37,9.39,5.78,3.64,9.56,9.15,2.11,2.14,4.08,3.98,6.16,4.15,https://media.api-sports.io/football/teams/727.png,https://media.api-sports.io/football/leagues/140.png,0.5521472392638037,0.0
341453,Joaquín Martínez Gauna,22.0,2003-07-09,Torrevieja,Spain,183,,https://media.api-sports.io/football/players/341453.png,Sevilla,La Liga,Defender,178,7.1,7.28,3.94,9.9,2.36,9.86,2.44,1.25,0.75,1.2,1.51,6.97,7.32,3.75,9.48,https://media.api-sports.io/football/teams/536.png,https://media.api-sports.io/football/leagues/140.png,0.0,0.5056179775280899
491248,Jan Virgili Tenas,19.0,2006-07-26,Vilassar de Mar,Spain,,,https://media.api-sports.io/football/players/491248.png,Mallorca,La Liga,Attacker,699,6.65,3.67,2.6,9.52,6.05,9.29,4.12,7.38,4.52,6.46,6.8,9.73,9.56,5.27,7.93,https://media.api-sports.io/football/teams/798.png,https://media.api-sports.io/football/leagues/140.png,0.0,0.5150214592274678
155,Abel Ruiz Ortega,25.0,2000-01-28,Almussafes,Spain,182,73,https://media.api-sports.io/football/players/155.png,Girona,La Liga,Attacker,39,6.47,0.8,2.6,3.37,5.61,1.12,8.96,3.3,9.93,6.22,4.63,0.65,1.09,0.83,0.44,https://media.api-sports.io/football/teams/547.png,https://media.api-sports.io/football/leagues/140.png,0.0,0.0
1482,Thierry Rendall Correia,26.0,1999-03-09,Amadora,Portugal,176,69,https://media.api-sports.io/football/players/1482.png,Valencia,La Liga,Defender,789,6.47,3.12,3.94,3.99,4.09,6.15,6.32,1.25,6.78,7.67,7.16,7.02,7.69,8.94,1.32,https://media.api-sports.io/football/teams/532.png,https://media.api-sports.io/football/leagues/140.png,0.0,0.0
6010,Lucas Beltrán,24.0,2001-03-29,Córdoba,Argentina,174,75,https://media.api-sports.io/football/players/6010.png,Valencia,La Liga,Midfielder,469,6.55,9.27,8.58,3.3,1.56,4.62,2.59,2.18,3.18,9.05,7.73,7.6,8.29,8.61,2.91,https://media.api-sports.io/football/teams/532.png,https://media.api-sports.io/football/leagues/140.png,0.19189765458422176,0.0
18794,Francisco Femenía Far,34.0,1991-02-02,Alicante,Spain,176,61,https://media.api-sports.io/football/players/18794.png,Getafe,La Liga,Defender,812,6.73,5.5,3.94,8.82,1.2,7.19,6.15,2.74,9.28,4.11,3.94,6.03,5.0,6.78,5.89,https://media.api-sports.io/football/teams/546.png,https://media.api-sports.io/football/leagues/140.png,0.0,0.11083743842364532
26302,Pablo Carmine Maffeo Becerra,28.0,1997-07-12,Sant Joan Despí,Spain,172,70,https://media.api-sports.io/football/players/26302.png,Mallorca,La Liga,Defender,1022,6.89,3.49,8.53,3.99,1.51,5.41,8.03,8.17,6.63,7.26,8.22,8.94,9.3,5.67,5.96,https://media.api-sports.io/football/teams/798.png,https://media.api-sports.io/football/leagues/140.png,0.08806262230919765,0.0
433396,Marc Bernal Casas,18.0,2007-05-26,Berga,Spain,193,87,https://media.api-sports.io/football/players/433396.png,Barcelona,La Liga,Midfielder,99,6.73,0.92,3.41,9.93,9.73,5.42,7.97,2.18,1.06,9.18,8.73,3.47,6.86,4.4,1.06,https://media.api-sports.io/football/teams/529.png,https://media.api-sports.io/football/leagues/140.png,0.0,0.9090909090909092
737,Álvaro Odriozola Arzallus,30.0,1995-12-14,San Sebastián,Spain,176,66,https://media.api-sports.io/football/players/737.png,Real Sociedad,La Liga,Defender,57,8,9.78,10.0,3.99,0.22,1.39,9.81,9.98,0.75,6.55,9.47,1.19,1.68,8.73,9.48,https://media.api-sports.io/football/teams/548.png,https://media.api-sports.io/football/leagues/140.png,1.5789473684210527,0.0
20817,Goduine Koyalipou,25.0,2000-02-15,Bangui,France,184,82,https://media.api-sports.io/football/players/20817.png,Levante,La Liga,Attacker,239,6.56,6.87,7.62,3.37,4.25,2.65,7.41,3.3,6.36,8.5,8.47,9.32,9.59,1.9,7.69,https://media.api-sports.io/football/teams/539.png,https://media.api-sports.io/football/leagues/140.png,0.37656903765690375,0.0
46813,Abdelkabir Abqar,26.0,1999-03-10,Settat,Morocco,188,80,https://media.api-sports.io/football/players/46813.png,Getafe,La Liga,Defender,691,6.88,8.12,3.94,9.09,1.92,5.67,8.94,5.48,6.3,7.57,9.16,6.32,5.29,9.62,4.06,https://media.api-sports.io/football/teams/546.png,https://media.api-sports.io/football/leagues/140.png,0.0,0.13024602026049203
91745,Alexandre Zurawski,27.0,1998-04-01,Anchieta,Brazil,182,88,https://media.api-sports.io/football/players/91745.png,Rayo Vallecano,La Liga,Attacker,562,6.47,4.76,5.75,3.37,1.5,3.06,4.08,9.01,2.21,3.13,4.15,1.36,2.62,7.24,4.49,https://media.api-sports.io/football/teams/728.png,https://media.api-sports.io/football/leagues/140.png,0.16014234875444838,0.0
131548,Lucas Ahijado Quintana,30.0,1995-01-30,Oviedo,Spain,173,67,https://media.api-sports.io/football/players/131548.png,Oviedo,La Liga,Defender,414,6.78,8.16,3.94,9.5,2.72,7.16,9.76,3.32,7.04,7.4,8.89,9.4,9.11,3.33,7.58,https://media.api-sports.io/football/teams/718.png,https://media.api-sports.io/football/leagues/140.png,0.0,0.21739130434782608
133110,Tanguy-Austin Nianzou Kouassi,23.0,2002-06-07,Paris,France,187,83,https://media.api-sports.io/football/players/133110.png,Sevilla,La Liga,Defender,295,6.66,9.09,3.94,3.99,6.63,1.39,9.11,3.92,0.75,8.65,9.35,3.77,1.68,7.74,0.38,https://media.api-sports.io/football/teams/536.png,https://media.api-sports.io/football/leagues/140.png,0.0,0.0
182636,Javier López Carballo,23.0,2002-03-25,La Orotava,Spain,184,80,https://media.api-sports.io/football/players/182636.png,Oviedo,La Liga,Defender,385,6.5,1.41,3.94,3.99,2.62,9.28,6.03,1.25,3.32,7.74,5.34,8.7,7.04,9.22,0.82,https://media.api-sports.io/football/teams/718.png,https://media.api-sports.io/football/leagues/140.png,0.0,0.0
284441,Abu Kamara,22.0,2003-07-21,,England,186,81,https://media.api-sports.io/football/players/284441.png,Getafe,La Liga,Attacker,198,6.48,2.72,2.6,3.37,7.24,4.73,8.1,9.32,8.74,5.65,5.02,7.07,5.51,3.23,7.18,https://media.api-sports.io/football/teams/546.png,https://media.api-sports.io/football/leagues/140.png,0.0,0.0
21087,Batista Adélino Mendy,25.0,2000-01-12,Saint-Nazaire,France,191,82,https://media.api-sports.io/football/players/21087.png,Sevilla,La Liga,Midfielder,886,6.77,3.47,7.75,3.3,4.23,2.67,6.6,7.19,5.7,5.82,6.06,2.79,4.79,7.31,1.42,https://media.api-sports.io/football/teams/536.png,https://media.api-sports.io/football/leagues/140.png,0.10158013544018057,0.0
41208,Fábio Rafael Rodrigues Cardoso,31.0,1994-04-19,Águeda,Portugal,187,82,https://media.api-sports.io/football/players/41208.png,Sevilla,La Liga,Defender,222,6.77,1.41,3.94,3.99,2.09,1.39,6.75,4.66,6.54,6.88,3.77,1.19,1.68,0.84,0.26,https://media.api-sports.io/football/teams/536.png,https://media.api-sports.io/football/leagues/140.png,0.0,0.0
46860,Javier Muñoz Jiménez,30.0,1995-02-28,Parla,Spain,175,69,https://media.api-sports.io/football/players/46860.png,Getafe,La Liga,Midfielder,184,6.52,9.73,3.41,3.3,2.1,3.08,1.99,2.18,3.77,0.68,0.66,2.05,1.11,2.49,6.5,https://media.api-sports.io/football/teams/546.png,https://media.api-sports.io/football/leagues/140.png,0.0,0.0
47407,Allan Roméo Nyom,37.0,1988-05-10,Neulli-sur-Seine,Cameroon,188,78,https://media.api-sports.io/football/players/47407.png,Getafe,La Liga,Defender,125,6.48,9.69,3.94,3.99,1.95,9.81,4.01,1.25,3.39,9.5,9.69,8.05,8.32,8.39,0.55,https://media.api-sports.io/football/teams/546.png,https://media.api-sports.io/football/leagues/140.png,0.0,0.0
358431,Nobel Mendy,21.0,2004-08-16,Guédiawaye,France,187,78,https://media.api-sports.io/football/players/358431.png,Rayo Vallecano,La Liga,Defender,578,6.94,8.0,9.04,3.99,6.83,3.41,2.07,9.09,7.6,2.48,1.56,5.0,5.82,5.58,1.83,https://media.api-sports.io/football/teams/728.png,https://media.api-sports.io/football/leagues/140.png,0.15570934256055363,0.0
386859,Héctor Fort García,19.0,2006-08-02,Barcelona,Spain,185,78,https://media.api-sports.io/football/players/386859.png,Elche,La Liga,Defender,316,6.58,9.42,3.94,9.93,2.19,8.75,6.47,3.77,7.69,8.58,6.35,9.78,9.57,0.84,4.25,https://media.api-sports.io/football/teams/797.png,https://media.api-sports.io/football/leagues/140.png,0.0,0.569620253164557
439293,Adam Boayar Benaisa,20.0,2005-10-13,Melilla,Morocco,178,74,https://media.api-sports.io/football/players/439293.png,Elche,La Liga,Attacker,13,6.6,0.8,2.6,3.37,9.93,1.12,9.86,3.3,2.21,9.76,9.83,9.59,9.97,0.83,9.39,https://media.api-sports.io/football/teams/797.png,https://media.api-sports.io/football/leagues/140.png,0.0,0.0
47320,Juan Miguel Jiménez López,32.0,1993-05-20,Coín,Spain,172,69,https://media.api-sports.io/football/players/47320.png,Getafe,La Liga,Attacker,61,6.45,0.8,2.6,3.37,3.64,1.12,1.05,3.3,2.21,1.7,0.65,0.65,1.09,0.83,5.02,https://media.api-sports.io/football/teams/546.png,https://media.api-sports.io/football/leagues/140.png,0.0,0.0
197196,Ramón Martínez Gil,23.0,2002-10-22,Mula,Spain,185,71,https://media.api-sports.io/football/players/197196.png,Sevilla,La Liga,Defender,100,6.3,1.41,3.94,3.99,8.22,1.39,0.48,1.25,4.45,1.15,0.75,1.19,1.68,6.2,5.83,https://media.api-sports.io/football/teams/536.png,https://media.api-sports.io/football/leagues/140.png,0.0,0.0
284415,Yago de Santiago Alonso,22.0,2003-04-15,Vigo,Spain,180,73,https://media.api-sports.io/football/players/284415.png,Elche,La Liga,Attacker,104,6.33,0.8,2.6,3.37,9.86,8.1,1.05,3.3,2.21,4.1,4.18,9.46,9.12,0.83,7.31,https://media.api-sports.io/football/teams/797.png,https://media.api-sports.io/football/leagues/140.png,0.0,0.0
316517,Alan Agustín Matturro Romero,21.0,2004-10-11,Montevideo,Uruguay,189,74,https://media.api-sports.io/football/players/316517.png,Levante,La Liga,Defender,168,6.55,1.41,3.94,3.99,8.46,1.39,7.26,8.58,2.6,4.63,1.72,7.14,1.68,7.22,4.68,https://media.api-sports.io/football/teams/539.png,https://media.api-sports.io/football/leagues/140.png,0.0,0.0
421044,Íñigo Arguibide Goñi,20.0,2005-04-19,,Spain,178 cm,70 kg,https://media.api-sports.io/football/players/421044.png,Osasuna,La Liga,Defender,154,6.37,1.41,3.94,3.99,0.41,6.81,5.58,5.89,6.27,1.49,0.72,7.32,1.68,0.84,4.1,https://media.api-sports.io/football/teams/727.png,https://media.api-sports.io/football/leagues/140.png,0.0,0.0
47389,Joan Jordán Moreno,31.0,1994-07-06,Gerona,Spain,184,74,https://media.api-sports.io/football/players/47389.png,Sevilla,La Liga,Midfielder,16,6.2,0.92,3.41,3.3,10.0,0.84,0.48,2.18,1.06,9.28,0.26,0.53,1.11,0.76,0.27,https://media.api-sports.io/football/teams/536.png,https://media.api-sports.io/football/leagues/140.png,0.0,0.0
386187,Hugo Solozábal Granados,22.0,2003-02-07,Madrid,Spain,178 cm,74 kg,https://media.api-sports.io/football/players/386187.png,Getafe,La Liga,Midfielder,10,6.3,0.92,3.41,3.3,7.29,0.84,0.48,2.18,1.06,9.45,0.26,0.53,1.11,0.76,9.44,https://media.api-sports.io/football/teams/546.png,https://media.api-sports.io/football/leagues/140.png,0.0,0.0
403561,Gorka Carrera Zarranz,20.0,2005-05-15,,Spain,,,https://media.api-sports.io/football/players/403561.png,Real Sociedad,La Liga,Attacker,13,6.3,0.8,2.6,3.37,1.36,1.12,1.05,3.3,2.21,9.39,7.69,0.65,1.09,9.93,9.39,https://media.api-sports.io/football/teams/548.png,https://media.api-sports.io/football/leagues/140.png,0.0,0.0
490779,Víctor Valdepeñas Talavera,19.0,2006-10-20,Madrid,Spain,188,75,https://media.api-sports.io/football/players/490779.png,Real Madrid,La Liga,Defender,78,6.9,1.41,3.94,3.99,4.21,8.82,9.88,1.25,0.75,9.38,9.54,7.28,9.13,7.5,0.29,https://media.api-sports.io/football/teams/541.png,https://media.api-sports.io/football/leagues/140.png,0.0,0.0
